[
    {
        "box": [
            112,
            209,
            123,
            217
        ],
        "text": "",
        "label": "other",
        "words": [
            {
                "box": [
                    112,
                    209,
                    123,
                    217
                ],
                "text": ""
            }
        ],
        "linking": [],
        "id": 0,
        "neighbours": [
            "",
            "SUBJECT:",
            "SAMPLE:",
            "CIGARETTES",
            "REFERENCE",
            "ATTRIBUTES",
            "STRENGTH",
            "HARSHNESS",
            "AFTERTASTE",
            "TOP- LINES NON- MENTHOL PRODUCT TEST",
            "(#627/ 647",
            "(#647/ 627)"
        ]
    },
    {
        "box": [
            123,
            209,
            140,
            217
        ],
        "text": "",
        "label": "other",
        "words": [
            {
                "box": [
                    123,
                    209,
                    140,
                    217
                ],
                "text": ""
            }
        ],
        "linking": [],
        "id": 1,
        "neighbours": [
            "",
            "SUBJECT:",
            "SAMPLE:",
            "CIGARETTES",
            "REFERENCE",
            "ATTRIBUTES",
            "STRENGTH",
            "HARSHNESS",
            "AFTERTASTE",
            "TOP- LINES NON- MENTHOL PRODUCT TEST",
            "(#627/ 647",
            "(#647/ 627)"
        ]
    },
    {
        "box": [
            108,
            283,
            156,
            292
        ],
        "text": "SUBJECT:",
        "label": "question",
        "words": [
            {
                "box": [
                    108,
                    283,
                    156,
                    292
                ],
                "text": "SUBJECT:"
            }
        ],
        "linking": [
            [
                2,
                33
            ]
        ],
        "id": 2,
        "neighbours": [
            "",
            "",
            "SAMPLE:",
            "CIGARETTES",
            "REFERENCE",
            "ATTRIBUTES",
            "STRENGTH",
            "HARSHNESS",
            "AFTERTASTE",
            "TOP- LINES NON- MENTHOL PRODUCT TEST",
            "25% Replacement of Propylene Glycol With SORBITOL",
            "(#627/ 647",
            "(#647/ 627)",
            "Current VICEROY 84 25% PG with SORBITOL",
            "Current VICEROY 84 (#627/ 647)"
        ]
    },
    {
        "box": [
            108,
            305,
            151,
            318
        ],
        "text": "SAMPLE:",
        "label": "question",
        "words": [
            {
                "box": [
                    108,
                    305,
                    151,
                    318
                ],
                "text": "SAMPLE:"
            }
        ],
        "linking": [
            [
                3,
                34
            ]
        ],
        "id": 3,
        "neighbours": [
            "",
            "",
            "SUBJECT:",
            "CIGARETTES",
            "REFERENCE",
            "ATTRIBUTES",
            "STRENGTH",
            "HARSHNESS",
            "AFTERTASTE",
            "TOP- LINES NON- MENTHOL PRODUCT TEST",
            "250 VICEROY/ 125 Marlboro/ 125 Winston",
            "(#627/ 647",
            "(#647/ 627)",
            "Current VICEROY 84 25% PG with SORBITOL",
            "Current VICEROY 84 (#627/ 647)"
        ]
    },
    {
        "box": [
            107,
            328,
            175,
            341
        ],
        "text": "CIGARETTES",
        "label": "header",
        "words": [
            {
                "box": [
                    107,
                    328,
                    175,
                    341
                ],
                "text": "CIGARETTES"
            }
        ],
        "linking": [
            [
                4,
                35
            ],
            [
                4,
                36
            ]
        ],
        "id": 4,
        "neighbours": [
            "",
            "",
            "SUBJECT:",
            "SAMPLE:",
            "REFERENCE",
            "ATTRIBUTES",
            "+1",
            "+5",
            "STRENGTH",
            "HARSHNESS",
            "AFTERTASTE",
            "TOP- LINES NON- MENTHOL PRODUCT TEST",
            "25% Replacement of Propylene Glycol With SORBITOL",
            "250 VICEROY/ 125 Marlboro/ 125 Winston",
            "#627/ 647 -",
            "#647/ #627 -",
            "Current VICEROY B4",
            "NOTICE IF THE FILM IMAGE IS LESS CLEAR THAN THIS NOTICE. IT IS DUE TO THE QUALITY OF THE DOCUMENT BEING FILMED",
            "(#627/ 647",
            "(#647/ 627)",
            "Current VICEROY 84 25% PG with SORBITOL",
            "Current VICEROY 84 (#627/ 647)"
        ]
    },
    {
        "box": [
            436,
            235,
            482,
            249
        ],
        "text": "PROJECT",
        "label": "question",
        "words": [
            {
                "box": [
                    436,
                    235,
                    482,
                    249
                ],
                "text": "PROJECT"
            }
        ],
        "linking": [
            [
                5,
                32
            ]
        ],
        "id": 5,
        "neighbours": [
            "Competitive",
            "54%",
            "46%46%",
            "Competitive",
            "-13",
            "-7",
            "+14",
            "TOP- LINES NON- MENTHOL PRODUCT TEST",
            "# 19 4- 26A",
            "25% Replacement of Propylene Glycol With SORBITOL",
            "250 VICEROY/ 125 Marlboro/ 125 Winston",
            "Current VICEROY 84 except with 25% of the propylene glycol replaced with SORBITOL.",
            "77905 6433",
            "*Statistically Significant",
            "Current VICEROY 84 (#647/ 647",
            "25% PG w/ SORBITOL (#647/ 627)"
        ]
    },
    {
        "box": [
            113,
            455,
            174,
            468
        ],
        "text": "REFERENCE",
        "label": "question",
        "words": [
            {
                "box": [
                    113,
                    455,
                    174,
                    468
                ],
                "text": "REFERENCE"
            }
        ],
        "linking": [
            [
                6,
                42
            ],
            [
                6,
                43
            ],
            [
                6,
                44
            ],
            [
                6,
                8
            ],
            [
                6,
                9
            ]
        ],
        "id": 6,
        "neighbours": [
            "",
            "",
            "SUBJECT:",
            "SAMPLE:",
            "CIGARETTES",
            "ATTRIBUTES",
            "VICEROY",
            "Competitive",
            "54%",
            "47%",
            "+1",
            "+5",
            "STRENGTH",
            "HARSHNESS",
            "AFTERTASTE",
            "TOP- LINES NON- MENTHOL PRODUCT TEST",
            "25% Replacement of Propylene Glycol With SORBITOL",
            "250 VICEROY/ 125 Marlboro/ 125 Winston",
            "#627/ 647 -",
            "#647/ #627 -",
            "NOTICE IF THE FILM IMAGE IS LESS CLEAR THAN THIS NOTICE. IT IS DUE TO THE QUALITY OF THE DOCUMENT BEING FILMED",
            "(#627/ 647",
            "(#647/ 627)",
            "Current VICEROY 84 25% PG with SORBITOL",
            "Current VICEROY 84 (#627/ 647)"
        ]
    },
    {
        "box": [
            109,
            501,
            175,
            512
        ],
        "text": "ATTRIBUTES",
        "label": "header",
        "words": [
            {
                "box": [
                    109,
                    501,
                    175,
                    512
                ],
                "text": "ATTRIBUTES"
            }
        ],
        "linking": [
            [
                7,
                14
            ],
            [
                7,
                15
            ]
        ],
        "id": 7,
        "neighbours": [
            "",
            "",
            "SUBJECT:",
            "SAMPLE:",
            "CIGARETTES",
            "REFERENCE",
            "VICEROY",
            "Competitive",
            "+1",
            "+5",
            "STRENGTH",
            "HARSHNESS",
            "AFTERTASTE",
            "TOP- LINES NON- MENTHOL PRODUCT TEST",
            "25% Replacement of Propylene Glycol With SORBITOL",
            "250 VICEROY/ 125 Marlboro/ 125 Winston",
            "#627/ 647 -",
            "#647/ #627 -",
            "NOTICE IF THE FILM IMAGE IS LESS CLEAR THAN THIS NOTICE. IT IS DUE TO THE QUALITY OF THE DOCUMENT BEING FILMED",
            "(#627/ 647",
            "(#647/ 627)",
            "Current VICEROY 84 25% PG with SORBITOL",
            "Current VICEROY 84 (#647/ 647",
            "25% PG w/ SORBITOL (#647/ 627)",
            "Current VICEROY 84 (#627/ 647)",
            "25% PG w/ SORBITOL #647/ 627"
        ]
    },
    {
        "box": [
            348,
            457,
            394,
            468
        ],
        "text": "VICEROY",
        "label": "question",
        "words": [
            {
                "box": [
                    348,
                    457,
                    394,
                    468
                ],
                "text": "VICEROY"
            }
        ],
        "linking": [
            [
                6,
                8
            ],
            [
                8,
                12
            ],
            [
                8,
                13
            ]
        ],
        "id": 8,
        "neighbours": [
            "REFERENCE",
            "Competitive",
            "54%",
            "47%",
            "53%",
            "-15*",
            "-5",
            "+21",
            "250 VICEROY/ 125 Marlboro/ 125 Winston",
            "Current VICEROY B4",
            "77905 6433",
            "(#627/ 647",
            "Current VICEROY 84 25% PG with SORBITOL",
            "Current VICEROY 84 (#647/ 647",
            "25% PG w/ SORBITOL #647/ 627"
        ]
    },
    {
        "box": [
            480,
            455,
            548,
            468
        ],
        "text": "Competitive",
        "label": "question",
        "words": [
            {
                "box": [
                    480,
                    455,
                    548,
                    468
                ],
                "text": "Competitive"
            }
        ],
        "linking": [
            [
                9,
                11
            ],
            [
                9,
                11
            ],
            [
                9,
                10
            ],
            [
                6,
                9
            ]
        ],
        "id": 9,
        "neighbours": [
            "PROJECT",
            "REFERENCE",
            "VICEROY",
            "54%",
            "46%46%",
            "47%",
            "Competitive",
            "-13",
            "-4",
            "-7",
            "+7*",
            "+14",
            "+26*",
            "# 19 4- 26A",
            "25% Replacement of Propylene Glycol With SORBITOL",
            "Current VICEROY 84 except with 25% of the propylene glycol replaced with SORBITOL.",
            "*Statistically Significant",
            "(#627/ 647",
            "Current VICEROY 84 25% PG with SORBITOL",
            "Current VICEROY 84 (#647/ 647",
            "25% PG w/ SORBITOL (#647/ 627)"
        ]
    },
    {
        "box": [
            515,
            468,
            543,
            479
        ],
        "text": "54%",
        "label": "answer",
        "words": [
            {
                "box": [
                    515,
                    468,
                    543,
                    479
                ],
                "text": "54%"
            }
        ],
        "linking": [
            [
                9,
                10
            ]
        ],
        "id": 10,
        "neighbours": [
            "PROJECT",
            "REFERENCE",
            "VICEROY",
            "Competitive",
            "46%46%",
            "47%",
            "53%",
            "Competitive",
            "-4",
            "+7*",
            "+26*",
            "# 19 4- 26A",
            "25% Replacement of Propylene Glycol With SORBITOL",
            "(#627/ 647",
            "(#647/ 627)",
            "Current VICEROY 84 25% PG with SORBITOL",
            "Current VICEROY 84 (#647/ 647",
            "25% PG w/ SORBITOL (#647/ 627)"
        ]
    },
    {
        "box": [
            515,
            478,
            544,
            489
        ],
        "text": "46%46%",
        "label": "answer",
        "words": [
            {
                "box": [
                    515,
                    478,
                    544,
                    489
                ],
                "text": "46%46%"
            }
        ],
        "linking": [
            [
                9,
                11
            ],
            [
                9,
                11
            ]
        ],
        "id": 11,
        "neighbours": [
            "PROJECT",
            "Competitive",
            "54%",
            "47%",
            "53%",
            "Competitive",
            "-4",
            "+7*",
            "+26*",
            "# 19 4- 26A",
            "25% Replacement of Propylene Glycol With SORBITOL",
            "(#627/ 647",
            "(#647/ 627)",
            "Current VICEROY 84 25% PG with SORBITOL",
            "Current VICEROY 84 (#647/ 647",
            "25% PG w/ SORBITOL (#647/ 627)"
        ]
    },
    {
        "box": [
            377,
            468,
            399,
            478
        ],
        "text": "47%",
        "label": "answer",
        "words": [
            {
                "box": [
                    377,
                    468,
                    399,
                    478
                ],
                "text": "47%"
            }
        ],
        "linking": [
            [
                8,
                12
            ]
        ],
        "id": 12,
        "neighbours": [
            "REFERENCE",
            "VICEROY",
            "Competitive",
            "54%",
            "46%46%",
            "53%",
            "250 VICEROY/ 125 Marlboro/ 125 Winston",
            "Current VICEROY B4",
            "77905 6433",
            "(#627/ 647",
            "(#647/ 627)",
            "Current VICEROY 84 25% PG with SORBITOL",
            "Current VICEROY 84 (#647/ 647"
        ]
    },
    {
        "box": [
            377,
            479,
            399,
            489
        ],
        "text": "53%",
        "label": "answer",
        "words": [
            {
                "box": [
                    377,
                    479,
                    399,
                    489
                ],
                "text": "53%"
            }
        ],
        "linking": [
            [
                8,
                13
            ]
        ],
        "id": 13,
        "neighbours": [
            "VICEROY",
            "54%",
            "46%46%",
            "47%",
            "250 VICEROY/ 125 Marlboro/ 125 Winston",
            "Current VICEROY B4",
            "77905 6433",
            "(#627/ 647",
            "(#647/ 627)",
            "Current VICEROY 84 25% PG with SORBITOL",
            "Current VICEROY 84 (#647/ 647"
        ]
    },
    {
        "box": [
            229,
            500,
            275,
            513
        ],
        "text": "VICEROY",
        "label": "question",
        "words": [
            {
                "box": [
                    229,
                    500,
                    275,
                    513
                ],
                "text": "VICEROY"
            }
        ],
        "linking": [
            [
                7,
                14
            ],
            [
                14,
                47
            ],
            [
                14,
                48
            ]
        ],
        "id": 14,
        "neighbours": [
            "ATTRIBUTES",
            "Competitive",
            "-15*",
            "+22",
            "+1",
            "+5",
            "-5",
            "+21",
            "TOP- LINES NON- MENTHOL PRODUCT TEST",
            "25% Replacement of Propylene Glycol With SORBITOL",
            "250 VICEROY/ 125 Marlboro/ 125 Winston",
            "#627/ 647 -",
            "#647/ #627 -",
            "Current VICEROY B4",
            "Current VICEROY 84 except with 25% of the propylene glycol replaced with SORBITOL.",
            "NOTICE IF THE FILM IMAGE IS LESS CLEAR THAN THIS NOTICE. IT IS DUE TO THE QUALITY OF THE DOCUMENT BEING FILMED",
            "77905 6433",
            "*Statistically Significant",
            "Current VICEROY 84 (#647/ 647",
            "25% PG w/ SORBITOL (#647/ 627)",
            "Current VICEROY 84 (#627/ 647)",
            "25% PG w/ SORBITOL #647/ 627"
        ]
    },
    {
        "box": [
            469,
            501,
            536,
            511
        ],
        "text": "Competitive",
        "label": "header",
        "words": [
            {
                "box": [
                    469,
                    501,
                    536,
                    511
                ],
                "text": "Competitive"
            }
        ],
        "linking": [
            [
                7,
                15
            ],
            [
                15,
                45
            ],
            [
                15,
                46
            ]
        ],
        "id": 15,
        "neighbours": [
            "PROJECT",
            "ATTRIBUTES",
            "Competitive",
            "54%",
            "46%46%",
            "VICEROY",
            "-13",
            "-4",
            "-7",
            "+7*",
            "+14",
            "+26*",
            "# 19 4- 26A",
            "25% Replacement of Propylene Glycol With SORBITOL",
            "Current VICEROY 84 except with 25% of the propylene glycol replaced with SORBITOL.",
            "*Statistically Significant",
            "Current VICEROY 84 (#647/ 647",
            "25% PG w/ SORBITOL (#647/ 627)",
            "Current VICEROY 84 (#627/ 647)",
            "25% PG w/ SORBITOL #647/ 627"
        ]
    },
    {
        "box": [
            451,
            557,
            472,
            567
        ],
        "text": "-13",
        "label": "answer",
        "words": [
            {
                "box": [
                    451,
                    557,
                    472,
                    567
                ],
                "text": "-13"
            }
        ],
        "linking": [
            [
                45,
                16
            ]
        ],
        "id": 16,
        "neighbours": [
            "PROJECT",
            "Competitive",
            "Competitive",
            "-4",
            "-7",
            "+7*",
            "+14",
            "-15*",
            "+1",
            "+5",
            "-5",
            "STRENGTH",
            "HARSHNESS",
            "# 19 4- 26A",
            "25% Replacement of Propylene Glycol With SORBITOL",
            "250 VICEROY/ 125 Marlboro/ 125 Winston",
            "Current VICEROY 84 except with 25% of the propylene glycol replaced with SORBITOL.",
            "77905 6433",
            "*Statistically Significant",
            "Current VICEROY 84 (#647/ 647"
        ]
    },
    {
        "box": [
            536,
            559,
            558,
            569
        ],
        "text": "-4",
        "label": "answer",
        "words": [
            {
                "box": [
                    536,
                    559,
                    558,
                    569
                ],
                "text": "-4"
            }
        ],
        "linking": [
            [
                46,
                17
            ]
        ],
        "id": 17,
        "neighbours": [
            "Competitive",
            "54%",
            "46%46%",
            "Competitive",
            "-13",
            "-7",
            "+7*",
            "+26*",
            "-15*",
            "+1",
            "+5",
            "-5",
            "STRENGTH",
            "HARSHNESS",
            "# 19 4- 26A",
            "25% PG w/ SORBITOL (#647/ 627)"
        ]
    },
    {
        "box": [
            450,
            571,
            471,
            579
        ],
        "text": "-7",
        "label": "answer",
        "words": [
            {
                "box": [
                    450,
                    571,
                    471,
                    579
                ],
                "text": "-7"
            }
        ],
        "linking": [
            [
                45,
                18
            ]
        ],
        "id": 18,
        "neighbours": [
            "PROJECT",
            "Competitive",
            "Competitive",
            "-13",
            "-4",
            "+7*",
            "+14",
            "+26*",
            "-15*",
            "+22",
            "+1",
            "+5",
            "-5",
            "+21",
            "STRENGTH",
            "HARSHNESS",
            "AFTERTASTE",
            "# 19 4- 26A",
            "25% Replacement of Propylene Glycol With SORBITOL",
            "250 VICEROY/ 125 Marlboro/ 125 Winston",
            "Current VICEROY 84 except with 25% of the propylene glycol replaced with SORBITOL.",
            "77905 6433",
            "*Statistically Significant",
            "Current VICEROY 84 (#647/ 647"
        ]
    },
    {
        "box": [
            534,
            570,
            561,
            583
        ],
        "text": "+7*",
        "label": "answer",
        "words": [
            {
                "box": [
                    534,
                    570,
                    561,
                    583
                ],
                "text": "+7*"
            }
        ],
        "linking": [
            [
                46,
                19
            ]
        ],
        "id": 19,
        "neighbours": [
            "Competitive",
            "54%",
            "46%46%",
            "Competitive",
            "-13",
            "-4",
            "-7",
            "+14",
            "+26*",
            "-15*",
            "+22",
            "+1",
            "+5",
            "-5",
            "+21",
            "STRENGTH",
            "HARSHNESS",
            "AFTERTASTE",
            "# 19 4- 26A",
            "25% PG w/ SORBITOL (#647/ 627)"
        ]
    },
    {
        "box": [
            450,
            582,
            475,
            592
        ],
        "text": "+14",
        "label": "answer",
        "words": [
            {
                "box": [
                    450,
                    582,
                    475,
                    592
                ],
                "text": "+14"
            }
        ],
        "linking": [
            [
                45,
                20
            ]
        ],
        "id": 20,
        "neighbours": [
            "PROJECT",
            "Competitive",
            "Competitive",
            "-13",
            "-7",
            "+7*",
            "+26*",
            "+22",
            "+5",
            "-5",
            "+21",
            "HARSHNESS",
            "AFTERTASTE",
            "# 19 4- 26A",
            "25% Replacement of Propylene Glycol With SORBITOL",
            "250 VICEROY/ 125 Marlboro/ 125 Winston",
            "Current VICEROY 84 except with 25% of the propylene glycol replaced with SORBITOL.",
            "77905 6433",
            "*Statistically Significant",
            "Current VICEROY 84 (#647/ 647",
            "25% PG w/ SORBITOL (#647/ 627)"
        ]
    },
    {
        "box": [
            532,
            581,
            561,
            592
        ],
        "text": "+26*",
        "label": "answer",
        "words": [
            {
                "box": [
                    532,
                    581,
                    561,
                    592
                ],
                "text": "+26*"
            }
        ],
        "linking": [
            [
                46,
                21
            ]
        ],
        "id": 21,
        "neighbours": [
            "Competitive",
            "54%",
            "46%46%",
            "Competitive",
            "-4",
            "-7",
            "+7*",
            "+14",
            "+22",
            "+5",
            "-5",
            "+21",
            "HARSHNESS",
            "AFTERTASTE",
            "# 19 4- 26A",
            "25% Replacement of Propylene Glycol With SORBITOL",
            "*Statistically Significant",
            "25% PG w/ SORBITOL (#647/ 627)"
        ]
    },
    {
        "box": [
            293,
            557,
            320,
            571
        ],
        "text": "-15*",
        "label": "answer",
        "words": [
            {
                "box": [
                    293,
                    557,
                    320,
                    571
                ],
                "text": "-15*"
            }
        ],
        "linking": [
            [
                28,
                22
            ]
        ],
        "id": 22,
        "neighbours": [
            "VICEROY",
            "VICEROY",
            "-13",
            "-4",
            "-7",
            "+7*",
            "+1",
            "+5",
            "-5",
            "+21",
            "STRENGTH",
            "HARSHNESS",
            "#627/ 647 -",
            "#647/ #627 -",
            "Current VICEROY B4",
            "Current VICEROY 84 except with 25% of the propylene glycol replaced with SORBITOL.",
            "*Statistically Significant",
            "Current VICEROY 84 25% PG with SORBITOL",
            "25% PG w/ SORBITOL #647/ 627"
        ]
    },
    {
        "box": [
            211,
            582,
            231,
            592
        ],
        "text": "+22",
        "label": "answer",
        "words": [
            {
                "box": [
                    211,
                    582,
                    231,
                    592
                ],
                "text": "+22"
            }
        ],
        "linking": [
            [
                30,
                23
            ]
        ],
        "id": 23,
        "neighbours": [
            "VICEROY",
            "-7",
            "+7*",
            "+14",
            "+26*",
            "+1",
            "+5",
            "-5",
            "+21",
            "HARSHNESS",
            "AFTERTASTE",
            "TOP- LINES NON- MENTHOL PRODUCT TEST",
            "25% Replacement of Propylene Glycol With SORBITOL",
            "250 VICEROY/ 125 Marlboro/ 125 Winston",
            "#627/ 647 -",
            "#647/ #627 -",
            "NOTICE IF THE FILM IMAGE IS LESS CLEAR THAN THIS NOTICE. IT IS DUE TO THE QUALITY OF THE DOCUMENT BEING FILMED",
            "77905 6433",
            "*Statistically Significant",
            "Current VICEROY 84 25% PG with SORBITOL",
            "Current VICEROY 84 (#627/ 647)"
        ]
    },
    {
        "box": [
            208,
            557,
            228,
            570
        ],
        "text": "+1",
        "label": "answer",
        "words": [
            {
                "box": [
                    208,
                    557,
                    228,
                    570
                ],
                "text": "+1"
            }
        ],
        "linking": [
            [
                28,
                24
            ]
        ],
        "id": 24,
        "neighbours": [
            "CIGARETTES",
            "REFERENCE",
            "ATTRIBUTES",
            "VICEROY",
            "-13",
            "-4",
            "-7",
            "+7*",
            "-15*",
            "+22",
            "+5",
            "-5",
            "STRENGTH",
            "HARSHNESS",
            "TOP- LINES NON- MENTHOL PRODUCT TEST",
            "25% Replacement of Propylene Glycol With SORBITOL",
            "250 VICEROY/ 125 Marlboro/ 125 Winston",
            "#627/ 647 -",
            "#647/ #627 -",
            "NOTICE IF THE FILM IMAGE IS LESS CLEAR THAN THIS NOTICE. IT IS DUE TO THE QUALITY OF THE DOCUMENT BEING FILMED",
            "77905 6433",
            "Current VICEROY 84 25% PG with SORBITOL",
            "Current VICEROY 84 (#627/ 647)"
        ]
    },
    {
        "box": [
            208,
            571,
            230,
            581
        ],
        "text": "+5",
        "label": "answer",
        "words": [
            {
                "box": [
                    208,
                    571,
                    230,
                    581
                ],
                "text": "+5"
            }
        ],
        "linking": [
            [
                29,
                25
            ]
        ],
        "id": 25,
        "neighbours": [
            "CIGARETTES",
            "REFERENCE",
            "ATTRIBUTES",
            "VICEROY",
            "-13",
            "-4",
            "-7",
            "+7*",
            "+14",
            "+26*",
            "-15*",
            "+22",
            "+1",
            "-5",
            "+21",
            "STRENGTH",
            "HARSHNESS",
            "AFTERTASTE",
            "TOP- LINES NON- MENTHOL PRODUCT TEST",
            "25% Replacement of Propylene Glycol With SORBITOL",
            "250 VICEROY/ 125 Marlboro/ 125 Winston",
            "#627/ 647 -",
            "#647/ #627 -",
            "NOTICE IF THE FILM IMAGE IS LESS CLEAR THAN THIS NOTICE. IT IS DUE TO THE QUALITY OF THE DOCUMENT BEING FILMED",
            "77905 6433",
            "Current VICEROY 84 25% PG with SORBITOL",
            "Current VICEROY 84 (#627/ 647)"
        ]
    },
    {
        "box": [
            293,
            570,
            317,
            578
        ],
        "text": "-5",
        "label": "answer",
        "words": [
            {
                "box": [
                    293,
                    570,
                    317,
                    578
                ],
                "text": "-5"
            }
        ],
        "linking": [
            [
                29,
                26
            ]
        ],
        "id": 26,
        "neighbours": [
            "VICEROY",
            "VICEROY",
            "-13",
            "-4",
            "-7",
            "+7*",
            "+14",
            "+26*",
            "-15*",
            "+22",
            "+1",
            "+5",
            "+21",
            "STRENGTH",
            "HARSHNESS",
            "AFTERTASTE",
            "#627/ 647 -",
            "#647/ #627 -",
            "Current VICEROY B4",
            "Current VICEROY 84 except with 25% of the propylene glycol replaced with SORBITOL.",
            "*Statistically Significant",
            "Current VICEROY 84 25% PG with SORBITOL",
            "25% PG w/ SORBITOL #647/ 627"
        ]
    },
    {
        "box": [
            292,
            581,
            314,
            592
        ],
        "text": "+21",
        "label": "answer",
        "words": [
            {
                "box": [
                    292,
                    581,
                    314,
                    592
                ],
                "text": "+21"
            }
        ],
        "linking": [
            [
                30,
                27
            ]
        ],
        "id": 27,
        "neighbours": [
            "VICEROY",
            "VICEROY",
            "-7",
            "+7*",
            "+14",
            "+26*",
            "-15*",
            "+22",
            "+5",
            "-5",
            "HARSHNESS",
            "AFTERTASTE",
            "#627/ 647 -",
            "#647/ #627 -",
            "Current VICEROY B4",
            "Current VICEROY 84 except with 25% of the propylene glycol replaced with SORBITOL.",
            "*Statistically Significant",
            "Current VICEROY 84 25% PG with SORBITOL",
            "25% PG w/ SORBITOL #647/ 627"
        ]
    },
    {
        "box": [
            106,
            557,
            159,
            570
        ],
        "text": "STRENGTH",
        "label": "question",
        "words": [
            {
                "box": [
                    106,
                    557,
                    159,
                    570
                ],
                "text": "STRENGTH"
            }
        ],
        "linking": [
            [
                28,
                24
            ],
            [
                28,
                22
            ]
        ],
        "id": 28,
        "neighbours": [
            "",
            "",
            "SUBJECT:",
            "SAMPLE:",
            "CIGARETTES",
            "REFERENCE",
            "ATTRIBUTES",
            "-13",
            "-4",
            "-7",
            "+7*",
            "-15*",
            "+1",
            "+5",
            "-5",
            "HARSHNESS",
            "AFTERTASTE",
            "TOP- LINES NON- MENTHOL PRODUCT TEST",
            "(#627/ 647",
            "(#647/ 627)",
            "Current VICEROY 84 25% PG with SORBITOL",
            "Current VICEROY 84 (#627/ 647)"
        ]
    },
    {
        "box": [
            108,
            571,
            167,
            581
        ],
        "text": "HARSHNESS",
        "label": "question",
        "words": [
            {
                "box": [
                    108,
                    571,
                    167,
                    581
                ],
                "text": "HARSHNESS"
            }
        ],
        "linking": [
            [
                29,
                25
            ],
            [
                30,
                29
            ],
            [
                29,
                26
            ]
        ],
        "id": 29,
        "neighbours": [
            "",
            "",
            "SUBJECT:",
            "SAMPLE:",
            "CIGARETTES",
            "REFERENCE",
            "ATTRIBUTES",
            "-13",
            "-4",
            "-7",
            "+7*",
            "+14",
            "+26*",
            "-15*",
            "+22",
            "+1",
            "+5",
            "-5",
            "+21",
            "STRENGTH",
            "AFTERTASTE",
            "TOP- LINES NON- MENTHOL PRODUCT TEST",
            "(#627/ 647",
            "(#647/ 627)",
            "Current VICEROY 84 25% PG with SORBITOL",
            "Current VICEROY 84 (#627/ 647)"
        ]
    },
    {
        "box": [
            108,
            581,
            171,
            595
        ],
        "text": "AFTERTASTE",
        "label": "question",
        "words": [
            {
                "box": [
                    108,
                    581,
                    171,
                    595
                ],
                "text": "AFTERTASTE"
            }
        ],
        "linking": [
            [
                30,
                23
            ],
            [
                30,
                27
            ],
            [
                30,
                29
            ]
        ],
        "id": 30,
        "neighbours": [
            "",
            "",
            "SUBJECT:",
            "SAMPLE:",
            "CIGARETTES",
            "REFERENCE",
            "ATTRIBUTES",
            "-7",
            "+7*",
            "+14",
            "+26*",
            "+22",
            "+5",
            "-5",
            "+21",
            "STRENGTH",
            "HARSHNESS",
            "TOP- LINES NON- MENTHOL PRODUCT TEST",
            "25% Replacement of Propylene Glycol With SORBITOL",
            "250 VICEROY/ 125 Marlboro/ 125 Winston",
            "#627/ 647 -",
            "#647/ #627 -",
            "*Statistically Significant",
            "(#627/ 647",
            "(#647/ 627)",
            "Current VICEROY 84 25% PG with SORBITOL",
            "Current VICEROY 84 (#627/ 647)"
        ]
    },
    {
        "text": "TOP- LINES NON- MENTHOL PRODUCT TEST",
        "box": [
            107,
            235,
            256,
            260
        ],
        "linking": [],
        "label": "header",
        "words": [
            {
                "text": "TOP-",
                "box": [
                    110,
                    235,
                    134,
                    248
                ]
            },
            {
                "text": "LINES",
                "box": [
                    132,
                    235,
                    167,
                    246
                ]
            },
            {
                "text": "NON-",
                "box": [
                    107,
                    249,
                    132,
                    260
                ]
            },
            {
                "text": "MENTHOL",
                "box": [
                    132,
                    247,
                    176,
                    259
                ]
            },
            {
                "text": "PRODUCT",
                "box": [
                    182,
                    247,
                    223,
                    259
                ]
            },
            {
                "text": "TEST",
                "box": [
                    229,
                    246,
                    256,
                    259
                ]
            }
        ],
        "id": 31,
        "neighbours": [
            "",
            "",
            "SUBJECT:",
            "SAMPLE:",
            "CIGARETTES",
            "PROJECT",
            "REFERENCE",
            "ATTRIBUTES",
            "VICEROY",
            "+22",
            "+1",
            "+5",
            "STRENGTH",
            "HARSHNESS",
            "AFTERTASTE",
            "# 19 4- 26A",
            "25% Replacement of Propylene Glycol With SORBITOL",
            "250 VICEROY/ 125 Marlboro/ 125 Winston",
            "#627/ 647 -",
            "#647/ #627 -",
            "Current VICEROY B4",
            "Current VICEROY 84 except with 25% of the propylene glycol replaced with SORBITOL.",
            "NOTICE IF THE FILM IMAGE IS LESS CLEAR THAN THIS NOTICE. IT IS DUE TO THE QUALITY OF THE DOCUMENT BEING FILMED",
            "77905 6433",
            "(#627/ 647",
            "(#647/ 627)",
            "Current VICEROY 84 25% PG with SORBITOL",
            "Current VICEROY 84 (#627/ 647)",
            "25% PG w/ SORBITOL #647/ 627"
        ]
    },
    {
        "text": "# 19 4- 26A",
        "box": [
            486,
            233,
            547,
            250
        ],
        "linking": [
            [
                5,
                32
            ]
        ],
        "label": "answer",
        "words": [
            {
                "text": "#",
                "box": [
                    486,
                    236,
                    493,
                    247
                ]
            },
            {
                "text": "19",
                "box": [
                    499,
                    235,
                    516,
                    248
                ]
            },
            {
                "text": "4-",
                "box": [
                    514,
                    235,
                    528,
                    248
                ]
            },
            {
                "text": "26A",
                "box": [
                    527,
                    233,
                    547,
                    250
                ]
            }
        ],
        "id": 32,
        "neighbours": [
            "PROJECT",
            "Competitive",
            "54%",
            "46%46%",
            "Competitive",
            "-13",
            "-4",
            "-7",
            "+7*",
            "+14",
            "+26*",
            "TOP- LINES NON- MENTHOL PRODUCT TEST",
            "25% Replacement of Propylene Glycol With SORBITOL",
            "Current VICEROY 84 except with 25% of the propylene glycol replaced with SORBITOL.",
            "Current VICEROY 84 (#647/ 647",
            "25% PG w/ SORBITOL (#647/ 627)"
        ]
    },
    {
        "text": "25% Replacement of Propylene Glycol With SORBITOL",
        "box": [
            203,
            281,
            499,
            296
        ],
        "linking": [
            [
                2,
                33
            ]
        ],
        "label": "answer",
        "words": [
            {
                "text": "25%",
                "box": [
                    203,
                    282,
                    223,
                    293
                ]
            },
            {
                "text": "Replacement",
                "box": [
                    228,
                    282,
                    294,
                    295
                ]
            },
            {
                "text": "of",
                "box": [
                    297,
                    284,
                    312,
                    295
                ]
            },
            {
                "text": "Propylene",
                "box": [
                    316,
                    281,
                    373,
                    295
                ]
            },
            {
                "text": "Glycol",
                "box": [
                    377,
                    282,
                    415,
                    295
                ]
            },
            {
                "text": "With",
                "box": [
                    419,
                    281,
                    444,
                    294
                ]
            },
            {
                "text": "SORBITOL",
                "box": [
                    447,
                    281,
                    499,
                    296
                ]
            }
        ],
        "id": 33,
        "neighbours": [
            "SUBJECT:",
            "CIGARETTES",
            "PROJECT",
            "REFERENCE",
            "ATTRIBUTES",
            "VICEROY",
            "Competitive",
            "54%",
            "46%46%",
            "47%",
            "53%",
            "VICEROY",
            "Competitive",
            "-13",
            "-7",
            "+14",
            "+26*",
            "-15*",
            "+22",
            "+1",
            "+5",
            "-5",
            "+21",
            "AFTERTASTE",
            "TOP- LINES NON- MENTHOL PRODUCT TEST",
            "# 19 4- 26A",
            "250 VICEROY/ 125 Marlboro/ 125 Winston",
            "#627/ 647 -",
            "#647/ #627 -",
            "Current VICEROY B4",
            "Current VICEROY 84 except with 25% of the propylene glycol replaced with SORBITOL.",
            "NOTICE IF THE FILM IMAGE IS LESS CLEAR THAN THIS NOTICE. IT IS DUE TO THE QUALITY OF THE DOCUMENT BEING FILMED",
            "77905 6433",
            "*Statistically Significant",
            "(#627/ 647",
            "(#647/ 627)",
            "Current VICEROY 84 25% PG with SORBITOL",
            "Current VICEROY 84 (#647/ 647",
            "25% PG w/ SORBITOL (#647/ 627)",
            "Current VICEROY 84 (#627/ 647)",
            "25% PG w/ SORBITOL #647/ 627"
        ]
    },
    {
        "text": "250 VICEROY/ 125 Marlboro/ 125 Winston",
        "box": [
            203,
            303,
            422,
            319
        ],
        "linking": [
            [
                3,
                34
            ]
        ],
        "label": "answer",
        "words": [
            {
                "text": "250",
                "box": [
                    203,
                    306,
                    224,
                    319
                ]
            },
            {
                "text": "VICEROY/",
                "box": [
                    226,
                    306,
                    276,
                    316
                ]
            },
            {
                "text": "125",
                "box": [
                    275,
                    306,
                    293,
                    319
                ]
            },
            {
                "text": "Marlboro/",
                "box": [
                    297,
                    304,
                    353,
                    317
                ]
            },
            {
                "text": "125",
                "box": [
                    352,
                    304,
                    372,
                    317
                ]
            },
            {
                "text": "Winston",
                "box": [
                    376,
                    303,
                    422,
                    317
                ]
            }
        ],
        "id": 34,
        "neighbours": [
            "SAMPLE:",
            "CIGARETTES",
            "PROJECT",
            "REFERENCE",
            "ATTRIBUTES",
            "VICEROY",
            "47%",
            "53%",
            "VICEROY",
            "-13",
            "-7",
            "+14",
            "-15*",
            "+22",
            "+1",
            "+5",
            "-5",
            "+21",
            "AFTERTASTE",
            "TOP- LINES NON- MENTHOL PRODUCT TEST",
            "25% Replacement of Propylene Glycol With SORBITOL",
            "#627/ 647 -",
            "#647/ #627 -",
            "Current VICEROY B4",
            "Current VICEROY 84 except with 25% of the propylene glycol replaced with SORBITOL.",
            "NOTICE IF THE FILM IMAGE IS LESS CLEAR THAN THIS NOTICE. IT IS DUE TO THE QUALITY OF THE DOCUMENT BEING FILMED",
            "77905 6433",
            "*Statistically Significant",
            "(#627/ 647",
            "(#647/ 627)",
            "Current VICEROY 84 25% PG with SORBITOL",
            "Current VICEROY 84 (#647/ 647",
            "Current VICEROY 84 (#627/ 647)",
            "25% PG w/ SORBITOL #647/ 627"
        ]
    },
    {
        "text": "#627/ 647 -",
        "box": [
            203,
            339,
            270,
            352
        ],
        "linking": [
            [
                4,
                35
            ],
            [
                35,
                37
            ]
        ],
        "label": "question",
        "words": [
            {
                "text": "#627/",
                "box": [
                    203,
                    339,
                    234,
                    350
                ]
            },
            {
                "text": "647",
                "box": [
                    233,
                    341,
                    258,
                    352
                ]
            },
            {
                "text": "-",
                "box": [
                    263,
                    344,
                    270,
                    350
                ]
            }
        ],
        "id": 35,
        "neighbours": [
            "CIGARETTES",
            "REFERENCE",
            "ATTRIBUTES",
            "VICEROY",
            "-15*",
            "+22",
            "+1",
            "+5",
            "-5",
            "+21",
            "AFTERTASTE",
            "TOP- LINES NON- MENTHOL PRODUCT TEST",
            "25% Replacement of Propylene Glycol With SORBITOL",
            "250 VICEROY/ 125 Marlboro/ 125 Winston",
            "#647/ #627 -",
            "Current VICEROY B4",
            "Current VICEROY 84 except with 25% of the propylene glycol replaced with SORBITOL.",
            "NOTICE IF THE FILM IMAGE IS LESS CLEAR THAN THIS NOTICE. IT IS DUE TO THE QUALITY OF THE DOCUMENT BEING FILMED",
            "77905 6433",
            "*Statistically Significant",
            "(#627/ 647",
            "(#647/ 627)",
            "Current VICEROY 84 25% PG with SORBITOL",
            "Current VICEROY 84 (#627/ 647)",
            "25% PG w/ SORBITOL #647/ 627"
        ]
    },
    {
        "text": "#647/ #627 -",
        "box": [
            203,
            363,
            271,
            376
        ],
        "linking": [
            [
                4,
                36
            ],
            [
                36,
                38
            ]
        ],
        "label": "question",
        "words": [
            {
                "text": "#647/",
                "box": [
                    203,
                    363,
                    234,
                    374
                ]
            },
            {
                "text": "#627",
                "box": [
                    232,
                    363,
                    257,
                    376
                ]
            },
            {
                "text": "-",
                "box": [
                    263,
                    366,
                    271,
                    372
                ]
            }
        ],
        "id": 36,
        "neighbours": [
            "CIGARETTES",
            "REFERENCE",
            "ATTRIBUTES",
            "VICEROY",
            "-15*",
            "+22",
            "+1",
            "+5",
            "-5",
            "+21",
            "AFTERTASTE",
            "TOP- LINES NON- MENTHOL PRODUCT TEST",
            "25% Replacement of Propylene Glycol With SORBITOL",
            "250 VICEROY/ 125 Marlboro/ 125 Winston",
            "#627/ 647 -",
            "Current VICEROY B4",
            "Current VICEROY 84 except with 25% of the propylene glycol replaced with SORBITOL.",
            "NOTICE IF THE FILM IMAGE IS LESS CLEAR THAN THIS NOTICE. IT IS DUE TO THE QUALITY OF THE DOCUMENT BEING FILMED",
            "77905 6433",
            "*Statistically Significant",
            "(#627/ 647",
            "(#647/ 627)",
            "Current VICEROY 84 25% PG with SORBITOL",
            "Current VICEROY 84 (#627/ 647)",
            "25% PG w/ SORBITOL #647/ 627"
        ]
    },
    {
        "text": "Current VICEROY B4",
        "box": [
            275,
            338,
            386,
            352
        ],
        "linking": [
            [
                35,
                37
            ]
        ],
        "label": "answer",
        "words": [
            {
                "text": "Current",
                "box": [
                    275,
                    339,
                    320,
                    352
                ]
            },
            {
                "text": "VICEROY",
                "box": [
                    323,
                    339,
                    366,
                    350
                ]
            },
            {
                "text": "B4",
                "box": [
                    372,
                    338,
                    386,
                    351
                ]
            }
        ],
        "id": 37,
        "neighbours": [
            "CIGARETTES",
            "VICEROY",
            "47%",
            "53%",
            "VICEROY",
            "-15*",
            "-5",
            "+21",
            "TOP- LINES NON- MENTHOL PRODUCT TEST",
            "#627/ 647 -",
            "#647/ #627 -",
            "Current VICEROY 84 except with 25% of the propylene glycol replaced with SORBITOL.",
            "77905 6433",
            "*Statistically Significant",
            "Current VICEROY 84 25% PG with SORBITOL",
            "Current VICEROY 84 (#627/ 647)",
            "25% PG w/ SORBITOL #647/ 627"
        ]
    },
    {
        "text": "Current VICEROY 84 except with 25% of the propylene glycol replaced with SORBITOL.",
        "box": [
            275,
            362,
            457,
            398
        ],
        "linking": [
            [
                36,
                38
            ]
        ],
        "label": "answer",
        "words": [
            {
                "text": "Current",
                "box": [
                    275,
                    363,
                    317,
                    374
                ]
            },
            {
                "text": "VICEROY",
                "box": [
                    324,
                    362,
                    367,
                    375
                ]
            },
            {
                "text": "84",
                "box": [
                    372,
                    363,
                    386,
                    373
                ]
            },
            {
                "text": "except",
                "box": [
                    390,
                    362,
                    426,
                    373
                ]
            },
            {
                "text": "with",
                "box": [
                    432,
                    363,
                    457,
                    373
                ]
            },
            {
                "text": "25%",
                "box": [
                    275,
                    376,
                    293,
                    386
                ]
            },
            {
                "text": "of",
                "box": [
                    300,
                    376,
                    314,
                    384
                ]
            },
            {
                "text": "the",
                "box": [
                    317,
                    374,
                    337,
                    384
                ]
            },
            {
                "text": "propylene",
                "box": [
                    342,
                    374,
                    396,
                    385
                ]
            },
            {
                "text": "glycol",
                "box": [
                    401,
                    373,
                    440,
                    386
                ]
            },
            {
                "text": "replaced",
                "box": [
                    275,
                    384,
                    325,
                    398
                ]
            },
            {
                "text": "with",
                "box": [
                    328,
                    385,
                    356,
                    396
                ]
            },
            {
                "text": "SORBITOL.",
                "box": [
                    360,
                    385,
                    414,
                    395
                ]
            }
        ],
        "id": 38,
        "neighbours": [
            "PROJECT",
            "VICEROY",
            "Competitive",
            "47%",
            "53%",
            "VICEROY",
            "Competitive",
            "-13",
            "-7",
            "+14",
            "-15*",
            "-5",
            "+21",
            "TOP- LINES NON- MENTHOL PRODUCT TEST",
            "# 19 4- 26A",
            "250 VICEROY/ 125 Marlboro/ 125 Winston",
            "#627/ 647 -",
            "#647/ #627 -",
            "Current VICEROY B4",
            "77905 6433",
            "*Statistically Significant",
            "Current VICEROY 84 25% PG with SORBITOL",
            "Current VICEROY 84 (#647/ 647",
            "Current VICEROY 84 (#627/ 647)",
            "25% PG w/ SORBITOL #647/ 627"
        ]
    },
    {
        "text": "NOTICE IF THE FILM IMAGE IS LESS CLEAR THAN THIS NOTICE. IT IS DUE TO THE QUALITY OF THE DOCUMENT BEING FILMED",
        "box": [
            13,
            908,
            206,
            943
        ],
        "linking": [],
        "label": "other",
        "words": [
            {
                "text": "NOTICE",
                "box": [
                    14,
                    912,
                    46,
                    922
                ]
            },
            {
                "text": "IF",
                "box": [
                    50,
                    912,
                    61,
                    923
                ]
            },
            {
                "text": "THE",
                "box": [
                    66,
                    912,
                    84,
                    922
                ]
            },
            {
                "text": "FILM",
                "box": [
                    87,
                    912,
                    108,
                    922
                ]
            },
            {
                "text": "IMAGE",
                "box": [
                    112,
                    909,
                    139,
                    922
                ]
            },
            {
                "text": "IS",
                "box": [
                    138,
                    911,
                    152,
                    919
                ]
            },
            {
                "text": "LESS",
                "box": [
                    154,
                    911,
                    175,
                    919
                ]
            },
            {
                "text": "CLEAR",
                "box": [
                    179,
                    908,
                    206,
                    918
                ]
            },
            {
                "text": "THAN",
                "box": [
                    15,
                    925,
                    35,
                    933
                ]
            },
            {
                "text": "THIS",
                "box": [
                    41,
                    923,
                    61,
                    931
                ]
            },
            {
                "text": "NOTICE.",
                "box": [
                    66,
                    922,
                    100,
                    930
                ]
            },
            {
                "text": "IT",
                "box": [
                    106,
                    922,
                    116,
                    930
                ]
            },
            {
                "text": "IS",
                "box": [
                    120,
                    920,
                    130,
                    928
                ]
            },
            {
                "text": "DUE",
                "box": [
                    134,
                    919,
                    149,
                    930
                ]
            },
            {
                "text": "TO",
                "box": [
                    155,
                    920,
                    166,
                    930
                ]
            },
            {
                "text": "THE",
                "box": [
                    172,
                    920,
                    190,
                    930
                ]
            },
            {
                "text": "QUALITY",
                "box": [
                    13,
                    932,
                    54,
                    943
                ]
            },
            {
                "text": "OF",
                "box": [
                    54,
                    932,
                    65,
                    940
                ]
            },
            {
                "text": "THE",
                "box": [
                    70,
                    932,
                    87,
                    940
                ]
            },
            {
                "text": "DOCUMENT",
                "box": [
                    89,
                    932,
                    131,
                    942
                ]
            },
            {
                "text": "BEING",
                "box": [
                    133,
                    929,
                    162,
                    939
                ]
            },
            {
                "text": "FILMED",
                "box": [
                    168,
                    929,
                    199,
                    939
                ]
            }
        ],
        "id": 39,
        "neighbours": [
            "",
            "",
            "SUBJECT:",
            "SAMPLE:",
            "CIGARETTES",
            "REFERENCE",
            "ATTRIBUTES",
            "VICEROY",
            "+22",
            "+1",
            "+5",
            "STRENGTH",
            "HARSHNESS",
            "AFTERTASTE",
            "TOP- LINES NON- MENTHOL PRODUCT TEST",
            "25% Replacement of Propylene Glycol With SORBITOL",
            "250 VICEROY/ 125 Marlboro/ 125 Winston",
            "#627/ 647 -",
            "#647/ #627 -",
            "77905 6433",
            "(#627/ 647",
            "(#647/ 627)",
            "Current VICEROY 84 25% PG with SORBITOL",
            "Current VICEROY 84 (#627/ 647)"
        ]
    },
    {
        "text": "77905 6433",
        "box": [
            214,
            908,
            419,
            940
        ],
        "linking": [],
        "label": "other",
        "words": [
            {
                "text": "77905",
                "box": [
                    214,
                    908,
                    313,
                    940
                ]
            },
            {
                "text": "6433",
                "box": [
                    318,
                    911,
                    419,
                    939
                ]
            }
        ],
        "id": 40,
        "neighbours": [
            "PROJECT",
            "VICEROY",
            "47%",
            "53%",
            "VICEROY",
            "-13",
            "-7",
            "+14",
            "-15*",
            "+22",
            "+1",
            "+5",
            "-5",
            "+21",
            "TOP- LINES NON- MENTHOL PRODUCT TEST",
            "25% Replacement of Propylene Glycol With SORBITOL",
            "250 VICEROY/ 125 Marlboro/ 125 Winston",
            "#627/ 647 -",
            "#647/ #627 -",
            "Current VICEROY B4",
            "Current VICEROY 84 except with 25% of the propylene glycol replaced with SORBITOL.",
            "NOTICE IF THE FILM IMAGE IS LESS CLEAR THAN THIS NOTICE. IT IS DUE TO THE QUALITY OF THE DOCUMENT BEING FILMED",
            "*Statistically Significant",
            "Current VICEROY 84 25% PG with SORBITOL",
            "Current VICEROY 84 (#647/ 647",
            "Current VICEROY 84 (#627/ 647)",
            "25% PG w/ SORBITOL #647/ 627"
        ]
    },
    {
        "text": "*Statistically Significant",
        "box": [
            295,
            598,
            451,
            612
        ],
        "linking": [],
        "label": "other",
        "words": [
            {
                "text": "*Statistically",
                "box": [
                    295,
                    599,
                    380,
                    612
                ]
            },
            {
                "text": "Significant",
                "box": [
                    384,
                    598,
                    451,
                    612
                ]
            }
        ],
        "id": 41,
        "neighbours": [
            "PROJECT",
            "VICEROY",
            "Competitive",
            "47%",
            "53%",
            "VICEROY",
            "Competitive",
            "-13",
            "-7",
            "+14",
            "+26*",
            "-15*",
            "+22",
            "-5",
            "+21",
            "AFTERTASTE",
            "250 VICEROY/ 125 Marlboro/ 125 Winston",
            "#627/ 647 -",
            "#647/ #627 -",
            "Current VICEROY B4",
            "Current VICEROY 84 except with 25% of the propylene glycol replaced with SORBITOL.",
            "77905 6433",
            "Current VICEROY 84 25% PG with SORBITOL",
            "Current VICEROY 84 (#647/ 647",
            "25% PG w/ SORBITOL #647/ 627"
        ]
    },
    {
        "text": "(#627/ 647",
        "box": [
            109,
            468,
            172,
            479
        ],
        "linking": [
            [
                6,
                42
            ]
        ],
        "label": "answer",
        "words": [
            {
                "text": "(#627/",
                "box": [
                    109,
                    468,
                    144,
                    479
                ]
            },
            {
                "text": "647",
                "box": [
                    144,
                    468,
                    172,
                    478
                ]
            }
        ],
        "id": 42,
        "neighbours": [
            "",
            "",
            "SUBJECT:",
            "SAMPLE:",
            "CIGARETTES",
            "REFERENCE",
            "ATTRIBUTES",
            "VICEROY",
            "Competitive",
            "54%",
            "46%46%",
            "47%",
            "53%",
            "STRENGTH",
            "HARSHNESS",
            "AFTERTASTE",
            "TOP- LINES NON- MENTHOL PRODUCT TEST",
            "25% Replacement of Propylene Glycol With SORBITOL",
            "250 VICEROY/ 125 Marlboro/ 125 Winston",
            "#627/ 647 -",
            "#647/ #627 -",
            "NOTICE IF THE FILM IMAGE IS LESS CLEAR THAN THIS NOTICE. IT IS DUE TO THE QUALITY OF THE DOCUMENT BEING FILMED",
            "(#647/ 627)",
            "Current VICEROY 84 25% PG with SORBITOL",
            "Current VICEROY 84 (#627/ 647)"
        ]
    },
    {
        "text": "(#647/ 627)",
        "box": [
            108,
            479,
            171,
            492
        ],
        "linking": [
            [
                6,
                43
            ]
        ],
        "label": "answer",
        "words": [
            {
                "text": "(#647/",
                "box": [
                    108,
                    479,
                    146,
                    492
                ]
            },
            {
                "text": "627)",
                "box": [
                    144,
                    479,
                    171,
                    492
                ]
            }
        ],
        "id": 43,
        "neighbours": [
            "",
            "",
            "SUBJECT:",
            "SAMPLE:",
            "CIGARETTES",
            "REFERENCE",
            "ATTRIBUTES",
            "54%",
            "46%46%",
            "47%",
            "53%",
            "STRENGTH",
            "HARSHNESS",
            "AFTERTASTE",
            "TOP- LINES NON- MENTHOL PRODUCT TEST",
            "25% Replacement of Propylene Glycol With SORBITOL",
            "250 VICEROY/ 125 Marlboro/ 125 Winston",
            "#627/ 647 -",
            "#647/ #627 -",
            "(#627/ 647",
            "Current VICEROY 84 25% PG with SORBITOL",
            "Current VICEROY 84 (#627/ 647)"
        ]
    },
    {
        "text": "Current VICEROY 84 25% PG with SORBITOL",
        "box": [
            184,
            468,
            310,
            490
        ],
        "linking": [
            [
                6,
                44
            ]
        ],
        "label": "answer",
        "words": [
            {
                "text": "Current",
                "box": [
                    184,
                    468,
                    229,
                    479
                ]
            },
            {
                "text": "VICEROY",
                "box": [
                    232,
                    468,
                    278,
                    479
                ]
            },
            {
                "text": "84",
                "box": [
                    282,
                    468,
                    295,
                    479
                ]
            },
            {
                "text": "25%",
                "box": [
                    186,
                    480,
                    207,
                    490
                ]
            },
            {
                "text": "PG",
                "box": [
                    211,
                    479,
                    224,
                    490
                ]
            },
            {
                "text": "with",
                "box": [
                    228,
                    479,
                    255,
                    490
                ]
            },
            {
                "text": "SORBITOL",
                "box": [
                    258,
                    480,
                    310,
                    488
                ]
            }
        ],
        "id": 44,
        "neighbours": [
            "SUBJECT:",
            "SAMPLE:",
            "CIGARETTES",
            "REFERENCE",
            "ATTRIBUTES",
            "VICEROY",
            "Competitive",
            "54%",
            "46%46%",
            "47%",
            "53%",
            "VICEROY",
            "-15*",
            "+22",
            "+1",
            "+5",
            "-5",
            "+21",
            "STRENGTH",
            "HARSHNESS",
            "AFTERTASTE",
            "TOP- LINES NON- MENTHOL PRODUCT TEST",
            "25% Replacement of Propylene Glycol With SORBITOL",
            "250 VICEROY/ 125 Marlboro/ 125 Winston",
            "#627/ 647 -",
            "#647/ #627 -",
            "Current VICEROY B4",
            "Current VICEROY 84 except with 25% of the propylene glycol replaced with SORBITOL.",
            "NOTICE IF THE FILM IMAGE IS LESS CLEAR THAN THIS NOTICE. IT IS DUE TO THE QUALITY OF THE DOCUMENT BEING FILMED",
            "77905 6433",
            "*Statistically Significant",
            "(#627/ 647",
            "(#647/ 627)",
            "Current VICEROY 84 (#627/ 647)",
            "25% PG w/ SORBITOL #647/ 627"
        ]
    },
    {
        "text": "Current VICEROY 84 (#647/ 647",
        "box": [
            425,
            514,
            494,
            547
        ],
        "linking": [
            [
                15,
                45
            ],
            [
                45,
                16
            ],
            [
                45,
                18
            ],
            [
                45,
                20
            ]
        ],
        "label": "question",
        "words": [
            {
                "text": "Current",
                "box": [
                    432,
                    514,
                    477,
                    522
                ]
            },
            {
                "text": "VICEROY",
                "box": [
                    425,
                    524,
                    471,
                    535
                ]
            },
            {
                "text": "84",
                "box": [
                    475,
                    524,
                    489,
                    534
                ]
            },
            {
                "text": "(#647/",
                "box": [
                    429,
                    536,
                    470,
                    546
                ]
            },
            {
                "text": "647",
                "box": [
                    469,
                    536,
                    494,
                    547
                ]
            }
        ],
        "id": 45,
        "neighbours": [
            "PROJECT",
            "ATTRIBUTES",
            "VICEROY",
            "Competitive",
            "54%",
            "46%46%",
            "47%",
            "53%",
            "VICEROY",
            "Competitive",
            "-13",
            "-7",
            "+14",
            "# 19 4- 26A",
            "25% Replacement of Propylene Glycol With SORBITOL",
            "250 VICEROY/ 125 Marlboro/ 125 Winston",
            "Current VICEROY 84 except with 25% of the propylene glycol replaced with SORBITOL.",
            "77905 6433",
            "*Statistically Significant",
            "25% PG w/ SORBITOL (#647/ 627)",
            "Current VICEROY 84 (#627/ 647)",
            "25% PG w/ SORBITOL #647/ 627"
        ]
    },
    {
        "text": "25% PG w/ SORBITOL (#647/ 627)",
        "box": [
            508,
            513,
            579,
            546
        ],
        "linking": [
            [
                15,
                46
            ],
            [
                46,
                17
            ],
            [
                46,
                19
            ],
            [
                46,
                21
            ]
        ],
        "label": "question",
        "words": [
            {
                "text": "25%",
                "box": [
                    521,
                    513,
                    545,
                    524
                ]
            },
            {
                "text": "PG",
                "box": [
                    545,
                    513,
                    563,
                    521
                ]
            },
            {
                "text": "w/",
                "box": [
                    508,
                    522,
                    525,
                    536
                ]
            },
            {
                "text": "SORBITOL",
                "box": [
                    524,
                    524,
                    573,
                    535
                ]
            },
            {
                "text": "(#647/",
                "box": [
                    513,
                    535,
                    548,
                    546
                ]
            },
            {
                "text": "627)",
                "box": [
                    545,
                    534,
                    579,
                    545
                ]
            }
        ],
        "id": 46,
        "neighbours": [
            "PROJECT",
            "ATTRIBUTES",
            "Competitive",
            "54%",
            "46%46%",
            "VICEROY",
            "Competitive",
            "-4",
            "+7*",
            "+14",
            "+26*",
            "# 19 4- 26A",
            "25% Replacement of Propylene Glycol With SORBITOL",
            "Current VICEROY 84 (#647/ 647",
            "Current VICEROY 84 (#627/ 647)",
            "25% PG w/ SORBITOL #647/ 627"
        ]
    },
    {
        "text": "Current VICEROY 84 (#627/ 647)",
        "box": [
            184,
            513,
            254,
            547
        ],
        "linking": [
            [
                14,
                47
            ]
        ],
        "label": "answer",
        "words": [
            {
                "text": "Current",
                "box": [
                    191,
                    513,
                    236,
                    524
                ]
            },
            {
                "text": "VICEROY",
                "box": [
                    184,
                    524,
                    230,
                    535
                ]
            },
            {
                "text": "84",
                "box": [
                    232,
                    524,
                    247,
                    534
                ]
            },
            {
                "text": "(#627/",
                "box": [
                    187,
                    536,
                    222,
                    547
                ]
            },
            {
                "text": "647)",
                "box": [
                    222,
                    536,
                    254,
                    546
                ]
            }
        ],
        "id": 47,
        "neighbours": [
            "SUBJECT:",
            "SAMPLE:",
            "CIGARETTES",
            "REFERENCE",
            "ATTRIBUTES",
            "VICEROY",
            "Competitive",
            "+22",
            "+1",
            "+5",
            "STRENGTH",
            "HARSHNESS",
            "AFTERTASTE",
            "TOP- LINES NON- MENTHOL PRODUCT TEST",
            "25% Replacement of Propylene Glycol With SORBITOL",
            "250 VICEROY/ 125 Marlboro/ 125 Winston",
            "#627/ 647 -",
            "#647/ #627 -",
            "Current VICEROY B4",
            "Current VICEROY 84 except with 25% of the propylene glycol replaced with SORBITOL.",
            "NOTICE IF THE FILM IMAGE IS LESS CLEAR THAN THIS NOTICE. IT IS DUE TO THE QUALITY OF THE DOCUMENT BEING FILMED",
            "77905 6433",
            "(#627/ 647",
            "(#647/ 627)",
            "Current VICEROY 84 25% PG with SORBITOL",
            "Current VICEROY 84 (#647/ 647",
            "25% PG w/ SORBITOL (#647/ 627)",
            "25% PG w/ SORBITOL #647/ 627"
        ]
    },
    {
        "text": "25% PG w/ SORBITOL #647/ 627",
        "box": [
            268,
            511,
            339,
            548
        ],
        "linking": [
            [
                14,
                48
            ]
        ],
        "label": "answer",
        "words": [
            {
                "text": "25%",
                "box": [
                    281,
                    511,
                    301,
                    524
                ]
            },
            {
                "text": "PG",
                "box": [
                    306,
                    513,
                    320,
                    524
                ]
            },
            {
                "text": "w/",
                "box": [
                    268,
                    524,
                    283,
                    535
                ]
            },
            {
                "text": "SORBITOL",
                "box": [
                    281,
                    525,
                    334,
                    536
                ]
            },
            {
                "text": "#647/",
                "box": [
                    274,
                    535,
                    316,
                    548
                ]
            },
            {
                "text": "627",
                "box": [
                    317,
                    535,
                    339,
                    546
                ]
            }
        ],
        "id": 48,
        "neighbours": [
            "ATTRIBUTES",
            "VICEROY",
            "VICEROY",
            "Competitive",
            "-15*",
            "-5",
            "+21",
            "TOP- LINES NON- MENTHOL PRODUCT TEST",
            "#627/ 647 -",
            "#647/ #627 -",
            "Current VICEROY B4",
            "Current VICEROY 84 except with 25% of the propylene glycol replaced with SORBITOL.",
            "*Statistically Significant",
            "Current VICEROY 84 25% PG with SORBITOL",
            "Current VICEROY 84 (#647/ 647",
            "25% PG w/ SORBITOL (#647/ 627)",
            "Current VICEROY 84 (#627/ 647)"
        ]
    }
]