[
    {
        "box": [
            482,
            102,
            497,
            115
        ],
        "text": "\u2611",
        "label": "answer",
        "words": [
            {
                "box": [
                    482,
                    102,
                    497,
                    115
                ],
                "text": "\u2611"
            }
        ],
        "linking": [
            [
                7,
                0
            ]
        ],
        "id": 0,
        "neighbours": [
            "620745255",
            "Signed",
            "BROWN & WILLIAMSON TOBACCO CORPORATION LOUISVILLE, KENTUCKY 40201",
            "SPECIAL SAMPLE MANUFACTURE",
            "SHIPMENT \u2610",
            "TRANSFER \u2610",
            "REDUCED TO MATERIAL \u2610",
            "Date of Request",
            "Account Number",
            "Quantity, Cartons of 200 each",
            "Tax Status Paid or Free",
            "KS 1 mg grooved product using 4. 3/ 37 filter material. Cigarette code 244131",
            "B. D. WINGLER"
        ]
    },
    {
        "box": [
            345,
            454,
            362,
            468
        ],
        "text": "20",
        "label": "answer",
        "words": [
            {
                "box": [
                    345,
                    454,
                    362,
                    468
                ],
                "text": "20"
            }
        ],
        "linking": [
            [
                21,
                1
            ],
            [
                18,
                1
            ]
        ],
        "id": 1,
        "neighbours": [
            "Signed",
            "Free",
            "SHIPMENT \u2610",
            "TRANSFER \u2610",
            "REDUCED TO MATERIAL \u2610",
            "Factory Cost Dept. Writer Development Center Sue Livesay",
            "Quantity, Cartons of 200 each",
            "R & D",
            "Special Instructions & Comments"
        ]
    },
    {
        "box": [
            506,
            848,
            623,
            869
        ],
        "text": "620745255",
        "label": "other",
        "words": [
            {
                "box": [
                    506,
                    848,
                    623,
                    869
                ],
                "text": "620745255"
            }
        ],
        "linking": [],
        "id": 2,
        "neighbours": [
            "\u2611",
            "Signed",
            "Free",
            "BROWN & WILLIAMSON TOBACCO CORPORATION LOUISVILLE, KENTUCKY 40201",
            "SPECIAL SAMPLE MANUFACTURE",
            "SHIPMENT \u2610",
            "TRANSFER \u2610",
            "REDUCED TO MATERIAL \u2610",
            "Date of Request",
            "Account Number",
            "6/ 25/ 81",
            "22 244 00",
            "Quantity, Cartons of 200 each",
            "Tax Status Paid or Free",
            "KS 1 mg grooved product using 4. 3/ 37 filter material. Cigarette code 244131",
            "B. D. WINGLER"
        ]
    },
    {
        "box": [
            420,
            899,
            474,
            916
        ],
        "text": "Signed",
        "label": "question",
        "words": [
            {
                "box": [
                    420,
                    899,
                    474,
                    916
                ],
                "text": "Signed"
            }
        ],
        "linking": [
            [
                3,
                29
            ]
        ],
        "id": 3,
        "neighbours": [
            "\u2611",
            "20",
            "620745255",
            "BROWN & WILLIAMSON TOBACCO CORPORATION LOUISVILLE, KENTUCKY 40201",
            "SPECIAL SAMPLE MANUFACTURE",
            "SHIPMENT \u2610",
            "TRANSFER \u2610",
            "REDUCED TO MATERIAL \u2610",
            "Date of Request",
            "Account Number",
            "Quantity, Cartons of 200 each",
            "KS 1 mg grooved product using 4. 3/ 37 filter material. Cigarette code 244131",
            "Completion Date",
            "6/ 25/ 81",
            "B. D. WINGLER"
        ]
    },
    {
        "box": [
            584,
            458,
            616,
            472
        ],
        "text": "Free",
        "label": "answer",
        "words": [
            {
                "box": [
                    584,
                    458,
                    616,
                    472
                ],
                "text": "Free"
            }
        ],
        "linking": [
            [
                21,
                4
            ],
            [
                19,
                4
            ]
        ],
        "id": 4,
        "neighbours": [
            "20",
            "620745255",
            "BROWN & WILLIAMSON TOBACCO CORPORATION LOUISVILLE, KENTUCKY 40201",
            "Date of Request",
            "Account Number",
            "6/ 25/ 81",
            "22 244 00",
            "Tax Status Paid or Free",
            "R & D",
            "B. D. WINGLER"
        ]
    },
    {
        "text": "DC B38 (8 78)",
        "box": [
            39,
            29,
            105,
            42
        ],
        "linking": [],
        "label": "other",
        "words": [
            {
                "text": "DC",
                "box": [
                    39,
                    29,
                    56,
                    39
                ]
            },
            {
                "text": "B38",
                "box": [
                    57,
                    31,
                    74,
                    41
                ]
            },
            {
                "text": "(8",
                "box": [
                    78,
                    31,
                    91,
                    42
                ]
            },
            {
                "text": "78)",
                "box": [
                    92,
                    31,
                    105,
                    41
                ]
            }
        ],
        "id": 5,
        "neighbours": [
            "Copies to:",
            "Factory Cost Dept. Writer Development Center Sue Livesay",
            "Sample Disposition",
            "To Sample Stock",
            "R & D",
            "M. R.",
            "Method of Shipment",
            "Cigarette Description",
            "KS 1 mg grooved product using 4. 3/ 37 filter material. Cigarette code 244131",
            "Special Instructions & Comments",
            "Completion Date"
        ]
    },
    {
        "text": "BROWN & WILLIAMSON TOBACCO CORPORATION LOUISVILLE, KENTUCKY 40201",
        "box": [
            200,
            59,
            525,
            87
        ],
        "linking": [],
        "label": "header",
        "words": [
            {
                "text": "BROWN",
                "box": [
                    200,
                    59,
                    243,
                    72
                ]
            },
            {
                "text": "&",
                "box": [
                    251,
                    59,
                    261,
                    70
                ]
            },
            {
                "text": "WILLIAMSON",
                "box": [
                    268,
                    59,
                    355,
                    72
                ]
            },
            {
                "text": "TOBACCO",
                "box": [
                    363,
                    59,
                    424,
                    70
                ]
            },
            {
                "text": "CORPORATION",
                "box": [
                    430,
                    59,
                    525,
                    73
                ]
            },
            {
                "text": "LOUISVILLE,",
                "box": [
                    250,
                    73,
                    345,
                    87
                ]
            },
            {
                "text": "KENTUCKY",
                "box": [
                    355,
                    73,
                    425,
                    87
                ]
            },
            {
                "text": "40201",
                "box": [
                    439,
                    74,
                    480,
                    85
                ]
            }
        ],
        "id": 6,
        "neighbours": [
            "\u2611",
            "20",
            "620745255",
            "Signed",
            "Free",
            "SPECIAL SAMPLE MANUFACTURE",
            "SHIPMENT \u2610",
            "TRANSFER \u2610",
            "REDUCED TO MATERIAL \u2610",
            "Date of Request",
            "Account Number",
            "Factory Cost Dept. Writer Development Center Sue Livesay",
            "Sample Disposition",
            "Quantity, Cartons of 200 each",
            "Tax Status Paid or Free",
            "To Sample Stock",
            "Method of Shipment",
            "Cigarette Description",
            "KS 1 mg grooved product using 4. 3/ 37 filter material. Cigarette code 244131",
            "Special Instructions & Comments",
            "Completion Date",
            "6/ 25/ 81",
            "B. D. WINGLER"
        ]
    },
    {
        "text": "SPECIAL SAMPLE MANUFACTURE",
        "box": [
            250,
            101,
            473,
            114
        ],
        "linking": [
            [
                7,
                0
            ]
        ],
        "label": "question",
        "words": [
            {
                "text": "SPECIAL",
                "box": [
                    250,
                    101,
                    313,
                    114
                ]
            },
            {
                "text": "SAMPLE",
                "box": [
                    320,
                    101,
                    374,
                    114
                ]
            },
            {
                "text": "MANUFACTURE",
                "box": [
                    377,
                    101,
                    473,
                    114
                ]
            }
        ],
        "id": 7,
        "neighbours": [
            "\u2611",
            "20",
            "620745255",
            "Signed",
            "BROWN & WILLIAMSON TOBACCO CORPORATION LOUISVILLE, KENTUCKY 40201",
            "SHIPMENT \u2610",
            "TRANSFER \u2610",
            "REDUCED TO MATERIAL \u2610",
            "Date of Request",
            "Account Number",
            "Factory Cost Dept. Writer Development Center Sue Livesay",
            "Sample Disposition",
            "Quantity, Cartons of 200 each",
            "To Sample Stock",
            "Method of Shipment",
            "Cigarette Description",
            "KS 1 mg grooved product using 4. 3/ 37 filter material. Cigarette code 244131",
            "Special Instructions & Comments",
            "6/ 25/ 81",
            "B. D. WINGLER"
        ]
    },
    {
        "text": "SHIPMENT \u2610",
        "box": [
            405,
            123,
            499,
            137
        ],
        "linking": [],
        "label": "question",
        "words": [
            {
                "text": "SHIPMENT",
                "box": [
                    405,
                    123,
                    469,
                    137
                ]
            },
            {
                "text": "\u2610",
                "box": [
                    482,
                    123,
                    499,
                    137
                ]
            }
        ],
        "id": 8,
        "neighbours": [
            "\u2611",
            "20",
            "620745255",
            "Signed",
            "BROWN & WILLIAMSON TOBACCO CORPORATION LOUISVILLE, KENTUCKY 40201",
            "SPECIAL SAMPLE MANUFACTURE",
            "TRANSFER \u2610",
            "REDUCED TO MATERIAL \u2610",
            "Date of Request",
            "Account Number",
            "Quantity, Cartons of 200 each",
            "Tax Status Paid or Free",
            "KS 1 mg grooved product using 4. 3/ 37 filter material. Cigarette code 244131",
            "B. D. WINGLER"
        ]
    },
    {
        "text": "TRANSFER \u2610",
        "box": [
            406,
            142,
            496,
            157
        ],
        "linking": [],
        "label": "question",
        "words": [
            {
                "text": "TRANSFER",
                "box": [
                    406,
                    142,
                    473,
                    157
                ]
            },
            {
                "text": "\u2610",
                "box": [
                    482,
                    142,
                    496,
                    157
                ]
            }
        ],
        "id": 9,
        "neighbours": [
            "\u2611",
            "20",
            "620745255",
            "Signed",
            "BROWN & WILLIAMSON TOBACCO CORPORATION LOUISVILLE, KENTUCKY 40201",
            "SPECIAL SAMPLE MANUFACTURE",
            "SHIPMENT \u2610",
            "REDUCED TO MATERIAL \u2610",
            "Date of Request",
            "Account Number",
            "Quantity, Cartons of 200 each",
            "Tax Status Paid or Free",
            "KS 1 mg grooved product using 4. 3/ 37 filter material. Cigarette code 244131",
            "B. D. WINGLER"
        ]
    },
    {
        "text": "REDUCED TO MATERIAL \u2610",
        "box": [
            311,
            162,
            497,
            180
        ],
        "linking": [],
        "label": "question",
        "words": [
            {
                "text": "REDUCED",
                "box": [
                    311,
                    162,
                    375,
                    176
                ]
            },
            {
                "text": "TO",
                "box": [
                    377,
                    162,
                    397,
                    176
                ]
            },
            {
                "text": "MATERIAL",
                "box": [
                    399,
                    163,
                    467,
                    180
                ]
            },
            {
                "text": "\u2610",
                "box": [
                    482,
                    165,
                    497,
                    179
                ]
            }
        ],
        "id": 10,
        "neighbours": [
            "\u2611",
            "20",
            "620745255",
            "Signed",
            "BROWN & WILLIAMSON TOBACCO CORPORATION LOUISVILLE, KENTUCKY 40201",
            "SPECIAL SAMPLE MANUFACTURE",
            "SHIPMENT \u2610",
            "TRANSFER \u2610",
            "Date of Request",
            "Account Number",
            "6/ 25/ 81",
            "Copies to:",
            "Factory Cost Dept. Writer Development Center Sue Livesay",
            "Quantity, Cartons of 200 each",
            "Tax Status Paid or Free",
            "KS 1 mg grooved product using 4. 3/ 37 filter material. Cigarette code 244131",
            "Special Instructions & Comments",
            "6/ 25/ 81",
            "B. D. WINGLER"
        ]
    },
    {
        "text": "Date of Request",
        "box": [
            436,
            186,
            565,
            203
        ],
        "linking": [
            [
                11,
                13
            ]
        ],
        "label": "question",
        "words": [
            {
                "text": "Date",
                "box": [
                    436,
                    186,
                    474,
                    200
                ]
            },
            {
                "text": "of",
                "box": [
                    479,
                    186,
                    497,
                    201
                ]
            },
            {
                "text": "Request",
                "box": [
                    504,
                    186,
                    565,
                    203
                ]
            }
        ],
        "id": 11,
        "neighbours": [
            "\u2611",
            "620745255",
            "Signed",
            "Free",
            "BROWN & WILLIAMSON TOBACCO CORPORATION LOUISVILLE, KENTUCKY 40201",
            "SPECIAL SAMPLE MANUFACTURE",
            "SHIPMENT \u2610",
            "TRANSFER \u2610",
            "REDUCED TO MATERIAL \u2610",
            "Account Number",
            "6/ 25/ 81",
            "22 244 00",
            "Copies to:",
            "Factory Cost Dept. Writer Development Center Sue Livesay",
            "Quantity, Cartons of 200 each",
            "Tax Status Paid or Free",
            "KS 1 mg grooved product using 4. 3/ 37 filter material. Cigarette code 244131",
            "B. D. WINGLER"
        ]
    },
    {
        "text": "Account Number",
        "box": [
            436,
            201,
            557,
            216
        ],
        "linking": [
            [
                12,
                14
            ]
        ],
        "label": "question",
        "words": [
            {
                "text": "Account",
                "box": [
                    436,
                    203,
                    499,
                    216
                ]
            },
            {
                "text": "Number",
                "box": [
                    503,
                    201,
                    557,
                    214
                ]
            }
        ],
        "id": 12,
        "neighbours": [
            "\u2611",
            "620745255",
            "Signed",
            "Free",
            "BROWN & WILLIAMSON TOBACCO CORPORATION LOUISVILLE, KENTUCKY 40201",
            "SPECIAL SAMPLE MANUFACTURE",
            "SHIPMENT \u2610",
            "TRANSFER \u2610",
            "REDUCED TO MATERIAL \u2610",
            "Date of Request",
            "6/ 25/ 81",
            "22 244 00",
            "Factory Cost Dept. Writer Development Center Sue Livesay",
            "Quantity, Cartons of 200 each",
            "Tax Status Paid or Free",
            "KS 1 mg grooved product using 4. 3/ 37 filter material. Cigarette code 244131",
            "B. D. WINGLER"
        ]
    },
    {
        "text": "6/ 25/ 81",
        "box": [
            610,
            182,
            662,
            200
        ],
        "linking": [
            [
                11,
                13
            ]
        ],
        "label": "answer",
        "words": [
            {
                "text": "6/",
                "box": [
                    610,
                    182,
                    625,
                    199
                ]
            },
            {
                "text": "25/",
                "box": [
                    627,
                    182,
                    645,
                    200
                ]
            },
            {
                "text": "81",
                "box": [
                    645,
                    186,
                    662,
                    199
                ]
            }
        ],
        "id": 13,
        "neighbours": [
            "620745255",
            "Free",
            "REDUCED TO MATERIAL \u2610",
            "Date of Request",
            "Account Number",
            "22 244 00",
            "Copies to:",
            "Factory Cost Dept. Writer Development Center Sue Livesay",
            "Tax Status Paid or Free",
            "B. D. WINGLER"
        ]
    },
    {
        "text": "22 244 00",
        "box": [
            596,
            204,
            662,
            219
        ],
        "linking": [
            [
                12,
                14
            ]
        ],
        "label": "answer",
        "words": [
            {
                "text": "22",
                "box": [
                    596,
                    204,
                    611,
                    218
                ]
            },
            {
                "text": "244",
                "box": [
                    617,
                    204,
                    641,
                    219
                ]
            },
            {
                "text": "00",
                "box": [
                    645,
                    204,
                    662,
                    218
                ]
            }
        ],
        "id": 14,
        "neighbours": [
            "620745255",
            "Free",
            "Date of Request",
            "Account Number",
            "6/ 25/ 81",
            "Factory Cost Dept. Writer Development Center Sue Livesay",
            "Tax Status Paid or Free",
            "B. D. WINGLER"
        ]
    },
    {
        "text": "Copies to:",
        "box": [
            43,
            168,
            130,
            184
        ],
        "linking": [
            [
                15,
                16
            ]
        ],
        "label": "question",
        "words": [
            {
                "text": "Copies",
                "box": [
                    43,
                    169,
                    99,
                    184
                ]
            },
            {
                "text": "to:",
                "box": [
                    108,
                    168,
                    130,
                    183
                ]
            }
        ],
        "id": 15,
        "neighbours": [
            "DC B38 (8 78)",
            "REDUCED TO MATERIAL \u2610",
            "Date of Request",
            "6/ 25/ 81",
            "Factory Cost Dept. Writer Development Center Sue Livesay",
            "Sample Disposition",
            "To Sample Stock",
            "R & D",
            "M. R.",
            "Method of Shipment",
            "Cigarette Description",
            "KS 1 mg grooved product using 4. 3/ 37 filter material. Cigarette code 244131",
            "Special Instructions & Comments",
            "Completion Date"
        ]
    },
    {
        "text": "Factory Cost Dept. Writer Development Center Sue Livesay",
        "box": [
            128,
            198,
            284,
            256
        ],
        "linking": [
            [
                15,
                16
            ]
        ],
        "label": "answer",
        "words": [
            {
                "text": "Factory",
                "box": [
                    130,
                    198,
                    190,
                    212
                ]
            },
            {
                "text": "Cost",
                "box": [
                    198,
                    198,
                    233,
                    215
                ]
            },
            {
                "text": "Dept.",
                "box": [
                    240,
                    198,
                    283,
                    215
                ]
            },
            {
                "text": "Writer",
                "box": [
                    128,
                    215,
                    182,
                    226
                ]
            },
            {
                "text": "Development",
                "box": [
                    130,
                    228,
                    224,
                    242
                ]
            },
            {
                "text": "Center",
                "box": [
                    232,
                    226,
                    284,
                    243
                ]
            },
            {
                "text": "Sue",
                "box": [
                    135,
                    243,
                    157,
                    254
                ]
            },
            {
                "text": "Livesay",
                "box": [
                    163,
                    243,
                    213,
                    256
                ]
            }
        ],
        "id": 16,
        "neighbours": [
            "20",
            "DC B38 (8 78)",
            "BROWN & WILLIAMSON TOBACCO CORPORATION LOUISVILLE, KENTUCKY 40201",
            "SPECIAL SAMPLE MANUFACTURE",
            "REDUCED TO MATERIAL \u2610",
            "Date of Request",
            "Account Number",
            "6/ 25/ 81",
            "22 244 00",
            "Copies to:",
            "Sample Disposition",
            "Quantity, Cartons of 200 each",
            "To Sample Stock",
            "R & D",
            "M. R.",
            "Method of Shipment",
            "Cigarette Description",
            "KS 1 mg grooved product using 4. 3/ 37 filter material. Cigarette code 244131",
            "Special Instructions & Comments",
            "Completion Date",
            "6/ 25/ 81"
        ]
    },
    {
        "text": "Sample Disposition",
        "box": [
            42,
            338,
            200,
            355
        ],
        "linking": [],
        "label": "question",
        "words": [
            {
                "text": "Sample",
                "box": [
                    42,
                    339,
                    94,
                    354
                ]
            },
            {
                "text": "Disposition",
                "box": [
                    102,
                    338,
                    200,
                    355
                ]
            }
        ],
        "id": 17,
        "neighbours": [
            "DC B38 (8 78)",
            "BROWN & WILLIAMSON TOBACCO CORPORATION LOUISVILLE, KENTUCKY 40201",
            "SPECIAL SAMPLE MANUFACTURE",
            "Copies to:",
            "Factory Cost Dept. Writer Development Center Sue Livesay",
            "To Sample Stock",
            "R & D",
            "M. R.",
            "Method of Shipment",
            "Cigarette Description",
            "KS 1 mg grooved product using 4. 3/ 37 filter material. Cigarette code 244131",
            "Special Instructions & Comments",
            "Completion Date",
            "6/ 25/ 81"
        ]
    },
    {
        "text": "Quantity, Cartons of 200 each",
        "box": [
            296,
            383,
            445,
            412
        ],
        "linking": [
            [
                18,
                1
            ]
        ],
        "label": "question",
        "words": [
            {
                "text": "Quantity,",
                "box": [
                    296,
                    383,
                    374,
                    398
                ]
            },
            {
                "text": "Cartons",
                "box": [
                    384,
                    383,
                    445,
                    397
                ]
            },
            {
                "text": "of",
                "box": [
                    299,
                    397,
                    317,
                    410
                ]
            },
            {
                "text": "200",
                "box": [
                    324,
                    395,
                    352,
                    410
                ]
            },
            {
                "text": "each",
                "box": [
                    359,
                    398,
                    394,
                    412
                ]
            }
        ],
        "id": 18,
        "neighbours": [
            "\u2611",
            "20",
            "620745255",
            "Signed",
            "SPECIAL SAMPLE MANUFACTURE",
            "SHIPMENT \u2610",
            "TRANSFER \u2610",
            "REDUCED TO MATERIAL \u2610",
            "Date of Request",
            "Account Number",
            "Factory Cost Dept. Writer Development Center Sue Livesay",
            "Tax Status Paid or Free",
            "KS 1 mg grooved product using 4. 3/ 37 filter material. Cigarette code 244131",
            "Special Instructions & Comments",
            "6/ 25/ 81"
        ]
    },
    {
        "text": "Tax Status Paid or Free",
        "box": [
            553,
            383,
            659,
            414
        ],
        "linking": [
            [
                19,
                4
            ]
        ],
        "label": "question",
        "words": [
            {
                "text": "Tax",
                "box": [
                    553,
                    383,
                    581,
                    397
                ]
            },
            {
                "text": "Status",
                "box": [
                    588,
                    384,
                    640,
                    399
                ]
            },
            {
                "text": "Paid",
                "box": [
                    553,
                    399,
                    591,
                    413
                ]
            },
            {
                "text": "or",
                "box": [
                    598,
                    399,
                    618,
                    414
                ]
            },
            {
                "text": "Free",
                "box": [
                    623,
                    401,
                    659,
                    414
                ]
            }
        ],
        "id": 19,
        "neighbours": [
            "\u2611",
            "620745255",
            "Free",
            "BROWN & WILLIAMSON TOBACCO CORPORATION LOUISVILLE, KENTUCKY 40201",
            "SHIPMENT \u2610",
            "TRANSFER \u2610",
            "REDUCED TO MATERIAL \u2610",
            "Date of Request",
            "Account Number",
            "6/ 25/ 81",
            "22 244 00",
            "Quantity, Cartons of 200 each",
            "To Sample Stock",
            "KS 1 mg grooved product using 4. 3/ 37 filter material. Cigarette code 244131",
            "B. D. WINGLER"
        ]
    },
    {
        "text": "To Sample Stock",
        "box": [
            59,
            422,
            189,
            440
        ],
        "linking": [
            [
                20,
                21
            ],
            [
                20,
                22
            ]
        ],
        "label": "header",
        "words": [
            {
                "text": "To",
                "box": [
                    59,
                    423,
                    76,
                    438
                ]
            },
            {
                "text": "Sample",
                "box": [
                    85,
                    425,
                    137,
                    440
                ]
            },
            {
                "text": "Stock",
                "box": [
                    144,
                    422,
                    189,
                    440
                ]
            }
        ],
        "id": 20,
        "neighbours": [
            "DC B38 (8 78)",
            "BROWN & WILLIAMSON TOBACCO CORPORATION LOUISVILLE, KENTUCKY 40201",
            "SPECIAL SAMPLE MANUFACTURE",
            "Copies to:",
            "Factory Cost Dept. Writer Development Center Sue Livesay",
            "Sample Disposition",
            "Tax Status Paid or Free",
            "R & D",
            "M. R.",
            "Method of Shipment",
            "Cigarette Description",
            "KS 1 mg grooved product using 4. 3/ 37 filter material. Cigarette code 244131",
            "Special Instructions & Comments",
            "Completion Date",
            "6/ 25/ 81"
        ]
    },
    {
        "text": "R & D",
        "box": [
            99,
            451,
            127,
            466
        ],
        "linking": [
            [
                20,
                21
            ],
            [
                21,
                1
            ],
            [
                21,
                4
            ]
        ],
        "label": "question",
        "words": [
            {
                "text": "R",
                "box": [
                    99,
                    453,
                    110,
                    466
                ]
            },
            {
                "text": "&",
                "box": [
                    109,
                    451,
                    117,
                    466
                ]
            },
            {
                "text": "D",
                "box": [
                    117,
                    453,
                    127,
                    466
                ]
            }
        ],
        "id": 21,
        "neighbours": [
            "20",
            "Free",
            "DC B38 (8 78)",
            "Copies to:",
            "Factory Cost Dept. Writer Development Center Sue Livesay",
            "Sample Disposition",
            "To Sample Stock",
            "M. R.",
            "Method of Shipment",
            "KS 1 mg grooved product using 4. 3/ 37 filter material. Cigarette code 244131",
            "Completion Date"
        ]
    },
    {
        "text": "M. R.",
        "box": [
            101,
            482,
            131,
            496
        ],
        "linking": [
            [
                20,
                22
            ]
        ],
        "label": "question",
        "words": [
            {
                "text": "M.",
                "box": [
                    101,
                    482,
                    115,
                    496
                ]
            },
            {
                "text": "R.",
                "box": [
                    116,
                    482,
                    131,
                    495
                ]
            }
        ],
        "id": 22,
        "neighbours": [
            "DC B38 (8 78)",
            "Copies to:",
            "Factory Cost Dept. Writer Development Center Sue Livesay",
            "Sample Disposition",
            "To Sample Stock",
            "R & D",
            "Method of Shipment",
            "KS 1 mg grooved product using 4. 3/ 37 filter material. Cigarette code 244131",
            "Completion Date"
        ]
    },
    {
        "text": "Method of Shipment",
        "box": [
            54,
            549,
            212,
            567
        ],
        "linking": [],
        "label": "question",
        "words": [
            {
                "text": "Method",
                "box": [
                    54,
                    550,
                    108,
                    565
                ]
            },
            {
                "text": "of",
                "box": [
                    116,
                    549,
                    136,
                    564
                ]
            },
            {
                "text": "Shipment",
                "box": [
                    142,
                    549,
                    212,
                    567
                ]
            }
        ],
        "id": 23,
        "neighbours": [
            "DC B38 (8 78)",
            "BROWN & WILLIAMSON TOBACCO CORPORATION LOUISVILLE, KENTUCKY 40201",
            "SPECIAL SAMPLE MANUFACTURE",
            "Copies to:",
            "Factory Cost Dept. Writer Development Center Sue Livesay",
            "Sample Disposition",
            "To Sample Stock",
            "R & D",
            "M. R.",
            "Cigarette Description",
            "KS 1 mg grooved product using 4. 3/ 37 filter material. Cigarette code 244131",
            "Special Instructions & Comments",
            "Completion Date",
            "6/ 25/ 81"
        ]
    },
    {
        "text": "Cigarette Description",
        "box": [
            36,
            592,
            220,
            609
        ],
        "linking": [
            [
                24,
                25
            ]
        ],
        "label": "question",
        "words": [
            {
                "text": "Cigarette",
                "box": [
                    36,
                    592,
                    117,
                    607
                ]
            },
            {
                "text": "Description",
                "box": [
                    124,
                    592,
                    220,
                    609
                ]
            }
        ],
        "id": 24,
        "neighbours": [
            "DC B38 (8 78)",
            "BROWN & WILLIAMSON TOBACCO CORPORATION LOUISVILLE, KENTUCKY 40201",
            "SPECIAL SAMPLE MANUFACTURE",
            "Copies to:",
            "Factory Cost Dept. Writer Development Center Sue Livesay",
            "Sample Disposition",
            "To Sample Stock",
            "R & D",
            "M. R.",
            "Method of Shipment",
            "KS 1 mg grooved product using 4. 3/ 37 filter material. Cigarette code 244131",
            "Special Instructions & Comments",
            "Completion Date",
            "6/ 25/ 81"
        ]
    },
    {
        "text": "KS 1 mg grooved product using 4. 3/ 37 filter material. Cigarette code 244131",
        "box": [
            127,
            634,
            504,
            678
        ],
        "linking": [
            [
                24,
                25
            ]
        ],
        "label": "answer",
        "words": [
            {
                "text": "KS",
                "box": [
                    128,
                    635,
                    143,
                    648
                ]
            },
            {
                "text": "1",
                "box": [
                    152,
                    634,
                    159,
                    648
                ]
            },
            {
                "text": "mg",
                "box": [
                    165,
                    638,
                    180,
                    649
                ]
            },
            {
                "text": "grooved",
                "box": [
                    186,
                    638,
                    236,
                    651
                ]
            },
            {
                "text": "product",
                "box": [
                    243,
                    638,
                    293,
                    652
                ]
            },
            {
                "text": "using",
                "box": [
                    299,
                    640,
                    337,
                    651
                ]
            },
            {
                "text": "4.",
                "box": [
                    344,
                    637,
                    357,
                    652
                ]
            },
            {
                "text": "3/",
                "box": [
                    358,
                    637,
                    373,
                    651
                ]
            },
            {
                "text": "37",
                "box": [
                    372,
                    638,
                    389,
                    649
                ]
            },
            {
                "text": "filter",
                "box": [
                    392,
                    638,
                    435,
                    653
                ]
            },
            {
                "text": "material.",
                "box": [
                    441,
                    638,
                    504,
                    653
                ]
            },
            {
                "text": "Cigarette",
                "box": [
                    127,
                    662,
                    194,
                    677
                ]
            },
            {
                "text": "code",
                "box": [
                    200,
                    663,
                    229,
                    677
                ]
            },
            {
                "text": "244131",
                "box": [
                    236,
                    663,
                    278,
                    678
                ]
            }
        ],
        "id": 25,
        "neighbours": [
            "\u2611",
            "20",
            "620745255",
            "Signed",
            "DC B38 (8 78)",
            "BROWN & WILLIAMSON TOBACCO CORPORATION LOUISVILLE, KENTUCKY 40201",
            "SPECIAL SAMPLE MANUFACTURE",
            "SHIPMENT \u2610",
            "TRANSFER \u2610",
            "REDUCED TO MATERIAL \u2610",
            "Date of Request",
            "Account Number",
            "Copies to:",
            "Factory Cost Dept. Writer Development Center Sue Livesay",
            "Sample Disposition",
            "Quantity, Cartons of 200 each",
            "Tax Status Paid or Free",
            "To Sample Stock",
            "R & D",
            "M. R.",
            "Method of Shipment",
            "Cigarette Description",
            "Special Instructions & Comments",
            "Completion Date",
            "6/ 25/ 81",
            "B. D. WINGLER"
        ]
    },
    {
        "text": "Special Instructions & Comments",
        "box": [
            36,
            718,
            305,
            735
        ],
        "linking": [],
        "label": "question",
        "words": [
            {
                "text": "Special",
                "box": [
                    36,
                    719,
                    97,
                    734
                ]
            },
            {
                "text": "Instructions",
                "box": [
                    105,
                    718,
                    210,
                    735
                ]
            },
            {
                "text": "&",
                "box": [
                    216,
                    721,
                    230,
                    734
                ]
            },
            {
                "text": "Comments",
                "box": [
                    235,
                    719,
                    305,
                    734
                ]
            }
        ],
        "id": 26,
        "neighbours": [
            "20",
            "DC B38 (8 78)",
            "BROWN & WILLIAMSON TOBACCO CORPORATION LOUISVILLE, KENTUCKY 40201",
            "SPECIAL SAMPLE MANUFACTURE",
            "REDUCED TO MATERIAL \u2610",
            "Copies to:",
            "Factory Cost Dept. Writer Development Center Sue Livesay",
            "Sample Disposition",
            "Quantity, Cartons of 200 each",
            "To Sample Stock",
            "R & D",
            "M. R.",
            "Method of Shipment",
            "Cigarette Description",
            "KS 1 mg grooved product using 4. 3/ 37 filter material. Cigarette code 244131",
            "Completion Date",
            "6/ 25/ 81"
        ]
    },
    {
        "text": "Completion Date",
        "box": [
            34,
            895,
            164,
            913
        ],
        "linking": [
            [
                27,
                28
            ]
        ],
        "label": "question",
        "words": [
            {
                "text": "Completion",
                "box": [
                    34,
                    895,
                    122,
                    913
                ]
            },
            {
                "text": "Date",
                "box": [
                    128,
                    897,
                    164,
                    912
                ]
            }
        ],
        "id": 27,
        "neighbours": [
            "Signed",
            "DC B38 (8 78)",
            "BROWN & WILLIAMSON TOBACCO CORPORATION LOUISVILLE, KENTUCKY 40201",
            "Copies to:",
            "Factory Cost Dept. Writer Development Center Sue Livesay",
            "Sample Disposition",
            "To Sample Stock",
            "R & D",
            "M. R.",
            "Method of Shipment",
            "Cigarette Description",
            "KS 1 mg grooved product using 4. 3/ 37 filter material. Cigarette code 244131",
            "Special Instructions & Comments",
            "6/ 25/ 81",
            "B. D. WINGLER"
        ]
    },
    {
        "text": "6/ 25/ 81",
        "box": [
            221,
            895,
            272,
            909
        ],
        "linking": [
            [
                27,
                28
            ]
        ],
        "label": "answer",
        "words": [
            {
                "text": "6/",
                "box": [
                    221,
                    895,
                    236,
                    909
                ]
            },
            {
                "text": "25/",
                "box": [
                    236,
                    895,
                    257,
                    909
                ]
            },
            {
                "text": "81",
                "box": [
                    257,
                    895,
                    272,
                    909
                ]
            }
        ],
        "id": 28,
        "neighbours": [
            "Signed",
            "BROWN & WILLIAMSON TOBACCO CORPORATION LOUISVILLE, KENTUCKY 40201",
            "SPECIAL SAMPLE MANUFACTURE",
            "REDUCED TO MATERIAL \u2610",
            "Factory Cost Dept. Writer Development Center Sue Livesay",
            "Sample Disposition",
            "Quantity, Cartons of 200 each",
            "To Sample Stock",
            "Method of Shipment",
            "Cigarette Description",
            "Special Instructions & Comments",
            "Completion Date",
            "B. D. WINGLER"
        ]
    },
    {
        "text": "B. D. WINGLER",
        "box": [
            511,
            899,
            605,
            913
        ],
        "linking": [
            [
                3,
                29
            ]
        ],
        "label": "answer",
        "words": [
            {
                "text": "B.",
                "box": [
                    511,
                    899,
                    524,
                    913
                ]
            },
            {
                "text": "D.",
                "box": [
                    532,
                    899,
                    545,
                    913
                ]
            },
            {
                "text": "WINGLER",
                "box": [
                    552,
                    899,
                    605,
                    913
                ]
            }
        ],
        "id": 29,
        "neighbours": [
            "\u2611",
            "620745255",
            "Signed",
            "Free",
            "BROWN & WILLIAMSON TOBACCO CORPORATION LOUISVILLE, KENTUCKY 40201",
            "SPECIAL SAMPLE MANUFACTURE",
            "SHIPMENT \u2610",
            "TRANSFER \u2610",
            "REDUCED TO MATERIAL \u2610",
            "Date of Request",
            "Account Number",
            "6/ 25/ 81",
            "22 244 00",
            "Tax Status Paid or Free",
            "KS 1 mg grooved product using 4. 3/ 37 filter material. Cigarette code 244131",
            "Completion Date",
            "6/ 25/ 81"
        ]
    }
]