[
    {
        "box": [
            53,
            31,
            100,
            46
        ],
        "text": "CAPRI",
        "label": "question",
        "words": [
            {
                "box": [
                    53,
                    31,
                    100,
                    46
                ],
                "text": "CAPRI"
            }
        ],
        "linking": [
            [
                0,
                15
            ]
        ],
        "id": 0,
        "neighbours": [
            "DESCRIPTION:",
            "SUPPLIER:",
            "",
            "PROJECT NO.",
            "1987- 115- CA",
            "MR PERSONNEL:",
            "AUTHORIZED COST:",
            "Int. Init. Date",
            "Ext. Autho. Date",
            "Field Complete",
            "Final Rpt. Due",
            "RELEASED TO ACCTG",
            "2- 25- 88"
        ]
    },
    {
        "box": [
            50,
            102,
            158,
            120
        ],
        "text": "DESCRIPTION:",
        "label": "question",
        "words": [
            {
                "box": [
                    50,
                    102,
                    158,
                    120
                ],
                "text": "DESCRIPTION:"
            }
        ],
        "linking": [
            [
                1,
                18
            ]
        ],
        "id": 1,
        "neighbours": [
            "CAPRI",
            "SUPPLIER:",
            "",
            "CAPRI EXPANSION A&U - CALIFORNIA - WAVE 4.",
            "MR PERSONNEL:",
            "AUTHORIZED COST:",
            "Int. Init. Date",
            "Ext. Autho. Date",
            "Field Complete",
            "Final Rpt. Due",
            "",
            "11- 16- 87",
            "12- -7 -87",
            "1- 11- 88",
            "RELEASED TO ACCTG",
            "2- 25- 88"
        ]
    },
    {
        "box": [
            54,
            145,
            131,
            163
        ],
        "text": "SUPPLIER:",
        "label": "question",
        "words": [
            {
                "box": [
                    54,
                    145,
                    131,
                    163
                ],
                "text": "SUPPLIER:"
            }
        ],
        "linking": [
            [
                2,
                19
            ]
        ],
        "id": 2,
        "neighbours": [
            "CAPRI",
            "DESCRIPTION:",
            "",
            "Kapuler Marketing Research",
            "MR PERSONNEL:",
            "B. R. Pellett",
            "AUTHORIZED COST:",
            "Int. Init. Date",
            "Ext. Autho. Date",
            "Field Complete",
            "Final Rpt. Due",
            "",
            "11- 16- 87",
            "12- -7 -87",
            "1- 11- 88",
            "RELEASED TO ACCTG",
            "2- 25- 88"
        ]
    },
    {
        "box": [
            545,
            901,
            675,
            932
        ],
        "text": "466009457",
        "label": "other",
        "words": [
            {
                "box": [
                    545,
                    901,
                    675,
                    932
                ],
                "text": "466009457"
            }
        ],
        "linking": [],
        "id": 3,
        "neighbours": [
            "9,442",
            "14,165",
            "-Pd.",
            "CUMULATIVE",
            "77.900",
            "PROJECT NO.",
            "1987- 115- CA",
            "CAPRI EXPANSION A&U - CALIFORNIA - WAVE 4."
        ]
    },
    {
        "box": [
            448,
            381,
            497,
            396
        ],
        "text": "47,218",
        "label": "answer",
        "words": [
            {
                "box": [
                    448,
                    381,
                    497,
                    396
                ],
                "text": "47,218"
            }
        ],
        "linking": [
            [
                34,
                4
            ]
        ],
        "id": 4,
        "neighbours": [
            "9,442",
            "14,165",
            "-Pd.",
            "PROJECT NO.",
            "Kapuler Marketing Research",
            "70,825 + +10 % (TOTAL 1987) +7.075 (2 -23 -88 77,900 TOTAL",
            "PAID 1987",
            "DEC 1987 ACCRUAL"
        ]
    },
    {
        "box": [
            454,
            397,
            499,
            410
        ],
        "text": "9,442",
        "label": "answer",
        "words": [
            {
                "box": [
                    454,
                    397,
                    499,
                    410
                ],
                "text": "9,442"
            }
        ],
        "linking": [
            [
                35,
                5
            ]
        ],
        "id": 5,
        "neighbours": [
            "466009457",
            "47,218",
            "14,165",
            "-Pd.",
            "PROJECT NO.",
            "Kapuler Marketing Research",
            "70,825 + +10 % (TOTAL 1987) +7.075 (2 -23 -88 77,900 TOTAL",
            "PAID 1987",
            "DEC 1987 ACCRUAL",
            "CARRYOVER TO 1988"
        ]
    },
    {
        "box": [
            447,
            409,
            499,
            424
        ],
        "text": "14,165",
        "label": "answer",
        "words": [
            {
                "box": [
                    447,
                    409,
                    499,
                    424
                ],
                "text": "14,165"
            }
        ],
        "linking": [
            [
                36,
                6
            ]
        ],
        "id": 6,
        "neighbours": [
            "466009457",
            "47,218",
            "9,442",
            "-Pd.",
            "PROJECT NO.",
            "Kapuler Marketing Research",
            "70,825 + +10 % (TOTAL 1987) +7.075 (2 -23 -88 77,900 TOTAL",
            "DEC 1987 ACCRUAL",
            "CARRYOVER TO 1988"
        ]
    },
    {
        "box": [
            503,
            398,
            528,
            412
        ],
        "text": "-Pd.",
        "label": "other",
        "words": [
            {
                "box": [
                    503,
                    398,
                    528,
                    412
                ],
                "text": "-Pd."
            }
        ],
        "linking": [],
        "id": 7,
        "neighbours": [
            "466009457",
            "47,218",
            "9,442",
            "14,165",
            "CUMULATIVE",
            "PROJECT NO.",
            "Kapuler Marketing Research",
            "70,825 + +10 % (TOTAL 1987) +7.075 (2 -23 -88 77,900 TOTAL",
            "PAID 1987",
            "DEC 1987 ACCRUAL",
            "CARRYOVER TO 1988"
        ]
    },
    {
        "box": [
            567,
            497,
            659,
            512
        ],
        "text": "CUMULATIVE",
        "label": "question",
        "words": [
            {
                "box": [
                    567,
                    497,
                    659,
                    512
                ],
                "text": "CUMULATIVE"
            }
        ],
        "linking": [
            [
                8,
                14
            ]
        ],
        "id": 8,
        "neighbours": [
            "466009457",
            "-Pd.",
            "77.900",
            "PROJECT NO.",
            "1987- 115- CA",
            "CAPRI EXPANSION A&U - CALIFORNIA - WAVE 4.",
            "RELEASED TO ACCTG",
            "PAID OUT OF 1989 BUDGET"
        ]
    },
    {
        "box": [
            205,
            556,
            234,
            569
        ],
        "text": "DEC",
        "label": "question",
        "words": [
            {
                "box": [
                    205,
                    556,
                    234,
                    569
                ],
                "text": "DEC"
            }
        ],
        "linking": [
            [
                33,
                9
            ]
        ],
        "id": 9,
        "neighbours": [
            "FEB",
            "9.442",
            "21.240",
            "3068230.682",
            "77.900",
            "",
            "CAPRI EXPANSION A&U - CALIFORNIA - WAVE 4.",
            "Kapuler Marketing Research",
            "MR PERSONNEL:",
            "B. R. Pellett",
            "AUTHORIZED COST:",
            "70,825 + +10 % (TOTAL 1987) +7.075 (2 -23 -88 77,900 TOTAL",
            "Ext. Autho. Date",
            "Field Complete",
            "",
            "11- 16- 87",
            "12- -7 -87",
            "1- 11- 88",
            "PAID 1987",
            "DEC 1987 ACCRUAL",
            "CARRYOVER TO 1988",
            "2- 25- 88",
            "YEA -",
            "CAPRI -"
        ]
    },
    {
        "box": [
            207,
            573,
            235,
            584
        ],
        "text": "FEB",
        "label": "question",
        "words": [
            {
                "box": [
                    207,
                    573,
                    235,
                    584
                ],
                "text": "FEB"
            }
        ],
        "linking": [
            [
                33,
                10
            ]
        ],
        "id": 10,
        "neighbours": [
            "DEC",
            "21.240",
            "3068230.682",
            "77.900",
            "",
            "CAPRI EXPANSION A&U - CALIFORNIA - WAVE 4.",
            "Kapuler Marketing Research",
            "MR PERSONNEL:",
            "B. R. Pellett",
            "AUTHORIZED COST:",
            "70,825 + +10 % (TOTAL 1987) +7.075 (2 -23 -88 77,900 TOTAL",
            "",
            "11- 16- 87",
            "12- -7 -87",
            "1- 11- 88",
            "PAID 1987",
            "DEC 1987 ACCRUAL",
            "CARRYOVER TO 1988",
            "2- 25- 88",
            "CAPRI -"
        ]
    },
    {
        "box": [
            349,
            547,
            384,
            560
        ],
        "text": "9.442",
        "label": "answer",
        "words": [
            {
                "box": [
                    349,
                    547,
                    384,
                    560
                ],
                "text": "9.442"
            }
        ],
        "linking": [
            [
                38,
                11
            ]
        ],
        "id": 11,
        "neighbours": [
            "DEC",
            "21.240",
            "3068230.682",
            "77.900",
            "B. R. Pellett",
            "PAID OUT OF 1989 BUDGET",
            "DEC 1987 ACCRUAL",
            "CARRYOVER TO 1988",
            "2- 25- 88",
            "YEA -",
            "CAPRI -"
        ]
    },
    {
        "box": [
            342,
            559,
            389,
            570
        ],
        "text": "21.240",
        "label": "answer",
        "words": [
            {
                "box": [
                    342,
                    559,
                    389,
                    570
                ],
                "text": "21.240"
            }
        ],
        "linking": [
            [
                39,
                12
            ]
        ],
        "id": 12,
        "neighbours": [
            "DEC",
            "FEB",
            "9.442",
            "3068230.682",
            "77.900",
            "B. R. Pellett",
            "PAID OUT OF 1989 BUDGET",
            "DEC 1987 ACCRUAL",
            "CARRYOVER TO 1988",
            "2- 25- 88",
            "YEA -",
            "CAPRI -"
        ]
    },
    {
        "box": [
            342,
            570,
            389,
            581
        ],
        "text": "3068230.682",
        "label": "other",
        "words": [
            {
                "box": [
                    342,
                    570,
                    389,
                    581
                ],
                "text": "3068230.682"
            }
        ],
        "linking": [],
        "id": 13,
        "neighbours": [
            "DEC",
            "FEB",
            "9.442",
            "21.240",
            "77.900",
            "B. R. Pellett",
            "PAID OUT OF 1989 BUDGET",
            "DEC 1987 ACCRUAL",
            "CARRYOVER TO 1988",
            "2- 25- 88",
            "YEA -",
            "CAPRI -"
        ]
    },
    {
        "box": [
            587,
            560,
            646,
            581
        ],
        "text": "77.900",
        "label": "answer",
        "words": [
            {
                "box": [
                    587,
                    560,
                    646,
                    581
                ],
                "text": "77.900"
            }
        ],
        "linking": [
            [
                8,
                14
            ]
        ],
        "id": 14,
        "neighbours": [
            "466009457",
            "CUMULATIVE",
            "DEC",
            "FEB",
            "9.442",
            "21.240",
            "3068230.682",
            "1987- 115- CA",
            "CAPRI EXPANSION A&U - CALIFORNIA - WAVE 4.",
            "2- 25- 88",
            "YEA -",
            "CAPRI -"
        ]
    },
    {
        "text": "",
        "box": [
            54,
            43,
            190,
            60
        ],
        "linking": [
            [
                0,
                15
            ]
        ],
        "label": "answer",
        "words": [
            {
                "text": "",
                "box": [
                    54,
                    46,
                    99,
                    60
                ]
            },
            {
                "text": "",
                "box": [
                    98,
                    45,
                    133,
                    60
                ]
            },
            {
                "text": "",
                "box": [
                    131,
                    45,
                    176,
                    58
                ]
            },
            {
                "text": "",
                "box": [
                    176,
                    43,
                    190,
                    58
                ]
            }
        ],
        "id": 15,
        "neighbours": [
            "CAPRI",
            "DESCRIPTION:",
            "SUPPLIER:",
            "DEC",
            "FEB",
            "PROJECT NO.",
            "MR PERSONNEL:",
            "AUTHORIZED COST:",
            "Int. Init. Date",
            "Ext. Autho. Date",
            "Field Complete",
            "Final Rpt. Due",
            "",
            "11- 16- 87",
            "12- -7 -87",
            "1- 11- 88",
            "RELEASED TO ACCTG",
            "PAID 1987",
            "DEC 1987 ACCRUAL",
            "CARRYOVER TO 1988",
            "2- 25- 88"
        ]
    },
    {
        "text": "PROJECT NO.",
        "box": [
            447,
            21,
            540,
            38
        ],
        "linking": [
            [
                16,
                17
            ]
        ],
        "label": "question",
        "words": [
            {
                "text": "PROJECT",
                "box": [
                    447,
                    21,
                    510,
                    38
                ]
            },
            {
                "text": "NO.",
                "box": [
                    515,
                    21,
                    540,
                    36
                ]
            }
        ],
        "id": 16,
        "neighbours": [
            "CAPRI",
            "466009457",
            "47,218",
            "9,442",
            "14,165",
            "-Pd.",
            "CUMULATIVE",
            "",
            "1987- 115- CA",
            "Kapuler Marketing Research",
            "70,825 + +10 % (TOTAL 1987) +7.075 (2 -23 -88 77,900 TOTAL"
        ]
    },
    {
        "text": "1987- 115- CA",
        "box": [
            581,
            17,
            680,
            33
        ],
        "linking": [
            [
                16,
                17
            ]
        ],
        "label": "answer",
        "words": [
            {
                "text": "1987-",
                "box": [
                    581,
                    18,
                    624,
                    33
                ]
            },
            {
                "text": "115-",
                "box": [
                    624,
                    18,
                    659,
                    29
                ]
            },
            {
                "text": "CA",
                "box": [
                    659,
                    17,
                    680,
                    30
                ]
            }
        ],
        "id": 17,
        "neighbours": [
            "CAPRI",
            "466009457",
            "CUMULATIVE",
            "77.900",
            "PROJECT NO.",
            "CAPRI EXPANSION A&U - CALIFORNIA - WAVE 4."
        ]
    },
    {
        "text": "CAPRI EXPANSION A&U - CALIFORNIA - WAVE 4.",
        "box": [
            254,
            91,
            614,
            112
        ],
        "linking": [
            [
                1,
                18
            ]
        ],
        "label": "answer",
        "words": [
            {
                "text": "CAPRI",
                "box": [
                    254,
                    98,
                    299,
                    112
                ]
            },
            {
                "text": "EXPANSION",
                "box": [
                    306,
                    96,
                    386,
                    111
                ]
            },
            {
                "text": "A&U",
                "box": [
                    391,
                    95,
                    419,
                    110
                ]
            },
            {
                "text": "-",
                "box": [
                    426,
                    96,
                    439,
                    107
                ]
            },
            {
                "text": "CALIFORNIA",
                "box": [
                    443,
                    92,
                    531,
                    109
                ]
            },
            {
                "text": "-",
                "box": [
                    539,
                    96,
                    547,
                    104
                ]
            },
            {
                "text": "WAVE",
                "box": [
                    554,
                    92,
                    592,
                    106
                ]
            },
            {
                "text": "4.",
                "box": [
                    601,
                    91,
                    614,
                    105
                ]
            }
        ],
        "id": 18,
        "neighbours": [
            "DESCRIPTION:",
            "466009457",
            "47,218",
            "9,442",
            "14,165",
            "-Pd.",
            "CUMULATIVE",
            "DEC",
            "FEB",
            "9.442",
            "21.240",
            "3068230.682",
            "77.900",
            "PROJECT NO.",
            "1987- 115- CA",
            "Kapuler Marketing Research",
            "B. R. Pellett",
            "70,825 + +10 % (TOTAL 1987) +7.075 (2 -23 -88 77,900 TOTAL",
            "",
            "11- 16- 87",
            "12- -7 -87",
            "1- 11- 88",
            "PAID OUT OF 1989 BUDGET",
            "PAID 1987",
            "DEC 1987 ACCRUAL",
            "CARRYOVER TO 1988",
            "YEA -",
            "CAPRI -"
        ]
    },
    {
        "text": "Kapuler Marketing Research",
        "box": [
            257,
            140,
            479,
            156
        ],
        "linking": [
            [
                2,
                19
            ]
        ],
        "label": "answer",
        "words": [
            {
                "text": "Kapuler",
                "box": [
                    257,
                    141,
                    317,
                    156
                ]
            },
            {
                "text": "Marketing",
                "box": [
                    323,
                    140,
                    403,
                    155
                ]
            },
            {
                "text": "Research",
                "box": [
                    409,
                    140,
                    479,
                    153
                ]
            }
        ],
        "id": 19,
        "neighbours": [
            "SUPPLIER:",
            "47,218",
            "9,442",
            "14,165",
            "-Pd.",
            "DEC",
            "FEB",
            "9.442",
            "21.240",
            "3068230.682",
            "PROJECT NO.",
            "CAPRI EXPANSION A&U - CALIFORNIA - WAVE 4.",
            "B. R. Pellett",
            "70,825 + +10 % (TOTAL 1987) +7.075 (2 -23 -88 77,900 TOTAL",
            "",
            "11- 16- 87",
            "12- -7 -87",
            "1- 11- 88",
            "PAID OUT OF 1989 BUDGET",
            "PAID 1987",
            "DEC 1987 ACCRUAL",
            "CARRYOVER TO 1988",
            "YEA -",
            "CAPRI -"
        ]
    },
    {
        "text": "MR PERSONNEL:",
        "box": [
            54,
            175,
            169,
            193
        ],
        "linking": [
            [
                20,
                21
            ]
        ],
        "label": "question",
        "words": [
            {
                "text": "MR",
                "box": [
                    54,
                    176,
                    75,
                    193
                ]
            },
            {
                "text": "PERSONNEL:",
                "box": [
                    82,
                    175,
                    169,
                    189
                ]
            }
        ],
        "id": 20,
        "neighbours": [
            "CAPRI",
            "DESCRIPTION:",
            "SUPPLIER:",
            "DEC",
            "FEB",
            "",
            "B. R. Pellett",
            "AUTHORIZED COST:",
            "Int. Init. Date",
            "Ext. Autho. Date",
            "Field Complete",
            "Final Rpt. Due",
            "",
            "11- 16- 87",
            "12- -7 -87",
            "1- 11- 88",
            "RELEASED TO ACCTG",
            "PAID 1987",
            "DEC 1987 ACCRUAL",
            "CARRYOVER TO 1988",
            "2- 25- 88"
        ]
    },
    {
        "text": "B. R. Pellett",
        "box": [
            257,
            169,
            357,
            185
        ],
        "linking": [
            [
                20,
                21
            ]
        ],
        "label": "answer",
        "words": [
            {
                "text": "B.",
                "box": [
                    257,
                    172,
                    272,
                    185
                ]
            },
            {
                "text": "R.",
                "box": [
                    272,
                    172,
                    290,
                    185
                ]
            },
            {
                "text": "Pellett",
                "box": [
                    300,
                    169,
                    357,
                    183
                ]
            }
        ],
        "id": 21,
        "neighbours": [
            "SUPPLIER:",
            "DEC",
            "FEB",
            "9.442",
            "21.240",
            "3068230.682",
            "CAPRI EXPANSION A&U - CALIFORNIA - WAVE 4.",
            "Kapuler Marketing Research",
            "MR PERSONNEL:",
            "70,825 + +10 % (TOTAL 1987) +7.075 (2 -23 -88 77,900 TOTAL",
            "",
            "11- 16- 87",
            "12- -7 -87",
            "1- 11- 88",
            "PAID OUT OF 1989 BUDGET",
            "PAID 1987",
            "DEC 1987 ACCRUAL",
            "CARRYOVER TO 1988",
            "YEA -",
            "CAPRI -"
        ]
    },
    {
        "text": "AUTHORIZED COST:",
        "box": [
            54,
            216,
            195,
            234
        ],
        "linking": [
            [
                22,
                23
            ]
        ],
        "label": "question",
        "words": [
            {
                "text": "AUTHORIZED",
                "box": [
                    54,
                    219,
                    143,
                    234
                ]
            },
            {
                "text": "COST:",
                "box": [
                    148,
                    216,
                    195,
                    230
                ]
            }
        ],
        "id": 22,
        "neighbours": [
            "CAPRI",
            "DESCRIPTION:",
            "SUPPLIER:",
            "DEC",
            "FEB",
            "",
            "MR PERSONNEL:",
            "70,825 + +10 % (TOTAL 1987) +7.075 (2 -23 -88 77,900 TOTAL",
            "Int. Init. Date",
            "Ext. Autho. Date",
            "Field Complete",
            "Final Rpt. Due",
            "",
            "11- 16- 87",
            "12- -7 -87",
            "1- 11- 88",
            "RELEASED TO ACCTG",
            "PAID 1987",
            "DEC 1987 ACCRUAL",
            "CARRYOVER TO 1988",
            "2- 25- 88"
        ]
    },
    {
        "text": "70,825 + +10 % (TOTAL 1987) +7.075 (2 -23 -88 77,900 TOTAL",
        "box": [
            256,
            211,
            461,
            258
        ],
        "linking": [
            [
                22,
                23
            ]
        ],
        "label": "answer",
        "words": [
            {
                "text": "70,825",
                "box": [
                    258,
                    214,
                    308,
                    229
                ]
            },
            {
                "text": "+",
                "box": [
                    314,
                    211,
                    325,
                    226
                ]
            },
            {
                "text": "+10",
                "box": [
                    325,
                    212,
                    342,
                    226
                ]
            },
            {
                "text": "%",
                "box": [
                    341,
                    212,
                    354,
                    225
                ]
            },
            {
                "text": "(TOTAL",
                "box": [
                    363,
                    212,
                    412,
                    225
                ]
            },
            {
                "text": "1987)",
                "box": [
                    419,
                    211,
                    461,
                    224
                ]
            },
            {
                "text": "+7.075",
                "box": [
                    256,
                    230,
                    309,
                    243
                ]
            },
            {
                "text": "(2",
                "box": [
                    359,
                    226,
                    377,
                    241
                ]
            },
            {
                "text": "-23",
                "box": [
                    378,
                    228,
                    400,
                    241
                ]
            },
            {
                "text": "-88",
                "box": [
                    399,
                    225,
                    431,
                    240
                ]
            },
            {
                "text": "77,900",
                "box": [
                    256,
                    243,
                    312,
                    258
                ]
            },
            {
                "text": "TOTAL",
                "box": [
                    365,
                    240,
                    411,
                    255
                ]
            }
        ],
        "id": 23,
        "neighbours": [
            "47,218",
            "9,442",
            "14,165",
            "-Pd.",
            "DEC",
            "FEB",
            "9.442",
            "21.240",
            "3068230.682",
            "PROJECT NO.",
            "CAPRI EXPANSION A&U - CALIFORNIA - WAVE 4.",
            "Kapuler Marketing Research",
            "B. R. Pellett",
            "AUTHORIZED COST:",
            "",
            "11- 16- 87",
            "12- -7 -87",
            "1- 11- 88",
            "PAID OUT OF 1989 BUDGET",
            "PAID 1987",
            "DEC 1987 ACCRUAL",
            "CARRYOVER TO 1988",
            "YEA -",
            "CAPRI -"
        ]
    },
    {
        "text": "Int. Init. Date",
        "box": [
            57,
            311,
            151,
            326
        ],
        "linking": [
            [
                24,
                28
            ]
        ],
        "label": "question",
        "words": [
            {
                "text": "Int.",
                "box": [
                    57,
                    313,
                    85,
                    326
                ]
            },
            {
                "text": "Init.",
                "box": [
                    87,
                    311,
                    122,
                    322
                ]
            },
            {
                "text": "Date",
                "box": [
                    122,
                    311,
                    151,
                    321
                ]
            }
        ],
        "id": 24,
        "neighbours": [
            "CAPRI",
            "DESCRIPTION:",
            "SUPPLIER:",
            "",
            "MR PERSONNEL:",
            "AUTHORIZED COST:",
            "Ext. Autho. Date",
            "Field Complete",
            "Final Rpt. Due",
            "",
            "11- 16- 87",
            "12- -7 -87",
            "1- 11- 88",
            "RELEASED TO ACCTG",
            "2- 25- 88"
        ]
    },
    {
        "text": "Ext. Autho. Date",
        "box": [
            56,
            324,
            159,
            338
        ],
        "linking": [
            [
                25,
                29
            ]
        ],
        "label": "question",
        "words": [
            {
                "text": "Ext.",
                "box": [
                    56,
                    327,
                    84,
                    338
                ]
            },
            {
                "text": "Autho.",
                "box": [
                    85,
                    325,
                    128,
                    338
                ]
            },
            {
                "text": "Date",
                "box": [
                    128,
                    324,
                    159,
                    337
                ]
            }
        ],
        "id": 25,
        "neighbours": [
            "CAPRI",
            "DESCRIPTION:",
            "SUPPLIER:",
            "DEC",
            "",
            "MR PERSONNEL:",
            "AUTHORIZED COST:",
            "Int. Init. Date",
            "Field Complete",
            "Final Rpt. Due",
            "",
            "11- 16- 87",
            "12- -7 -87",
            "1- 11- 88",
            "RELEASED TO ACCTG",
            "2- 25- 88"
        ]
    },
    {
        "text": "Field Complete",
        "box": [
            57,
            338,
            160,
            353
        ],
        "linking": [
            [
                26,
                30
            ]
        ],
        "label": "question",
        "words": [
            {
                "text": "Field",
                "box": [
                    57,
                    339,
                    93,
                    352
                ]
            },
            {
                "text": "Complete",
                "box": [
                    101,
                    338,
                    160,
                    353
                ]
            }
        ],
        "id": 26,
        "neighbours": [
            "CAPRI",
            "DESCRIPTION:",
            "SUPPLIER:",
            "DEC",
            "",
            "MR PERSONNEL:",
            "AUTHORIZED COST:",
            "Int. Init. Date",
            "Ext. Autho. Date",
            "Final Rpt. Due",
            "",
            "11- 16- 87",
            "12- -7 -87",
            "1- 11- 88",
            "RELEASED TO ACCTG",
            "2- 25- 88"
        ]
    },
    {
        "text": "Final Rpt. Due",
        "box": [
            57,
            353,
            150,
            367
        ],
        "linking": [
            [
                27,
                31
            ]
        ],
        "label": "question",
        "words": [
            {
                "text": "Final",
                "box": [
                    57,
                    353,
                    92,
                    367
                ]
            },
            {
                "text": "Rpt.",
                "box": [
                    99,
                    353,
                    128,
                    366
                ]
            },
            {
                "text": "Due",
                "box": [
                    128,
                    355,
                    150,
                    365
                ]
            }
        ],
        "id": 27,
        "neighbours": [
            "CAPRI",
            "DESCRIPTION:",
            "SUPPLIER:",
            "",
            "MR PERSONNEL:",
            "AUTHORIZED COST:",
            "Int. Init. Date",
            "Ext. Autho. Date",
            "Field Complete",
            "",
            "11- 16- 87",
            "12- -7 -87",
            "1- 11- 88",
            "RELEASED TO ACCTG",
            "2- 25- 88"
        ]
    },
    {
        "text": "",
        "box": [
            173,
            307,
            236,
            322
        ],
        "linking": [
            [
                24,
                28
            ]
        ],
        "label": "answer",
        "words": [
            {
                "text": "",
                "box": [
                    173,
                    307,
                    191,
                    322
                ]
            },
            {
                "text": "",
                "box": [
                    190,
                    307,
                    211,
                    321
                ]
            },
            {
                "text": "",
                "box": [
                    209,
                    307,
                    236,
                    321
                ]
            }
        ],
        "id": 28,
        "neighbours": [
            "DESCRIPTION:",
            "SUPPLIER:",
            "DEC",
            "FEB",
            "",
            "CAPRI EXPANSION A&U - CALIFORNIA - WAVE 4.",
            "Kapuler Marketing Research",
            "MR PERSONNEL:",
            "B. R. Pellett",
            "AUTHORIZED COST:",
            "70,825 + +10 % (TOTAL 1987) +7.075 (2 -23 -88 77,900 TOTAL",
            "Int. Init. Date",
            "Ext. Autho. Date",
            "Field Complete",
            "Final Rpt. Due",
            "11- 16- 87",
            "12- -7 -87",
            "1- 11- 88",
            "RELEASED TO ACCTG",
            "PAID 1987",
            "DEC 1987 ACCRUAL",
            "CARRYOVER TO 1988",
            "2- 25- 88"
        ]
    },
    {
        "text": "11- 16- 87",
        "box": [
            166,
            323,
            235,
            336
        ],
        "linking": [
            [
                25,
                29
            ]
        ],
        "label": "answer",
        "words": [
            {
                "text": "11-",
                "box": [
                    166,
                    323,
                    191,
                    334
                ]
            },
            {
                "text": "16-",
                "box": [
                    191,
                    323,
                    218,
                    334
                ]
            },
            {
                "text": "87",
                "box": [
                    218,
                    323,
                    235,
                    336
                ]
            }
        ],
        "id": 29,
        "neighbours": [
            "DESCRIPTION:",
            "SUPPLIER:",
            "DEC",
            "FEB",
            "",
            "CAPRI EXPANSION A&U - CALIFORNIA - WAVE 4.",
            "Kapuler Marketing Research",
            "MR PERSONNEL:",
            "B. R. Pellett",
            "AUTHORIZED COST:",
            "70,825 + +10 % (TOTAL 1987) +7.075 (2 -23 -88 77,900 TOTAL",
            "Int. Init. Date",
            "Ext. Autho. Date",
            "Field Complete",
            "Final Rpt. Due",
            "",
            "12- -7 -87",
            "1- 11- 88",
            "RELEASED TO ACCTG",
            "PAID 1987",
            "DEC 1987 ACCRUAL",
            "CARRYOVER TO 1988",
            "2- 25- 88"
        ]
    },
    {
        "text": "12- -7 -87",
        "box": [
            165,
            337,
            237,
            352
        ],
        "linking": [
            [
                26,
                30
            ]
        ],
        "label": "answer",
        "words": [
            {
                "text": "12-",
                "box": [
                    165,
                    337,
                    190,
                    352
                ]
            },
            {
                "text": "-7",
                "box": [
                    191,
                    337,
                    208,
                    352
                ]
            },
            {
                "text": "-87",
                "box": [
                    209,
                    337,
                    237,
                    351
                ]
            }
        ],
        "id": 30,
        "neighbours": [
            "DESCRIPTION:",
            "SUPPLIER:",
            "DEC",
            "FEB",
            "",
            "CAPRI EXPANSION A&U - CALIFORNIA - WAVE 4.",
            "Kapuler Marketing Research",
            "MR PERSONNEL:",
            "B. R. Pellett",
            "AUTHORIZED COST:",
            "70,825 + +10 % (TOTAL 1987) +7.075 (2 -23 -88 77,900 TOTAL",
            "Int. Init. Date",
            "Ext. Autho. Date",
            "Field Complete",
            "Final Rpt. Due",
            "",
            "11- 16- 87",
            "1- 11- 88",
            "RELEASED TO ACCTG",
            "PAID 1987",
            "DEC 1987 ACCRUAL",
            "CARRYOVER TO 1988",
            "2- 25- 88"
        ]
    },
    {
        "text": "1- 11- 88",
        "box": [
            173,
            351,
            236,
            367
        ],
        "linking": [
            [
                27,
                31
            ]
        ],
        "label": "answer",
        "words": [
            {
                "text": "1-",
                "box": [
                    173,
                    351,
                    191,
                    365
                ]
            },
            {
                "text": "11-",
                "box": [
                    193,
                    352,
                    218,
                    367
                ]
            },
            {
                "text": "88",
                "box": [
                    218,
                    352,
                    236,
                    365
                ]
            }
        ],
        "id": 31,
        "neighbours": [
            "DESCRIPTION:",
            "SUPPLIER:",
            "DEC",
            "FEB",
            "",
            "CAPRI EXPANSION A&U - CALIFORNIA - WAVE 4.",
            "Kapuler Marketing Research",
            "MR PERSONNEL:",
            "B. R. Pellett",
            "AUTHORIZED COST:",
            "70,825 + +10 % (TOTAL 1987) +7.075 (2 -23 -88 77,900 TOTAL",
            "Int. Init. Date",
            "Ext. Autho. Date",
            "Field Complete",
            "Final Rpt. Due",
            "",
            "11- 16- 87",
            "12- -7 -87",
            "RELEASED TO ACCTG",
            "PAID 1987",
            "DEC 1987 ACCRUAL",
            "CARRYOVER TO 1988",
            "2- 25- 88"
        ]
    },
    {
        "text": "RELEASED TO ACCTG",
        "box": [
            84,
            492,
            157,
            520
        ],
        "linking": [
            [
                32,
                37
            ]
        ],
        "label": "question",
        "words": [
            {
                "text": "RELEASED",
                "box": [
                    84,
                    492,
                    157,
                    505
                ]
            },
            {
                "text": "TO",
                "box": [
                    84,
                    507,
                    105,
                    520
                ]
            },
            {
                "text": "ACCTG",
                "box": [
                    112,
                    507,
                    157,
                    520
                ]
            }
        ],
        "id": 32,
        "neighbours": [
            "CAPRI",
            "DESCRIPTION:",
            "SUPPLIER:",
            "CUMULATIVE",
            "",
            "MR PERSONNEL:",
            "AUTHORIZED COST:",
            "Int. Init. Date",
            "Ext. Autho. Date",
            "Field Complete",
            "Final Rpt. Due",
            "",
            "11- 16- 87",
            "12- -7 -87",
            "1- 11- 88",
            "PAID OUT OF 1989 BUDGET",
            "2- 25- 88"
        ]
    },
    {
        "text": "PAID OUT OF 1989 BUDGET",
        "box": [
            299,
            487,
            398,
            517
        ],
        "linking": [
            [
                33,
                9
            ],
            [
                33,
                10
            ]
        ],
        "label": "header",
        "words": [
            {
                "text": "PAID",
                "box": [
                    299,
                    489,
                    337,
                    503
                ]
            },
            {
                "text": "OUT",
                "box": [
                    342,
                    487,
                    370,
                    501
                ]
            },
            {
                "text": "OF",
                "box": [
                    377,
                    487,
                    397,
                    500
                ]
            },
            {
                "text": "1989",
                "box": [
                    302,
                    503,
                    338,
                    517
                ]
            },
            {
                "text": "BUDGET",
                "box": [
                    345,
                    503,
                    398,
                    517
                ]
            }
        ],
        "id": 33,
        "neighbours": [
            "CUMULATIVE",
            "9.442",
            "21.240",
            "3068230.682",
            "CAPRI EXPANSION A&U - CALIFORNIA - WAVE 4.",
            "Kapuler Marketing Research",
            "B. R. Pellett",
            "70,825 + +10 % (TOTAL 1987) +7.075 (2 -23 -88 77,900 TOTAL",
            "RELEASED TO ACCTG",
            "PAID 1987",
            "DEC 1987 ACCRUAL",
            "CARRYOVER TO 1988",
            "YEA -",
            "CAPRI -"
        ]
    },
    {
        "text": "PAID 1987",
        "box": [
            208,
            385,
            285,
            398
        ],
        "linking": [
            [
                34,
                4
            ]
        ],
        "label": "question",
        "words": [
            {
                "text": "PAID",
                "box": [
                    208,
                    385,
                    243,
                    398
                ]
            },
            {
                "text": "1987",
                "box": [
                    251,
                    385,
                    285,
                    396
                ]
            }
        ],
        "id": 34,
        "neighbours": [
            "47,218",
            "9,442",
            "-Pd.",
            "DEC",
            "FEB",
            "",
            "CAPRI EXPANSION A&U - CALIFORNIA - WAVE 4.",
            "Kapuler Marketing Research",
            "MR PERSONNEL:",
            "B. R. Pellett",
            "AUTHORIZED COST:",
            "70,825 + +10 % (TOTAL 1987) +7.075 (2 -23 -88 77,900 TOTAL",
            "",
            "11- 16- 87",
            "12- -7 -87",
            "1- 11- 88",
            "PAID OUT OF 1989 BUDGET",
            "DEC 1987 ACCRUAL",
            "CARRYOVER TO 1988",
            "YEA -",
            "CAPRI -"
        ]
    },
    {
        "text": "DEC 1987 ACCRUAL",
        "box": [
            207,
            398,
            345,
            412
        ],
        "linking": [
            [
                35,
                5
            ]
        ],
        "label": "question",
        "words": [
            {
                "text": "DEC",
                "box": [
                    207,
                    399,
                    236,
                    412
                ]
            },
            {
                "text": "1987",
                "box": [
                    242,
                    401,
                    276,
                    412
                ]
            },
            {
                "text": "ACCRUAL",
                "box": [
                    285,
                    398,
                    345,
                    411
                ]
            }
        ],
        "id": 35,
        "neighbours": [
            "47,218",
            "9,442",
            "14,165",
            "-Pd.",
            "DEC",
            "FEB",
            "9.442",
            "21.240",
            "3068230.682",
            "",
            "CAPRI EXPANSION A&U - CALIFORNIA - WAVE 4.",
            "Kapuler Marketing Research",
            "MR PERSONNEL:",
            "B. R. Pellett",
            "AUTHORIZED COST:",
            "70,825 + +10 % (TOTAL 1987) +7.075 (2 -23 -88 77,900 TOTAL",
            "",
            "11- 16- 87",
            "12- -7 -87",
            "1- 11- 88",
            "PAID OUT OF 1989 BUDGET",
            "PAID 1987",
            "CARRYOVER TO 1988",
            "YEA -",
            "CAPRI -"
        ]
    },
    {
        "text": "CARRYOVER TO 1988",
        "box": [
            208,
            412,
            356,
            426
        ],
        "linking": [
            [
                36,
                6
            ]
        ],
        "label": "question",
        "words": [
            {
                "text": "CARRYOVER",
                "box": [
                    208,
                    413,
                    288,
                    426
                ]
            },
            {
                "text": "TO",
                "box": [
                    292,
                    413,
                    312,
                    424
                ]
            },
            {
                "text": "1988",
                "box": [
                    320,
                    412,
                    356,
                    425
                ]
            }
        ],
        "id": 36,
        "neighbours": [
            "9,442",
            "14,165",
            "-Pd.",
            "DEC",
            "FEB",
            "9.442",
            "21.240",
            "3068230.682",
            "",
            "CAPRI EXPANSION A&U - CALIFORNIA - WAVE 4.",
            "Kapuler Marketing Research",
            "MR PERSONNEL:",
            "B. R. Pellett",
            "AUTHORIZED COST:",
            "70,825 + +10 % (TOTAL 1987) +7.075 (2 -23 -88 77,900 TOTAL",
            "",
            "11- 16- 87",
            "12- -7 -87",
            "1- 11- 88",
            "PAID OUT OF 1989 BUDGET",
            "PAID 1987",
            "DEC 1987 ACCRUAL",
            "YEA -",
            "CAPRI -"
        ]
    },
    {
        "text": "2- 25- 88",
        "box": [
            88,
            568,
            160,
            586
        ],
        "linking": [
            [
                32,
                37
            ]
        ],
        "label": "answer",
        "words": [
            {
                "text": "2-",
                "box": [
                    88,
                    570,
                    110,
                    585
                ]
            },
            {
                "text": "25-",
                "box": [
                    112,
                    568,
                    140,
                    586
                ]
            },
            {
                "text": "88",
                "box": [
                    140,
                    570,
                    160,
                    584
                ]
            }
        ],
        "id": 37,
        "neighbours": [
            "CAPRI",
            "DESCRIPTION:",
            "SUPPLIER:",
            "DEC",
            "FEB",
            "9.442",
            "21.240",
            "3068230.682",
            "77.900",
            "",
            "MR PERSONNEL:",
            "AUTHORIZED COST:",
            "Int. Init. Date",
            "Ext. Autho. Date",
            "Field Complete",
            "Final Rpt. Due",
            "",
            "11- 16- 87",
            "12- -7 -87",
            "1- 11- 88",
            "RELEASED TO ACCTG",
            "YEA -",
            "CAPRI -"
        ]
    },
    {
        "text": "YEA -",
        "box": [
            297,
            547,
            341,
            560
        ],
        "linking": [
            [
                38,
                11
            ]
        ],
        "label": "question",
        "words": [
            {
                "text": "YEA",
                "box": [
                    297,
                    547,
                    319,
                    560
                ]
            },
            {
                "text": "-",
                "box": [
                    330,
                    550,
                    341,
                    558
                ]
            }
        ],
        "id": 38,
        "neighbours": [
            "DEC",
            "9.442",
            "21.240",
            "3068230.682",
            "77.900",
            "CAPRI EXPANSION A&U - CALIFORNIA - WAVE 4.",
            "Kapuler Marketing Research",
            "B. R. Pellett",
            "70,825 + +10 % (TOTAL 1987) +7.075 (2 -23 -88 77,900 TOTAL",
            "PAID OUT OF 1989 BUDGET",
            "PAID 1987",
            "DEC 1987 ACCRUAL",
            "CARRYOVER TO 1988",
            "2- 25- 88",
            "CAPRI -"
        ]
    },
    {
        "text": "CAPRI -",
        "box": [
            299,
            559,
            340,
            570
        ],
        "linking": [
            [
                39,
                12
            ]
        ],
        "label": "question",
        "words": [
            {
                "text": "CAPRI",
                "box": [
                    299,
                    559,
                    327,
                    570
                ]
            },
            {
                "text": "-",
                "box": [
                    332,
                    559,
                    340,
                    566
                ]
            }
        ],
        "id": 39,
        "neighbours": [
            "DEC",
            "FEB",
            "9.442",
            "21.240",
            "3068230.682",
            "77.900",
            "CAPRI EXPANSION A&U - CALIFORNIA - WAVE 4.",
            "Kapuler Marketing Research",
            "B. R. Pellett",
            "70,825 + +10 % (TOTAL 1987) +7.075 (2 -23 -88 77,900 TOTAL",
            "PAID OUT OF 1989 BUDGET",
            "PAID 1987",
            "DEC 1987 ACCRUAL",
            "CARRYOVER TO 1988",
            "2- 25- 88",
            "YEA -"
        ]
    }
]