[
    {
        "box": [
            420,
            380,
            474,
            398
        ],
        "text": "Dates:",
        "label": "question",
        "words": [
            {
                "box": [
                    420,
                    380,
                    474,
                    398
                ],
                "text": "Dates:"
            }
        ],
        "linking": [
            [
                0,
                13
            ]
        ],
        "id": 0,
        "neighbours": [
            "466603840",
            "700",
            "Dundee",
            "SPECIAL EVENTS",
            "City/ Town:",
            "Beauty Contest",
            "Estimated Attendance",
            "March 3rd, 4th & 5th,",
            "Mrs. Illinois Beauty Pageant",
            "Recommended Brand(s) and Promotional Activity:",
            "BARCLAY sampling",
            "To be placed on tables by B & W Reps."
        ]
    },
    {
        "box": [
            543,
            841,
            653,
            862
        ],
        "text": "466603840",
        "label": "other",
        "words": [
            {
                "box": [
                    543,
                    841,
                    653,
                    862
                ],
                "text": "466603840"
            }
        ],
        "linking": [],
        "id": 1,
        "neighbours": [
            "Dates:",
            "/934g",
            "/lr",
            "Dundee",
            "March 3rd, 4th & 5th,",
            "Mrs. Illinois Beauty Pageant",
            "Ms. Joy Weathers (Sales) 312/ 426 - 8000",
            "90 % White - 10 % Black Age category 21 yrs. to 45 yrs.",
            "BARCLAY sampling",
            "To be placed on tables by B & W Reps."
        ]
    },
    {
        "box": [
            102,
            869,
            149,
            886
        ],
        "text": "/934g",
        "label": "other",
        "words": [
            {
                "box": [
                    102,
                    869,
                    149,
                    886
                ],
                "text": "/934g"
            }
        ],
        "linking": [],
        "id": 2,
        "neighbours": [
            "466603840",
            "/lr",
            "State:",
            "Illinois",
            "Type of Event:",
            "Estimated Attendance",
            "Name of Event:",
            "Contact (Name/ Telephone):",
            "Audience Concentration",
            "Recommended Brand(s) and Promotional Activity:",
            "2 - 12M cases mixed.",
            "To be placed on tables by B & W Reps."
        ]
    },
    {
        "box": [
            75,
            869,
            103,
            887
        ],
        "text": "/lr",
        "label": "other",
        "words": [
            {
                "box": [
                    75,
                    869,
                    103,
                    887
                ],
                "text": "/lr"
            }
        ],
        "linking": [],
        "id": 3,
        "neighbours": [
            "466603840",
            "/934g",
            "State:",
            "Illinois",
            "Type of Event:",
            "Estimated Attendance",
            "Name of Event:",
            "Contact (Name/ Telephone):",
            "Audience Concentration",
            "Recommended Brand(s) and Promotional Activity:",
            "2 - 12M cases mixed.",
            "To be placed on tables by B & W Reps."
        ]
    },
    {
        "box": [
            327,
            383,
            356,
            398
        ],
        "text": "700",
        "label": "answer",
        "words": [
            {
                "box": [
                    327,
                    383,
                    356,
                    398
                ],
                "text": "700"
            }
        ],
        "linking": [
            [
                12,
                4
            ]
        ],
        "id": 4,
        "neighbours": [
            "Dates:",
            "SPECIAL EVENTS",
            "City/ Town:",
            "Beauty Contest",
            "Estimated Attendance",
            "March 3rd, 4th & 5th,",
            "Mrs. Illinois Beauty Pageant",
            "Contact (Name/ Telephone):",
            "Ms. Joy Weathers (Sales) 312/ 426 - 8000",
            "Audience Concentration",
            "90 % White - 10 % Black Age category 21 yrs. to 45 yrs.",
            "2 - 12M cases mixed."
        ]
    },
    {
        "box": [
            489,
            176,
            543,
            198
        ],
        "text": "Dundee",
        "label": "answer",
        "words": [
            {
                "box": [
                    489,
                    176,
                    543,
                    198
                ],
                "text": "Dundee"
            }
        ],
        "linking": [
            [
                9,
                5
            ]
        ],
        "id": 5,
        "neighbours": [
            "Dates:",
            "466603840",
            "State:",
            "Illinois",
            "City/ Town:",
            "Beauty Contest",
            "March 3rd, 4th & 5th,",
            "Mrs. Illinois Beauty Pageant",
            "Ms. Joy Weathers (Sales) 312/ 426 - 8000",
            "90 % White - 10 % Black Age category 21 yrs. to 45 yrs.",
            "Recommended Brand(s) and Promotional Activity:",
            "BARCLAY sampling",
            "To be placed on tables by B & W Reps."
        ]
    },
    {
        "box": [
            54,
            184,
            106,
            205
        ],
        "text": "State:",
        "label": "question",
        "words": [
            {
                "box": [
                    54,
                    184,
                    106,
                    205
                ],
                "text": "State:"
            }
        ],
        "linking": [
            [
                6,
                7
            ]
        ],
        "id": 6,
        "neighbours": [
            "/934g",
            "/lr",
            "Dundee",
            "Illinois",
            "City/ Town:",
            "Type of Event:",
            "Estimated Attendance",
            "Name of Event:",
            "Contact (Name/ Telephone):",
            "Audience Concentration",
            "Recommended Brand(s) and Promotional Activity:",
            "2 - 12M cases mixed.",
            "To be placed on tables by B & W Reps."
        ]
    },
    {
        "box": [
            147,
            183,
            217,
            200
        ],
        "text": "Illinois",
        "label": "answer",
        "words": [
            {
                "box": [
                    147,
                    183,
                    217,
                    200
                ],
                "text": "Illinois"
            }
        ],
        "linking": [
            [
                6,
                7
            ]
        ],
        "id": 7,
        "neighbours": [
            "/934g",
            "/lr",
            "Dundee",
            "State:",
            "SPECIAL EVENTS",
            "City/ Town:",
            "Type of Event:",
            "Estimated Attendance",
            "Name of Event:",
            "Contact (Name/ Telephone):",
            "Audience Concentration",
            "2 - 12M cases mixed.",
            "To be placed on tables by B & W Reps."
        ]
    },
    {
        "text": "SPECIAL EVENTS",
        "box": [
            284,
            96,
            408,
            113
        ],
        "linking": [],
        "label": "header",
        "words": [
            {
                "text": "SPECIAL",
                "box": [
                    284,
                    98,
                    347,
                    113
                ]
            },
            {
                "text": "EVENTS",
                "box": [
                    356,
                    96,
                    408,
                    110
                ]
            }
        ],
        "id": 8,
        "neighbours": [
            "Dates:",
            "700",
            "Illinois",
            "City/ Town:",
            "Beauty Contest",
            "Estimated Attendance",
            "Mrs. Illinois Beauty Pageant",
            "Contact (Name/ Telephone):",
            "Ms. Joy Weathers (Sales) 312/ 426 - 8000",
            "Audience Concentration",
            "90 % White - 10 % Black Age category 21 yrs. to 45 yrs.",
            "Recommended Brand(s) and Promotional Activity:",
            "2 - 12M cases mixed.",
            "To be placed on tables by B & W Reps."
        ]
    },
    {
        "text": "City/ Town:",
        "box": [
            358,
            182,
            440,
            199
        ],
        "linking": [
            [
                9,
                5
            ]
        ],
        "label": "question",
        "words": [
            {
                "text": "City/",
                "box": [
                    358,
                    182,
                    400,
                    199
                ]
            },
            {
                "text": "Town:",
                "box": [
                    401,
                    183,
                    440,
                    198
                ]
            }
        ],
        "id": 9,
        "neighbours": [
            "Dates:",
            "700",
            "Dundee",
            "State:",
            "Illinois",
            "SPECIAL EVENTS",
            "Beauty Contest",
            "March 3rd, 4th & 5th,",
            "Mrs. Illinois Beauty Pageant",
            "Ms. Joy Weathers (Sales) 312/ 426 - 8000",
            "90 % White - 10 % Black Age category 21 yrs. to 45 yrs.",
            "Recommended Brand(s) and Promotional Activity:",
            "BARCLAY sampling",
            "2 - 12M cases mixed.",
            "To be placed on tables by B & W Reps."
        ]
    },
    {
        "text": "Type of Event:",
        "box": [
            57,
            243,
            177,
            263
        ],
        "linking": [
            [
                10,
                11
            ]
        ],
        "label": "question",
        "words": [
            {
                "text": "Type",
                "box": [
                    57,
                    243,
                    93,
                    263
                ]
            },
            {
                "text": "of",
                "box": [
                    99,
                    244,
                    120,
                    259
                ]
            },
            {
                "text": "Event:",
                "box": [
                    127,
                    243,
                    177,
                    260
                ]
            }
        ],
        "id": 10,
        "neighbours": [
            "/934g",
            "/lr",
            "State:",
            "Illinois",
            "Beauty Contest",
            "Estimated Attendance",
            "Name of Event:",
            "Contact (Name/ Telephone):",
            "Audience Concentration",
            "Recommended Brand(s) and Promotional Activity:",
            "2 - 12M cases mixed.",
            "To be placed on tables by B & W Reps."
        ]
    },
    {
        "text": "Beauty Contest",
        "box": [
            300,
            237,
            417,
            256
        ],
        "linking": [
            [
                10,
                11
            ]
        ],
        "label": "answer",
        "words": [
            {
                "text": "Beauty",
                "box": [
                    300,
                    239,
                    349,
                    256
                ]
            },
            {
                "text": "Contest",
                "box": [
                    356,
                    237,
                    417,
                    252
                ]
            }
        ],
        "id": 11,
        "neighbours": [
            "Dates:",
            "700",
            "Dundee",
            "SPECIAL EVENTS",
            "City/ Town:",
            "Type of Event:",
            "Estimated Attendance",
            "March 3rd, 4th & 5th,",
            "Mrs. Illinois Beauty Pageant",
            "Contact (Name/ Telephone):",
            "Ms. Joy Weathers (Sales) 312/ 426 - 8000",
            "Audience Concentration",
            "90 % White - 10 % Black Age category 21 yrs. to 45 yrs.",
            "Recommended Brand(s) and Promotional Activity:",
            "2 - 12M cases mixed.",
            "To be placed on tables by B & W Reps."
        ]
    },
    {
        "text": "Estimated Attendance",
        "box": [
            59,
            384,
            244,
            402
        ],
        "linking": [
            [
                12,
                4
            ]
        ],
        "label": "question",
        "words": [
            {
                "text": "Estimated",
                "box": [
                    59,
                    385,
                    143,
                    402
                ]
            },
            {
                "text": "Attendance",
                "box": [
                    148,
                    384,
                    244,
                    399
                ]
            }
        ],
        "id": 12,
        "neighbours": [
            "Dates:",
            "/934g",
            "/lr",
            "700",
            "State:",
            "Illinois",
            "SPECIAL EVENTS",
            "Type of Event:",
            "Beauty Contest",
            "March 3rd, 4th & 5th,",
            "Name of Event:",
            "Mrs. Illinois Beauty Pageant",
            "Contact (Name/ Telephone):",
            "Ms. Joy Weathers (Sales) 312/ 426 - 8000",
            "Audience Concentration",
            "90 % White - 10 % Black Age category 21 yrs. to 45 yrs.",
            "Recommended Brand(s) and Promotional Activity:",
            "2 - 12M cases mixed.",
            "To be placed on tables by B & W Reps."
        ]
    },
    {
        "text": "March 3rd, 4th & 5th,",
        "box": [
            489,
            376,
            669,
            393
        ],
        "linking": [
            [
                0,
                13
            ]
        ],
        "label": "answer",
        "words": [
            {
                "text": "March",
                "box": [
                    489,
                    376,
                    538,
                    393
                ]
            },
            {
                "text": "3rd,",
                "box": [
                    542,
                    377,
                    576,
                    392
                ]
            },
            {
                "text": "4th",
                "box": [
                    582,
                    376,
                    613,
                    393
                ]
            },
            {
                "text": "&",
                "box": [
                    617,
                    376,
                    628,
                    393
                ]
            },
            {
                "text": "5th,",
                "box": [
                    633,
                    376,
                    669,
                    391
                ]
            }
        ],
        "id": 13,
        "neighbours": [
            "Dates:",
            "466603840",
            "700",
            "Dundee",
            "City/ Town:",
            "Beauty Contest",
            "Estimated Attendance",
            "Mrs. Illinois Beauty Pageant",
            "Ms. Joy Weathers (Sales) 312/ 426 - 8000",
            "90 % White - 10 % Black Age category 21 yrs. to 45 yrs.",
            "Recommended Brand(s) and Promotional Activity:",
            "BARCLAY sampling",
            "To be placed on tables by B & W Reps."
        ]
    },
    {
        "text": "Name of Event:",
        "box": [
            60,
            441,
            183,
            460
        ],
        "linking": [
            [
                14,
                15
            ]
        ],
        "label": "question",
        "words": [
            {
                "text": "Name",
                "box": [
                    60,
                    443,
                    101,
                    460
                ]
            },
            {
                "text": "of",
                "box": [
                    106,
                    443,
                    124,
                    456
                ]
            },
            {
                "text": "Event:",
                "box": [
                    131,
                    441,
                    183,
                    456
                ]
            }
        ],
        "id": 14,
        "neighbours": [
            "/934g",
            "/lr",
            "State:",
            "Illinois",
            "Type of Event:",
            "Estimated Attendance",
            "Mrs. Illinois Beauty Pageant",
            "Contact (Name/ Telephone):",
            "Audience Concentration",
            "Recommended Brand(s) and Promotional Activity:",
            "2 - 12M cases mixed.",
            "To be placed on tables by B & W Reps."
        ]
    },
    {
        "text": "Mrs. Illinois Beauty Pageant",
        "box": [
            297,
            433,
            535,
            452
        ],
        "linking": [
            [
                14,
                15
            ]
        ],
        "label": "answer",
        "words": [
            {
                "text": "Mrs.",
                "box": [
                    297,
                    433,
                    335,
                    451
                ]
            },
            {
                "text": "Illinois",
                "box": [
                    342,
                    434,
                    412,
                    448
                ]
            },
            {
                "text": "Beauty",
                "box": [
                    418,
                    434,
                    468,
                    451
                ]
            },
            {
                "text": "Pageant",
                "box": [
                    478,
                    434,
                    535,
                    452
                ]
            }
        ],
        "id": 15,
        "neighbours": [
            "Dates:",
            "466603840",
            "700",
            "Dundee",
            "SPECIAL EVENTS",
            "City/ Town:",
            "Beauty Contest",
            "Estimated Attendance",
            "March 3rd, 4th & 5th,",
            "Name of Event:",
            "Contact (Name/ Telephone):",
            "Ms. Joy Weathers (Sales) 312/ 426 - 8000",
            "Audience Concentration",
            "90 % White - 10 % Black Age category 21 yrs. to 45 yrs.",
            "Recommended Brand(s) and Promotional Activity:",
            "BARCLAY sampling",
            "2 - 12M cases mixed.",
            "To be placed on tables by B & W Reps."
        ]
    },
    {
        "text": "Contact (Name/ Telephone):",
        "box": [
            64,
            525,
            281,
            544
        ],
        "linking": [
            [
                16,
                17
            ]
        ],
        "label": "question",
        "words": [
            {
                "text": "Contact",
                "box": [
                    64,
                    529,
                    125,
                    544
                ]
            },
            {
                "text": "(Name/",
                "box": [
                    135,
                    528,
                    187,
                    542
                ]
            },
            {
                "text": "Telephone):",
                "box": [
                    186,
                    525,
                    281,
                    542
                ]
            }
        ],
        "id": 16,
        "neighbours": [
            "/934g",
            "/lr",
            "700",
            "State:",
            "Illinois",
            "SPECIAL EVENTS",
            "Type of Event:",
            "Beauty Contest",
            "Estimated Attendance",
            "Name of Event:",
            "Mrs. Illinois Beauty Pageant",
            "Ms. Joy Weathers (Sales) 312/ 426 - 8000",
            "Audience Concentration",
            "90 % White - 10 % Black Age category 21 yrs. to 45 yrs.",
            "Recommended Brand(s) and Promotional Activity:",
            "2 - 12M cases mixed.",
            "To be placed on tables by B & W Reps."
        ]
    },
    {
        "text": "Ms. Joy Weathers (Sales) 312/ 426 - 8000",
        "box": [
            300,
            521,
            613,
            539
        ],
        "linking": [
            [
                16,
                17
            ]
        ],
        "label": "answer",
        "words": [
            {
                "text": "Ms.",
                "box": [
                    300,
                    525,
                    325,
                    539
                ]
            },
            {
                "text": "Joy",
                "box": [
                    334,
                    524,
                    361,
                    539
                ]
            },
            {
                "text": "Weathers",
                "box": [
                    367,
                    524,
                    440,
                    537
                ]
            },
            {
                "text": "(Sales)",
                "box": [
                    446,
                    521,
                    503,
                    539
                ]
            },
            {
                "text": "312/",
                "box": [
                    511,
                    522,
                    543,
                    537
                ]
            },
            {
                "text": "426",
                "box": [
                    543,
                    522,
                    568,
                    537
                ]
            },
            {
                "text": "-",
                "box": [
                    566,
                    522,
                    580,
                    537
                ]
            },
            {
                "text": "8000",
                "box": [
                    578,
                    522,
                    613,
                    536
                ]
            }
        ],
        "id": 17,
        "neighbours": [
            "Dates:",
            "466603840",
            "700",
            "Dundee",
            "SPECIAL EVENTS",
            "City/ Town:",
            "Beauty Contest",
            "Estimated Attendance",
            "March 3rd, 4th & 5th,",
            "Mrs. Illinois Beauty Pageant",
            "Contact (Name/ Telephone):",
            "Audience Concentration",
            "90 % White - 10 % Black Age category 21 yrs. to 45 yrs.",
            "Recommended Brand(s) and Promotional Activity:",
            "BARCLAY sampling",
            "2 - 12M cases mixed.",
            "To be placed on tables by B & W Reps."
        ]
    },
    {
        "text": "Audience Concentration",
        "box": [
            64,
            584,
            261,
            599
        ],
        "linking": [
            [
                18,
                19
            ]
        ],
        "label": "question",
        "words": [
            {
                "text": "Audience",
                "box": [
                    64,
                    585,
                    137,
                    599
                ]
            },
            {
                "text": "Concentration",
                "box": [
                    141,
                    584,
                    261,
                    599
                ]
            }
        ],
        "id": 18,
        "neighbours": [
            "/934g",
            "/lr",
            "700",
            "State:",
            "Illinois",
            "SPECIAL EVENTS",
            "Type of Event:",
            "Beauty Contest",
            "Estimated Attendance",
            "Name of Event:",
            "Mrs. Illinois Beauty Pageant",
            "Contact (Name/ Telephone):",
            "Ms. Joy Weathers (Sales) 312/ 426 - 8000",
            "90 % White - 10 % Black Age category 21 yrs. to 45 yrs.",
            "Recommended Brand(s) and Promotional Activity:",
            "2 - 12M cases mixed.",
            "To be placed on tables by B & W Reps."
        ]
    },
    {
        "text": "90 % White - 10 % Black Age category 21 yrs. to 45 yrs.",
        "box": [
            300,
            577,
            560,
            625
        ],
        "linking": [
            [
                18,
                19
            ]
        ],
        "label": "answer",
        "words": [
            {
                "text": "90",
                "box": [
                    300,
                    578,
                    320,
                    595
                ]
            },
            {
                "text": "%",
                "box": [
                    320,
                    581,
                    330,
                    596
                ]
            },
            {
                "text": "White",
                "box": [
                    332,
                    580,
                    377,
                    594
                ]
            },
            {
                "text": "-",
                "box": [
                    383,
                    580,
                    397,
                    591
                ]
            },
            {
                "text": "10",
                "box": [
                    402,
                    578,
                    420,
                    595
                ]
            },
            {
                "text": "%",
                "box": [
                    418,
                    577,
                    428,
                    594
                ]
            },
            {
                "text": "Black",
                "box": [
                    434,
                    580,
                    479,
                    594
                ]
            },
            {
                "text": "Age",
                "box": [
                    303,
                    609,
                    331,
                    624
                ]
            },
            {
                "text": "category",
                "box": [
                    337,
                    605,
                    405,
                    625
                ]
            },
            {
                "text": "21",
                "box": [
                    409,
                    606,
                    430,
                    620
                ]
            },
            {
                "text": "yrs.",
                "box": [
                    436,
                    605,
                    470,
                    622
                ]
            },
            {
                "text": "to",
                "box": [
                    479,
                    608,
                    500,
                    623
                ]
            },
            {
                "text": "45",
                "box": [
                    504,
                    605,
                    522,
                    620
                ]
            },
            {
                "text": "yrs.",
                "box": [
                    528,
                    608,
                    560,
                    622
                ]
            }
        ],
        "id": 19,
        "neighbours": [
            "Dates:",
            "466603840",
            "700",
            "Dundee",
            "SPECIAL EVENTS",
            "City/ Town:",
            "Beauty Contest",
            "Estimated Attendance",
            "March 3rd, 4th & 5th,",
            "Mrs. Illinois Beauty Pageant",
            "Contact (Name/ Telephone):",
            "Ms. Joy Weathers (Sales) 312/ 426 - 8000",
            "Audience Concentration",
            "Recommended Brand(s) and Promotional Activity:",
            "BARCLAY sampling",
            "2 - 12M cases mixed.",
            "To be placed on tables by B & W Reps."
        ]
    },
    {
        "text": "Recommended Brand(s) and Promotional Activity:",
        "box": [
            67,
            691,
            465,
            712
        ],
        "linking": [
            [
                20,
                21
            ],
            [
                20,
                22
            ],
            [
                20,
                23
            ]
        ],
        "label": "question",
        "words": [
            {
                "text": "Recommended",
                "box": [
                    67,
                    696,
                    166,
                    711
                ]
            },
            {
                "text": "Brand(s)",
                "box": [
                    173,
                    694,
                    246,
                    712
                ]
            },
            {
                "text": "and",
                "box": [
                    253,
                    694,
                    280,
                    708
                ]
            },
            {
                "text": "Promotional",
                "box": [
                    285,
                    693,
                    377,
                    707
                ]
            },
            {
                "text": "Activity:",
                "box": [
                    387,
                    691,
                    465,
                    706
                ]
            }
        ],
        "id": 20,
        "neighbours": [
            "Dates:",
            "/934g",
            "/lr",
            "700",
            "Dundee",
            "State:",
            "Illinois",
            "SPECIAL EVENTS",
            "City/ Town:",
            "Type of Event:",
            "Beauty Contest",
            "Estimated Attendance",
            "March 3rd, 4th & 5th,",
            "Name of Event:",
            "Mrs. Illinois Beauty Pageant",
            "Contact (Name/ Telephone):",
            "Ms. Joy Weathers (Sales) 312/ 426 - 8000",
            "Audience Concentration",
            "90 % White - 10 % Black Age category 21 yrs. to 45 yrs.",
            "BARCLAY sampling",
            "2 - 12M cases mixed.",
            "To be placed on tables by B & W Reps."
        ]
    },
    {
        "text": "BARCLAY sampling",
        "box": [
            503,
            690,
            641,
            708
        ],
        "linking": [
            [
                20,
                21
            ]
        ],
        "label": "answer",
        "words": [
            {
                "text": "BARCLAY",
                "box": [
                    503,
                    690,
                    564,
                    707
                ]
            },
            {
                "text": "sampling",
                "box": [
                    573,
                    691,
                    641,
                    708
                ]
            }
        ],
        "id": 21,
        "neighbours": [
            "Dates:",
            "466603840",
            "Dundee",
            "City/ Town:",
            "March 3rd, 4th & 5th,",
            "Mrs. Illinois Beauty Pageant",
            "Ms. Joy Weathers (Sales) 312/ 426 - 8000",
            "90 % White - 10 % Black Age category 21 yrs. to 45 yrs.",
            "Recommended Brand(s) and Promotional Activity:",
            "To be placed on tables by B & W Reps."
        ]
    },
    {
        "text": "2 - 12M cases mixed.",
        "box": [
            165,
            721,
            342,
            740
        ],
        "linking": [
            [
                20,
                22
            ]
        ],
        "label": "answer",
        "words": [
            {
                "text": "2",
                "box": [
                    165,
                    723,
                    180,
                    740
                ]
            },
            {
                "text": "-",
                "box": [
                    184,
                    725,
                    198,
                    738
                ]
            },
            {
                "text": "12M",
                "box": [
                    203,
                    725,
                    232,
                    736
                ]
            },
            {
                "text": "cases",
                "box": [
                    235,
                    725,
                    282,
                    738
                ]
            },
            {
                "text": "mixed.",
                "box": [
                    285,
                    721,
                    342,
                    739
                ]
            }
        ],
        "id": 22,
        "neighbours": [
            "/934g",
            "/lr",
            "700",
            "State:",
            "Illinois",
            "SPECIAL EVENTS",
            "City/ Town:",
            "Type of Event:",
            "Beauty Contest",
            "Estimated Attendance",
            "Name of Event:",
            "Mrs. Illinois Beauty Pageant",
            "Contact (Name/ Telephone):",
            "Ms. Joy Weathers (Sales) 312/ 426 - 8000",
            "Audience Concentration",
            "90 % White - 10 % Black Age category 21 yrs. to 45 yrs.",
            "Recommended Brand(s) and Promotional Activity:",
            "To be placed on tables by B & W Reps."
        ]
    },
    {
        "text": "To be placed on tables by B & W Reps.",
        "box": [
            169,
            747,
            478,
            768
        ],
        "linking": [
            [
                20,
                23
            ]
        ],
        "label": "answer",
        "words": [
            {
                "text": "To",
                "box": [
                    169,
                    751,
                    191,
                    766
                ]
            },
            {
                "text": "be",
                "box": [
                    193,
                    751,
                    213,
                    768
                ]
            },
            {
                "text": "placed",
                "box": [
                    221,
                    750,
                    274,
                    767
                ]
            },
            {
                "text": "on",
                "box": [
                    281,
                    751,
                    299,
                    765
                ]
            },
            {
                "text": "tables",
                "box": [
                    306,
                    747,
                    356,
                    764
                ]
            },
            {
                "text": "by",
                "box": [
                    362,
                    750,
                    383,
                    765
                ]
            },
            {
                "text": "B",
                "box": [
                    387,
                    749,
                    395,
                    764
                ]
            },
            {
                "text": "&",
                "box": [
                    402,
                    747,
                    416,
                    764
                ]
            },
            {
                "text": "W",
                "box": [
                    416,
                    749,
                    431,
                    763
                ]
            },
            {
                "text": "Reps.",
                "box": [
                    436,
                    750,
                    478,
                    768
                ]
            }
        ],
        "id": 23,
        "neighbours": [
            "Dates:",
            "466603840",
            "/934g",
            "/lr",
            "700",
            "Dundee",
            "State:",
            "Illinois",
            "SPECIAL EVENTS",
            "City/ Town:",
            "Type of Event:",
            "Beauty Contest",
            "Estimated Attendance",
            "March 3rd, 4th & 5th,",
            "Name of Event:",
            "Mrs. Illinois Beauty Pageant",
            "Contact (Name/ Telephone):",
            "Ms. Joy Weathers (Sales) 312/ 426 - 8000",
            "Audience Concentration",
            "90 % White - 10 % Black Age category 21 yrs. to 45 yrs.",
            "Recommended Brand(s) and Promotional Activity:",
            "BARCLAY sampling",
            "2 - 12M cases mixed."
        ]
    }
]