[
    {
        "box": [
            165,
            140,
            225,
            153
        ],
        "text": "Customer",
        "label": "question",
        "words": [
            {
                "box": [
                    165,
                    140,
                    225,
                    153
                ],
                "text": "Customer"
            }
        ],
        "linking": [
            [
                0,
                1
            ]
        ],
        "id": 0,
        "neighbours": [
            "B&W",
            "RECEIVED",
            "Technician",
            "AARBERG -STRAHAN INKS & COATINGS CORP.",
            "Falcon Green",
            "SKGC-4518 ",
            "Formula No.",
            "Solids Composit",
            "Total Solids",
            "Solvent Composit to % V. O. C. s",
            "Total V. O. C. s",
            "100. 00%",
            "DLR 12/ 5/ 89"
        ]
    },
    {
        "box": [
            275,
            142,
            297,
            155
        ],
        "text": "B&W",
        "label": "answer",
        "words": [
            {
                "box": [
                    275,
                    142,
                    297,
                    155
                ],
                "text": "B&W"
            }
        ],
        "linking": [
            [
                0,
                1
            ]
        ],
        "id": 1,
        "neighbours": [
            "Customer",
            "RECEIVED",
            "Technician",
            "Toluene",
            "AARBERG -STRAHAN INKS & COATINGS CORP.",
            "Formula Composit Form",
            "Falcon Green",
            "SKGC-4518 ",
            "Formula No.",
            "Solids Composit",
            "Lecithin (Food Grade)",
            "Epoxidized Soy Bean Oil",
            "Cellulose Nitrate Wet w /2 Propanol",
            "Pigment, Yellow 34",
            "Pigment, Blue 15: 4",
            "Ester of Modified Tricyclic Carboxylic Acid Jonrez IM824",
            "Total Solids",
            "Solvent Composit to % V. O. C. s",
            "Isopropyl Acetate",
            "N- Propyl Acetate",
            "Total V. O. C. s",
            "100. 00%",
            "DLR 12/ 5/ 89"
        ]
    },
    {
        "box": [
            557,
            130,
            712,
            161
        ],
        "text": "RECEIVED",
        "label": "question",
        "words": [
            {
                "box": [
                    557,
                    130,
                    712,
                    161
                ],
                "text": "RECEIVED"
            }
        ],
        "linking": [
            [
                2,
                8
            ]
        ],
        "id": 2,
        "neighbours": [
            "Customer",
            "B&W",
            "605110969",
            "AARBERG -STRAHAN INKS & COATINGS CORP.",
            "DEC 1 1 1989",
            "A. C. D.",
            "Cellulose Nitrate Wet w /2 Propanol",
            "Ester of Modified Tricyclic Carboxylic Acid Jonrez IM824"
        ]
    },
    {
        "box": [
            147,
            912,
            221,
            926
        ],
        "text": "Technician",
        "label": "question",
        "words": [
            {
                "box": [
                    147,
                    912,
                    221,
                    926
                ],
                "text": "Technician"
            }
        ],
        "linking": [
            [
                3,
                26
            ]
        ],
        "id": 3,
        "neighbours": [
            "Customer",
            "B&W",
            "AARBERG -STRAHAN INKS & COATINGS CORP.",
            "Falcon Green",
            "SKGC-4518 ",
            "Formula No.",
            "Solids Composit",
            "Total Solids",
            "Solvent Composit to % V. O. C. s",
            "Total V. O. C. s",
            "100. 00%",
            "DLR 12/ 5/ 89"
        ]
    },
    {
        "box": [
            570,
            964,
            692,
            992
        ],
        "text": "605110969",
        "label": "other",
        "words": [
            {
                "box": [
                    570,
                    964,
                    692,
                    992
                ],
                "text": "605110969"
            }
        ],
        "linking": [],
        "id": 4,
        "neighbours": [
            "RECEIVED",
            "AARBERG -STRAHAN INKS & COATINGS CORP.",
            "DEC 1 1 1989",
            "A. C. D.",
            "Cellulose Nitrate Wet w /2 Propanol",
            "Ester of Modified Tricyclic Carboxylic Acid Jonrez IM824"
        ]
    },
    {
        "box": [
            295,
            615,
            349,
            630
        ],
        "text": "Toluene",
        "label": "answer",
        "words": [
            {
                "box": [
                    295,
                    615,
                    349,
                    630
                ],
                "text": "Toluene"
            }
        ],
        "linking": [
            [
                20,
                5
            ]
        ],
        "id": 5,
        "neighbours": [
            "B&W",
            "AARBERG -STRAHAN INKS & COATINGS CORP.",
            "Formula Composit Form",
            "Falcon Green",
            "SKGC-4518 ",
            "Formula No.",
            "Solids Composit",
            "Lecithin (Food Grade)",
            "Epoxidized Soy Bean Oil",
            "Cellulose Nitrate Wet w /2 Propanol",
            "Pigment, Yellow 34",
            "Pigment, Blue 15: 4",
            "Ester of Modified Tricyclic Carboxylic Acid Jonrez IM824",
            "Total Solids",
            "Solvent Composit to % V. O. C. s",
            "Isopropyl Acetate",
            "N- Propyl Acetate",
            "Total V. O. C. s",
            "100. 00%",
            "DLR 12/ 5/ 89"
        ]
    },
    {
        "text": "AARBERG -STRAHAN INKS & COATINGS CORP.",
        "box": [
            254,
            68,
            527,
            88
        ],
        "linking": [],
        "label": "header",
        "words": [
            {
                "text": "AARBERG",
                "box": [
                    254,
                    68,
                    307,
                    82
                ]
            },
            {
                "text": "-STRAHAN",
                "box": [
                    309,
                    70,
                    369,
                    84
                ]
            },
            {
                "text": "INKS",
                "box": [
                    374,
                    73,
                    403,
                    86
                ]
            },
            {
                "text": "&",
                "box": [
                    411,
                    74,
                    421,
                    87
                ]
            },
            {
                "text": "COATINGS",
                "box": [
                    426,
                    74,
                    485,
                    87
                ]
            },
            {
                "text": "CORP.",
                "box": [
                    493,
                    74,
                    527,
                    88
                ]
            }
        ],
        "id": 6,
        "neighbours": [
            "Customer",
            "B&W",
            "RECEIVED",
            "Technician",
            "605110969",
            "Toluene",
            "Formula Composit Form",
            "DEC 1 1 1989",
            "A. C. D.",
            "Falcon Green",
            "SKGC-4518 ",
            "Formula No.",
            "Solids Composit",
            "Lecithin (Food Grade)",
            "Epoxidized Soy Bean Oil",
            "Cellulose Nitrate Wet w /2 Propanol",
            "Pigment, Yellow 34",
            "Pigment, Blue 15: 4",
            "Ester of Modified Tricyclic Carboxylic Acid Jonrez IM824",
            "Total Solids",
            "Solvent Composit to % V. O. C. s",
            "Isopropyl Acetate",
            "N- Propyl Acetate",
            "Total V. O. C. s",
            "100. 00%",
            "DLR 12/ 5/ 89"
        ]
    },
    {
        "text": "Formula Composit Form",
        "box": [
            316,
            99,
            473,
            118
        ],
        "linking": [],
        "label": "other",
        "words": [
            {
                "text": "Formula",
                "box": [
                    316,
                    99,
                    368,
                    114
                ]
            },
            {
                "text": "Composit",
                "box": [
                    373,
                    102,
                    434,
                    116
                ]
            },
            {
                "text": "Form",
                "box": [
                    439,
                    103,
                    473,
                    118
                ]
            }
        ],
        "id": 7,
        "neighbours": [
            "B&W",
            "Toluene",
            "AARBERG -STRAHAN INKS & COATINGS CORP.",
            "Falcon Green",
            "SKGC-4518 ",
            "Solids Composit",
            "Lecithin (Food Grade)",
            "Epoxidized Soy Bean Oil",
            "Cellulose Nitrate Wet w /2 Propanol",
            "Pigment, Yellow 34",
            "Pigment, Blue 15: 4",
            "Ester of Modified Tricyclic Carboxylic Acid Jonrez IM824",
            "Solvent Composit to % V. O. C. s",
            "Isopropyl Acetate",
            "N- Propyl Acetate",
            "100. 00%",
            "DLR 12/ 5/ 89"
        ]
    },
    {
        "text": "DEC 1 1 1989",
        "box": [
            585,
            173,
            678,
            194
        ],
        "linking": [
            [
                2,
                8
            ]
        ],
        "label": "answer",
        "words": [
            {
                "text": "DEC",
                "box": [
                    585,
                    173,
                    614,
                    191
                ]
            },
            {
                "text": "1",
                "box": [
                    620,
                    175,
                    628,
                    193
                ]
            },
            {
                "text": "1",
                "box": [
                    635,
                    176,
                    643,
                    194
                ]
            },
            {
                "text": "1989",
                "box": [
                    649,
                    177,
                    678,
                    192
                ]
            }
        ],
        "id": 8,
        "neighbours": [
            "RECEIVED",
            "605110969",
            "AARBERG -STRAHAN INKS & COATINGS CORP.",
            "A. C. D.",
            "Falcon Green",
            "SKGC-4518 ",
            "Formula No.",
            "Cellulose Nitrate Wet w /2 Propanol",
            "Ester of Modified Tricyclic Carboxylic Acid Jonrez IM824"
        ]
    },
    {
        "text": "A. C. D.",
        "box": [
            589,
            207,
            671,
            230
        ],
        "linking": [],
        "label": "other",
        "words": [
            {
                "text": "A.",
                "box": [
                    589,
                    208,
                    611,
                    230
                ]
            },
            {
                "text": "C.",
                "box": [
                    620,
                    207,
                    637,
                    229
                ]
            },
            {
                "text": "D.",
                "box": [
                    647,
                    209,
                    671,
                    229
                ]
            }
        ],
        "id": 9,
        "neighbours": [
            "RECEIVED",
            "605110969",
            "AARBERG -STRAHAN INKS & COATINGS CORP.",
            "DEC 1 1 1989",
            "SKGC-4518 ",
            "Formula No.",
            "Cellulose Nitrate Wet w /2 Propanol",
            "Ester of Modified Tricyclic Carboxylic Acid Jonrez IM824"
        ]
    },
    {
        "text": "Falcon Green",
        "box": [
            274,
            173,
            361,
            188
        ],
        "linking": [],
        "label": "other",
        "words": [
            {
                "text": "Falcon",
                "box": [
                    274,
                    173,
                    319,
                    188
                ]
            },
            {
                "text": "Green",
                "box": [
                    325,
                    173,
                    361,
                    188
                ]
            }
        ],
        "id": 10,
        "neighbours": [
            "Customer",
            "B&W",
            "Technician",
            "Toluene",
            "AARBERG -STRAHAN INKS & COATINGS CORP.",
            "Formula Composit Form",
            "DEC 1 1 1989",
            "SKGC-4518 ",
            "Formula No.",
            "Solids Composit",
            "Lecithin (Food Grade)",
            "Epoxidized Soy Bean Oil",
            "Cellulose Nitrate Wet w /2 Propanol",
            "Pigment, Yellow 34",
            "Pigment, Blue 15: 4",
            "Ester of Modified Tricyclic Carboxylic Acid Jonrez IM824",
            "Total Solids",
            "Solvent Composit to % V. O. C. s",
            "Isopropyl Acetate",
            "N- Propyl Acetate",
            "Total V. O. C. s",
            "100. 00%",
            "DLR 12/ 5/ 89"
        ]
    },
    {
        "text": "SKGC-4518 ",
        "box": [
            272,
            201,
            341,
            216
        ],
        "linking": [
            [
                12,
                11
            ]
        ],
        "label": "answer",
        "words": [
            {
                "text": "SKGC-4518",
                "box": [
                    272,
                    201,
                    303,
                    215
                ]
            },
            {
                "text": "",
                "box": [
                    303,
                    201,
                    341,
                    216
                ]
            }
        ],
        "id": 11,
        "neighbours": [
            "Customer",
            "B&W",
            "Technician",
            "Toluene",
            "AARBERG -STRAHAN INKS & COATINGS CORP.",
            "Formula Composit Form",
            "DEC 1 1 1989",
            "A. C. D.",
            "Falcon Green",
            "Formula No.",
            "Solids Composit",
            "Lecithin (Food Grade)",
            "Epoxidized Soy Bean Oil",
            "Cellulose Nitrate Wet w /2 Propanol",
            "Pigment, Yellow 34",
            "Pigment, Blue 15: 4",
            "Ester of Modified Tricyclic Carboxylic Acid Jonrez IM824",
            "Total Solids",
            "Solvent Composit to % V. O. C. s",
            "Isopropyl Acetate",
            "N- Propyl Acetate",
            "Total V. O. C. s",
            "100. 00%",
            "DLR 12/ 5/ 89"
        ]
    },
    {
        "text": "Formula No.",
        "box": [
            163,
            196,
            244,
            211
        ],
        "linking": [
            [
                12,
                11
            ]
        ],
        "label": "question",
        "words": [
            {
                "text": "Formula",
                "box": [
                    163,
                    196,
                    215,
                    211
                ]
            },
            {
                "text": "No.",
                "box": [
                    222,
                    197,
                    244,
                    211
                ]
            }
        ],
        "id": 12,
        "neighbours": [
            "Customer",
            "B&W",
            "Technician",
            "Toluene",
            "AARBERG -STRAHAN INKS & COATINGS CORP.",
            "DEC 1 1 1989",
            "A. C. D.",
            "Falcon Green",
            "SKGC-4518 ",
            "Solids Composit",
            "Lecithin (Food Grade)",
            "Epoxidized Soy Bean Oil",
            "Cellulose Nitrate Wet w /2 Propanol",
            "Pigment, Yellow 34",
            "Pigment, Blue 15: 4",
            "Ester of Modified Tricyclic Carboxylic Acid Jonrez IM824",
            "Total Solids",
            "Solvent Composit to % V. O. C. s",
            "Isopropyl Acetate",
            "N- Propyl Acetate",
            "Total V. O. C. s",
            "100. 00%",
            "DLR 12/ 5/ 89"
        ]
    },
    {
        "text": "Solids Composit",
        "box": [
            250,
            244,
            362,
            261
        ],
        "linking": [
            [
                13,
                14
            ],
            [
                13,
                15
            ],
            [
                13,
                16
            ],
            [
                13,
                17
            ],
            [
                13,
                18
            ],
            [
                13,
                19
            ]
        ],
        "label": "question",
        "words": [
            {
                "text": "Solids",
                "box": [
                    250,
                    244,
                    297,
                    259
                ]
            },
            {
                "text": "Composit",
                "box": [
                    303,
                    247,
                    362,
                    261
                ]
            }
        ],
        "id": 13,
        "neighbours": [
            "Customer",
            "B&W",
            "Technician",
            "Toluene",
            "AARBERG -STRAHAN INKS & COATINGS CORP.",
            "Formula Composit Form",
            "Falcon Green",
            "SKGC-4518 ",
            "Formula No.",
            "Lecithin (Food Grade)",
            "Epoxidized Soy Bean Oil",
            "Cellulose Nitrate Wet w /2 Propanol",
            "Pigment, Yellow 34",
            "Pigment, Blue 15: 4",
            "Ester of Modified Tricyclic Carboxylic Acid Jonrez IM824",
            "Total Solids",
            "Solvent Composit to % V. O. C. s",
            "Isopropyl Acetate",
            "N- Propyl Acetate",
            "Total V. O. C. s",
            "100. 00%",
            "DLR 12/ 5/ 89"
        ]
    },
    {
        "text": "Lecithin (Food Grade)",
        "box": [
            302,
            277,
            455,
            292
        ],
        "linking": [
            [
                13,
                14
            ]
        ],
        "label": "answer",
        "words": [
            {
                "text": "Lecithin",
                "box": [
                    302,
                    278,
                    361,
                    292
                ]
            },
            {
                "text": "(Food",
                "box": [
                    370,
                    278,
                    405,
                    292
                ]
            },
            {
                "text": "Grade)",
                "box": [
                    412,
                    277,
                    455,
                    292
                ]
            }
        ],
        "id": 14,
        "neighbours": [
            "B&W",
            "Toluene",
            "AARBERG -STRAHAN INKS & COATINGS CORP.",
            "Formula Composit Form",
            "Falcon Green",
            "SKGC-4518 ",
            "Formula No.",
            "Solids Composit",
            "Epoxidized Soy Bean Oil",
            "Cellulose Nitrate Wet w /2 Propanol",
            "Pigment, Yellow 34",
            "Pigment, Blue 15: 4",
            "Ester of Modified Tricyclic Carboxylic Acid Jonrez IM824",
            "Total Solids",
            "Solvent Composit to % V. O. C. s",
            "Isopropyl Acetate",
            "N- Propyl Acetate",
            "100. 00%",
            "DLR 12/ 5/ 89"
        ]
    },
    {
        "text": "Epoxidized Soy Bean Oil",
        "box": [
            302,
            299,
            471,
            317
        ],
        "linking": [
            [
                13,
                15
            ]
        ],
        "label": "answer",
        "words": [
            {
                "text": "Epoxidized",
                "box": [
                    302,
                    299,
                    376,
                    314
                ]
            },
            {
                "text": "Soy",
                "box": [
                    383,
                    300,
                    405,
                    315
                ]
            },
            {
                "text": "Bean",
                "box": [
                    412,
                    303,
                    441,
                    317
                ]
            },
            {
                "text": "Oil",
                "box": [
                    447,
                    302,
                    471,
                    315
                ]
            }
        ],
        "id": 15,
        "neighbours": [
            "B&W",
            "Toluene",
            "AARBERG -STRAHAN INKS & COATINGS CORP.",
            "Formula Composit Form",
            "Falcon Green",
            "SKGC-4518 ",
            "Formula No.",
            "Solids Composit",
            "Lecithin (Food Grade)",
            "Cellulose Nitrate Wet w /2 Propanol",
            "Pigment, Yellow 34",
            "Pigment, Blue 15: 4",
            "Ester of Modified Tricyclic Carboxylic Acid Jonrez IM824",
            "Total Solids",
            "Solvent Composit to % V. O. C. s",
            "Isopropyl Acetate",
            "N- Propyl Acetate",
            "100. 00%",
            "DLR 12/ 5/ 89"
        ]
    },
    {
        "text": "Cellulose Nitrate Wet w /2 Propanol",
        "box": [
            300,
            321,
            552,
            338
        ],
        "linking": [
            [
                13,
                16
            ]
        ],
        "label": "answer",
        "words": [
            {
                "text": "Cellulose",
                "box": [
                    300,
                    321,
                    367,
                    334
                ]
            },
            {
                "text": "Nitrate",
                "box": [
                    373,
                    321,
                    425,
                    338
                ]
            },
            {
                "text": "Wet",
                "box": [
                    433,
                    323,
                    455,
                    338
                ]
            },
            {
                "text": "w",
                "box": [
                    461,
                    327,
                    472,
                    335
                ]
            },
            {
                "text": "/2",
                "box": [
                    471,
                    324,
                    488,
                    338
                ]
            },
            {
                "text": "Propanol",
                "box": [
                    493,
                    323,
                    552,
                    338
                ]
            }
        ],
        "id": 16,
        "neighbours": [
            "B&W",
            "RECEIVED",
            "605110969",
            "Toluene",
            "AARBERG -STRAHAN INKS & COATINGS CORP.",
            "Formula Composit Form",
            "DEC 1 1 1989",
            "A. C. D.",
            "Falcon Green",
            "SKGC-4518 ",
            "Formula No.",
            "Solids Composit",
            "Lecithin (Food Grade)",
            "Epoxidized Soy Bean Oil",
            "Pigment, Yellow 34",
            "Pigment, Blue 15: 4",
            "Ester of Modified Tricyclic Carboxylic Acid Jonrez IM824",
            "Total Solids",
            "Solvent Composit to % V. O. C. s",
            "Isopropyl Acetate",
            "N- Propyl Acetate",
            "Total V. O. C. s",
            "100. 00%",
            "DLR 12/ 5/ 89"
        ]
    },
    {
        "text": "Pigment, Yellow 34",
        "box": [
            299,
            344,
            433,
            359
        ],
        "linking": [
            [
                13,
                17
            ]
        ],
        "label": "answer",
        "words": [
            {
                "text": "Pigment,",
                "box": [
                    299,
                    344,
                    358,
                    358
                ]
            },
            {
                "text": "Yellow",
                "box": [
                    366,
                    345,
                    412,
                    359
                ]
            },
            {
                "text": "34",
                "box": [
                    419,
                    344,
                    433,
                    359
                ]
            }
        ],
        "id": 17,
        "neighbours": [
            "B&W",
            "Toluene",
            "AARBERG -STRAHAN INKS & COATINGS CORP.",
            "Formula Composit Form",
            "Falcon Green",
            "SKGC-4518 ",
            "Formula No.",
            "Solids Composit",
            "Lecithin (Food Grade)",
            "Epoxidized Soy Bean Oil",
            "Cellulose Nitrate Wet w /2 Propanol",
            "Pigment, Blue 15: 4",
            "Ester of Modified Tricyclic Carboxylic Acid Jonrez IM824",
            "Total Solids",
            "Solvent Composit to % V. O. C. s",
            "Isopropyl Acetate",
            "N- Propyl Acetate",
            "Total V. O. C. s",
            "100. 00%",
            "DLR 12/ 5/ 89"
        ]
    },
    {
        "text": "Pigment, Blue 15: 4",
        "box": [
            299,
            365,
            431,
            382
        ],
        "linking": [
            [
                13,
                18
            ]
        ],
        "label": "answer",
        "words": [
            {
                "text": "Pigment,",
                "box": [
                    299,
                    365,
                    359,
                    382
                ]
            },
            {
                "text": "Blue",
                "box": [
                    366,
                    367,
                    400,
                    378
                ]
            },
            {
                "text": "15:",
                "box": [
                    406,
                    367,
                    424,
                    381
                ]
            },
            {
                "text": "4",
                "box": [
                    423,
                    367,
                    431,
                    381
                ]
            }
        ],
        "id": 18,
        "neighbours": [
            "B&W",
            "Toluene",
            "AARBERG -STRAHAN INKS & COATINGS CORP.",
            "Formula Composit Form",
            "Falcon Green",
            "SKGC-4518 ",
            "Formula No.",
            "Solids Composit",
            "Lecithin (Food Grade)",
            "Epoxidized Soy Bean Oil",
            "Cellulose Nitrate Wet w /2 Propanol",
            "Pigment, Yellow 34",
            "Ester of Modified Tricyclic Carboxylic Acid Jonrez IM824",
            "Total Solids",
            "Solvent Composit to % V. O. C. s",
            "Isopropyl Acetate",
            "N- Propyl Acetate",
            "Total V. O. C. s",
            "100. 00%",
            "DLR 12/ 5/ 89"
        ]
    },
    {
        "text": "Ester of Modified Tricyclic Carboxylic Acid Jonrez IM824",
        "box": [
            300,
            385,
            712,
            407
        ],
        "linking": [
            [
                13,
                19
            ]
        ],
        "label": "answer",
        "words": [
            {
                "text": "Ester",
                "box": [
                    300,
                    385,
                    336,
                    399
                ]
            },
            {
                "text": "of",
                "box": [
                    345,
                    387,
                    360,
                    402
                ]
            },
            {
                "text": "Modified",
                "box": [
                    367,
                    388,
                    426,
                    402
                ]
            },
            {
                "text": "Tricyclic",
                "box": [
                    432,
                    391,
                    491,
                    405
                ]
            },
            {
                "text": "Carboxylic",
                "box": [
                    500,
                    391,
                    573,
                    406
                ]
            },
            {
                "text": "Acid",
                "box": [
                    580,
                    392,
                    612,
                    407
                ]
            },
            {
                "text": "Jonrez",
                "box": [
                    616,
                    387,
                    659,
                    404
                ]
            },
            {
                "text": "IM824",
                "box": [
                    666,
                    387,
                    712,
                    405
                ]
            }
        ],
        "id": 19,
        "neighbours": [
            "B&W",
            "RECEIVED",
            "605110969",
            "Toluene",
            "AARBERG -STRAHAN INKS & COATINGS CORP.",
            "Formula Composit Form",
            "DEC 1 1 1989",
            "A. C. D.",
            "Falcon Green",
            "SKGC-4518 ",
            "Formula No.",
            "Solids Composit",
            "Lecithin (Food Grade)",
            "Epoxidized Soy Bean Oil",
            "Cellulose Nitrate Wet w /2 Propanol",
            "Pigment, Yellow 34",
            "Pigment, Blue 15: 4",
            "Total Solids",
            "Solvent Composit to % V. O. C. s",
            "Isopropyl Acetate",
            "N- Propyl Acetate",
            "Total V. O. C. s",
            "100. 00%",
            "DLR 12/ 5/ 89"
        ]
    },
    {
        "text": "Total Solids",
        "box": [
            155,
            543,
            244,
            558
        ],
        "linking": [
            [
                20,
                21
            ],
            [
                20,
                5
            ],
            [
                20,
                22
            ],
            [
                20,
                23
            ]
        ],
        "label": "question",
        "words": [
            {
                "text": "Total",
                "box": [
                    155,
                    543,
                    191,
                    558
                ]
            },
            {
                "text": "Solids",
                "box": [
                    197,
                    543,
                    244,
                    558
                ]
            }
        ],
        "id": 20,
        "neighbours": [
            "Customer",
            "B&W",
            "Technician",
            "Toluene",
            "AARBERG -STRAHAN INKS & COATINGS CORP.",
            "Falcon Green",
            "SKGC-4518 ",
            "Formula No.",
            "Solids Composit",
            "Lecithin (Food Grade)",
            "Epoxidized Soy Bean Oil",
            "Cellulose Nitrate Wet w /2 Propanol",
            "Pigment, Yellow 34",
            "Pigment, Blue 15: 4",
            "Ester of Modified Tricyclic Carboxylic Acid Jonrez IM824",
            "Solvent Composit to % V. O. C. s",
            "Isopropyl Acetate",
            "N- Propyl Acetate",
            "Total V. O. C. s",
            "100. 00%",
            "DLR 12/ 5/ 89"
        ]
    },
    {
        "text": "Solvent Composit to % V. O. C. s",
        "box": [
            243,
            582,
            460,
            602
        ],
        "linking": [
            [
                20,
                21
            ]
        ],
        "label": "answer",
        "words": [
            {
                "text": "Solvent",
                "box": [
                    243,
                    582,
                    297,
                    599
                ]
            },
            {
                "text": "Composit",
                "box": [
                    304,
                    584,
                    363,
                    599
                ]
            },
            {
                "text": "to",
                "box": [
                    369,
                    585,
                    384,
                    598
                ]
            },
            {
                "text": "%",
                "box": [
                    388,
                    584,
                    401,
                    599
                ]
            },
            {
                "text": "V.",
                "box": [
                    406,
                    587,
                    419,
                    600
                ]
            },
            {
                "text": "O.",
                "box": [
                    419,
                    588,
                    433,
                    601
                ]
            },
            {
                "text": "C.",
                "box": [
                    434,
                    587,
                    451,
                    602
                ]
            },
            {
                "text": "s",
                "box": [
                    453,
                    588,
                    460,
                    602
                ]
            }
        ],
        "id": 21,
        "neighbours": [
            "Customer",
            "B&W",
            "Technician",
            "Toluene",
            "AARBERG -STRAHAN INKS & COATINGS CORP.",
            "Formula Composit Form",
            "Falcon Green",
            "SKGC-4518 ",
            "Formula No.",
            "Solids Composit",
            "Lecithin (Food Grade)",
            "Epoxidized Soy Bean Oil",
            "Cellulose Nitrate Wet w /2 Propanol",
            "Pigment, Yellow 34",
            "Pigment, Blue 15: 4",
            "Ester of Modified Tricyclic Carboxylic Acid Jonrez IM824",
            "Total Solids",
            "Isopropyl Acetate",
            "N- Propyl Acetate",
            "Total V. O. C. s",
            "100. 00%",
            "DLR 12/ 5/ 89"
        ]
    },
    {
        "text": "Isopropyl Acetate",
        "box": [
            296,
            637,
            423,
            654
        ],
        "linking": [
            [
                20,
                22
            ]
        ],
        "label": "answer",
        "words": [
            {
                "text": "Isopropyl",
                "box": [
                    296,
                    637,
                    363,
                    651
                ]
            },
            {
                "text": "Acetate",
                "box": [
                    370,
                    640,
                    423,
                    654
                ]
            }
        ],
        "id": 22,
        "neighbours": [
            "B&W",
            "Toluene",
            "AARBERG -STRAHAN INKS & COATINGS CORP.",
            "Formula Composit Form",
            "Falcon Green",
            "SKGC-4518 ",
            "Formula No.",
            "Solids Composit",
            "Lecithin (Food Grade)",
            "Epoxidized Soy Bean Oil",
            "Cellulose Nitrate Wet w /2 Propanol",
            "Pigment, Yellow 34",
            "Pigment, Blue 15: 4",
            "Ester of Modified Tricyclic Carboxylic Acid Jonrez IM824",
            "Total Solids",
            "Solvent Composit to % V. O. C. s",
            "N- Propyl Acetate",
            "Total V. O. C. s",
            "100. 00%",
            "DLR 12/ 5/ 89"
        ]
    },
    {
        "text": "N- Propyl Acetate",
        "box": [
            295,
            659,
            412,
            675
        ],
        "linking": [
            [
                20,
                23
            ]
        ],
        "label": "answer",
        "words": [
            {
                "text": "N-",
                "box": [
                    295,
                    659,
                    310,
                    673
                ]
            },
            {
                "text": "Propyl",
                "box": [
                    311,
                    661,
                    354,
                    674
                ]
            },
            {
                "text": "Acetate",
                "box": [
                    362,
                    661,
                    412,
                    675
                ]
            }
        ],
        "id": 23,
        "neighbours": [
            "B&W",
            "Toluene",
            "AARBERG -STRAHAN INKS & COATINGS CORP.",
            "Formula Composit Form",
            "Falcon Green",
            "SKGC-4518 ",
            "Formula No.",
            "Solids Composit",
            "Lecithin (Food Grade)",
            "Epoxidized Soy Bean Oil",
            "Cellulose Nitrate Wet w /2 Propanol",
            "Pigment, Yellow 34",
            "Pigment, Blue 15: 4",
            "Ester of Modified Tricyclic Carboxylic Acid Jonrez IM824",
            "Total Solids",
            "Solvent Composit to % V. O. C. s",
            "Isopropyl Acetate",
            "Total V. O. C. s",
            "100. 00%",
            "DLR 12/ 5/ 89"
        ]
    },
    {
        "text": "Total V. O. C. s",
        "box": [
            140,
            835,
            237,
            853
        ],
        "linking": [
            [
                24,
                25
            ]
        ],
        "label": "question",
        "words": [
            {
                "text": "Total",
                "box": [
                    140,
                    835,
                    178,
                    852
                ]
            },
            {
                "text": "V.",
                "box": [
                    183,
                    838,
                    198,
                    851
                ]
            },
            {
                "text": "O.",
                "box": [
                    198,
                    839,
                    212,
                    853
                ]
            },
            {
                "text": "C.",
                "box": [
                    214,
                    839,
                    229,
                    850
                ]
            },
            {
                "text": "s",
                "box": [
                    229,
                    842,
                    237,
                    850
                ]
            }
        ],
        "id": 24,
        "neighbours": [
            "Customer",
            "B&W",
            "Technician",
            "Toluene",
            "AARBERG -STRAHAN INKS & COATINGS CORP.",
            "Falcon Green",
            "SKGC-4518 ",
            "Formula No.",
            "Solids Composit",
            "Cellulose Nitrate Wet w /2 Propanol",
            "Pigment, Yellow 34",
            "Pigment, Blue 15: 4",
            "Ester of Modified Tricyclic Carboxylic Acid Jonrez IM824",
            "Total Solids",
            "Solvent Composit to % V. O. C. s",
            "Isopropyl Acetate",
            "N- Propyl Acetate",
            "100. 00%",
            "DLR 12/ 5/ 89"
        ]
    },
    {
        "text": "100. 00%",
        "box": [
            251,
            860,
            306,
            879
        ],
        "linking": [
            [
                24,
                25
            ]
        ],
        "label": "answer",
        "words": [
            {
                "text": "100.",
                "box": [
                    251,
                    860,
                    279,
                    877
                ]
            },
            {
                "text": "00%",
                "box": [
                    281,
                    862,
                    306,
                    879
                ]
            }
        ],
        "id": 25,
        "neighbours": [
            "Customer",
            "B&W",
            "Technician",
            "Toluene",
            "AARBERG -STRAHAN INKS & COATINGS CORP.",
            "Formula Composit Form",
            "Falcon Green",
            "SKGC-4518 ",
            "Formula No.",
            "Solids Composit",
            "Lecithin (Food Grade)",
            "Epoxidized Soy Bean Oil",
            "Cellulose Nitrate Wet w /2 Propanol",
            "Pigment, Yellow 34",
            "Pigment, Blue 15: 4",
            "Ester of Modified Tricyclic Carboxylic Acid Jonrez IM824",
            "Total Solids",
            "Solvent Composit to % V. O. C. s",
            "Isopropyl Acetate",
            "N- Propyl Acetate",
            "Total V. O. C. s",
            "DLR 12/ 5/ 89"
        ]
    },
    {
        "text": "DLR 12/ 5/ 89",
        "box": [
            228,
            911,
            283,
            951
        ],
        "linking": [
            [
                3,
                26
            ]
        ],
        "label": "answer",
        "words": [
            {
                "text": "DLR",
                "box": [
                    251,
                    911,
                    283,
                    924
                ]
            },
            {
                "text": "12/",
                "box": [
                    228,
                    933,
                    248,
                    951
                ]
            },
            {
                "text": "5/",
                "box": [
                    247,
                    934,
                    264,
                    951
                ]
            },
            {
                "text": "89",
                "box": [
                    263,
                    936,
                    280,
                    951
                ]
            }
        ],
        "id": 26,
        "neighbours": [
            "Customer",
            "B&W",
            "Technician",
            "Toluene",
            "AARBERG -STRAHAN INKS & COATINGS CORP.",
            "Formula Composit Form",
            "Falcon Green",
            "SKGC-4518 ",
            "Formula No.",
            "Solids Composit",
            "Lecithin (Food Grade)",
            "Epoxidized Soy Bean Oil",
            "Cellulose Nitrate Wet w /2 Propanol",
            "Pigment, Yellow 34",
            "Pigment, Blue 15: 4",
            "Ester of Modified Tricyclic Carboxylic Acid Jonrez IM824",
            "Total Solids",
            "Solvent Composit to % V. O. C. s",
            "Isopropyl Acetate",
            "N- Propyl Acetate",
            "Total V. O. C. s",
            "100. 00%"
        ]
    }
]