[
    {
        "box": [
            81,
            415,
            119,
            429
        ],
        "text": "NAME",
        "label": "question",
        "words": [
            {
                "box": [
                    81,
                    415,
                    119,
                    429
                ],
                "text": "NAME"
            }
        ],
        "linking": [],
        "id": 0,
        "neighbours": [
            "NAME",
            "Make copies of this form if necessary. Complete applicable section (s) and return to NYSAWMD.",
            "LORILLARD TOBACCO COMPANY",
            "GOLF TOURNAMENT",
            "I will participate in the Golf Tournament",
            "My handicap is:",
            "FIRM NAME",
            "BROWN & WILLIAMSON TOBACCO CORPORATION",
            "TENNIS TOURNAMENT",
            "I will participate in the Tennis Tournament I would classify myself as (please check appropriate box)",
            "<> Beginner",
            "<> Fair",
            "<> Good",
            "<> Excellent",
            "FIRM NAME",
            "NYSAWMD, INC. 211 EAST 43RD STREET, NEW YORK, NY 10017-4707",
            "CONVFORM.96 "
        ]
    },
    {
        "box": [
            513,
            369,
            574,
            382
        ],
        "text": "Strokes",
        "label": "question",
        "words": [
            {
                "box": [
                    513,
                    369,
                    574,
                    382
                ],
                "text": "Strokes"
            }
        ],
        "linking": [],
        "id": 1,
        "neighbours": [
            "<>",
            "<>",
            "SPORTS REGISTRATION",
            "37TH ANNUAL MEETING AUGUST 15-18, 1996 RYE- TOWN HILTON HOTEL RYE, NEW YORK",
            "Make copies of this form if necessary. Complete applicable section (s) and return to NYSAWMD.",
            "LORILLARD TOBACCO COMPANY",
            "(Ladies & Men) . . . Friday, August 16, Tee off at 8:00 A. M. SHARP (no green fee)",
            "I will participate in the Golf Tournament",
            "My handicap is:",
            "BROWN & WILLIAMSON TOBACCO CORPORATION",
            "(Ladies & Men) . . . Friday, August 16, starting time is 3:00 P. M.",
            "I will participate in the Tennis Tournament I would classify myself as (please check appropriate box)",
            "NYSAWMD, INC. 211 EAST 43RD STREET, NEW YORK, NY 10017-4707"
        ]
    },
    {
        "box": [
            85,
            797,
            124,
            810
        ],
        "text": "NAME",
        "label": "question",
        "words": [
            {
                "box": [
                    85,
                    797,
                    124,
                    810
                ],
                "text": "NAME"
            }
        ],
        "linking": [],
        "id": 2,
        "neighbours": [
            "NAME",
            "Make copies of this form if necessary. Complete applicable section (s) and return to NYSAWMD.",
            "LORILLARD TOBACCO COMPANY",
            "GOLF TOURNAMENT",
            "I will participate in the Golf Tournament",
            "My handicap is:",
            "FIRM NAME",
            "BROWN & WILLIAMSON TOBACCO CORPORATION",
            "TENNIS TOURNAMENT",
            "I will participate in the Tennis Tournament I would classify myself as (please check appropriate box)",
            "<> Beginner",
            "<> Fair",
            "<> Good",
            "<> Excellent",
            "FIRM NAME",
            "NYSAWMD, INC. 211 EAST 43RD STREET, NEW YORK, NY 10017-4707",
            "CONVFORM.96 "
        ]
    },
    {
        "box": [
            701,
            898,
            725,
            932
        ],
        "text": "A",
        "label": "other",
        "words": [
            {
                "box": [
                    701,
                    898,
                    725,
                    932
                ],
                "text": "A"
            }
        ],
        "linking": [],
        "id": 3,
        "neighbours": [
            "Make copies of this form if necessary. Complete applicable section (s) and return to NYSAWMD.",
            "(Ladies & Men) . . . Friday, August 16, Tee off at 8:00 A. M. SHARP (no green fee)",
            "BROWN & WILLIAMSON TOBACCO CORPORATION",
            "(Ladies & Men) . . . Friday, August 16, starting time is 3:00 P. M.",
            "NYSAWMD, INC. 211 EAST 43RD STREET, NEW YORK, NY 10017-4707",
            "CONVFORM.96 "
        ]
    },
    {
        "box": [
            465,
            353,
            501,
            366
        ],
        "text": "<>",
        "label": "question",
        "words": [
            {
                "box": [
                    465,
                    353,
                    501,
                    366
                ],
                "text": "<>"
            }
        ],
        "linking": [],
        "id": 4,
        "neighbours": [
            "Strokes",
            "<>",
            "SPORTS REGISTRATION",
            "37TH ANNUAL MEETING AUGUST 15-18, 1996 RYE- TOWN HILTON HOTEL RYE, NEW YORK",
            "LORILLARD TOBACCO COMPANY",
            "I will participate in the Golf Tournament",
            "My handicap is:",
            "I will participate in the Tennis Tournament I would classify myself as (please check appropriate box)"
        ]
    },
    {
        "box": [
            466,
            370,
            501,
            381
        ],
        "text": "<>",
        "label": "question",
        "words": [
            {
                "box": [
                    466,
                    370,
                    501,
                    381
                ],
                "text": "<>"
            }
        ],
        "linking": [],
        "id": 5,
        "neighbours": [
            "Strokes",
            "<>",
            "SPORTS REGISTRATION",
            "37TH ANNUAL MEETING AUGUST 15-18, 1996 RYE- TOWN HILTON HOTEL RYE, NEW YORK",
            "LORILLARD TOBACCO COMPANY",
            "I will participate in the Golf Tournament",
            "My handicap is:",
            "I will participate in the Tennis Tournament I would classify myself as (please check appropriate box)"
        ]
    },
    {
        "text": "SPORTS REGISTRATION",
        "box": [
            258,
            45,
            476,
            69
        ],
        "linking": [],
        "label": "header",
        "words": [
            {
                "text": "SPORTS",
                "box": [
                    258,
                    49,
                    336,
                    66
                ]
            },
            {
                "text": "REGISTRATION",
                "box": [
                    341,
                    45,
                    476,
                    69
                ]
            }
        ],
        "id": 6,
        "neighbours": [
            "Strokes",
            "<>",
            "<>",
            "37TH ANNUAL MEETING AUGUST 15-18, 1996 RYE- TOWN HILTON HOTEL RYE, NEW YORK",
            "LORILLARD TOBACCO COMPANY",
            "GOLF TOURNAMENT",
            "(Ladies & Men) . . . Friday, August 16, Tee off at 8:00 A. M. SHARP (no green fee)",
            "I will participate in the Golf Tournament",
            "My handicap is:",
            "FIRM NAME",
            "BROWN & WILLIAMSON TOBACCO CORPORATION",
            "TENNIS TOURNAMENT",
            "(Ladies & Men) . . . Friday, August 16, starting time is 3:00 P. M.",
            "<> Beginner",
            "<> Fair",
            "<> Good",
            "<> Excellent",
            "FIRM NAME"
        ]
    },
    {
        "text": "37TH ANNUAL MEETING AUGUST 15-18, 1996 RYE- TOWN HILTON HOTEL RYE, NEW YORK",
        "box": [
            246,
            67,
            495,
            152
        ],
        "linking": [],
        "label": "other",
        "words": [
            {
                "text": "37TH",
                "box": [
                    257,
                    67,
                    307,
                    85
                ]
            },
            {
                "text": "ANNUAL",
                "box": [
                    313,
                    70,
                    387,
                    88
                ]
            },
            {
                "text": "MEETING",
                "box": [
                    397,
                    70,
                    479,
                    85
                ]
            },
            {
                "text": "AUGUST",
                "box": [
                    282,
                    89,
                    359,
                    109
                ]
            },
            {
                "text": "15-18,",
                "box": [
                    366,
                    89,
                    418,
                    110
                ]
            },
            {
                "text": "1996",
                "box": [
                    423,
                    89,
                    464,
                    109
                ]
            },
            {
                "text": "RYE-",
                "box": [
                    246,
                    110,
                    292,
                    128
                ]
            },
            {
                "text": "TOWN",
                "box": [
                    293,
                    112,
                    349,
                    130
                ]
            },
            {
                "text": "HILTON",
                "box": [
                    358,
                    112,
                    422,
                    129
                ]
            },
            {
                "text": "HOTEL",
                "box": [
                    432,
                    110,
                    495,
                    128
                ]
            },
            {
                "text": "RYE,",
                "box": [
                    296,
                    131,
                    339,
                    152
                ]
            },
            {
                "text": "NEW",
                "box": [
                    346,
                    128,
                    389,
                    150
                ]
            },
            {
                "text": "YORK",
                "box": [
                    394,
                    131,
                    444,
                    148
                ]
            }
        ],
        "id": 7,
        "neighbours": [
            "Strokes",
            "<>",
            "<>",
            "SPORTS REGISTRATION",
            "LORILLARD TOBACCO COMPANY",
            "GOLF TOURNAMENT",
            "(Ladies & Men) . . . Friday, August 16, Tee off at 8:00 A. M. SHARP (no green fee)",
            "I will participate in the Golf Tournament",
            "My handicap is:",
            "FIRM NAME",
            "BROWN & WILLIAMSON TOBACCO CORPORATION",
            "TENNIS TOURNAMENT",
            "(Ladies & Men) . . . Friday, August 16, starting time is 3:00 P. M.",
            "I will participate in the Tennis Tournament I would classify myself as (please check appropriate box)",
            "<> Beginner",
            "<> Fair",
            "<> Good",
            "<> Excellent",
            "FIRM NAME",
            "CONVFORM.96 "
        ]
    },
    {
        "text": "Make copies of this form if necessary. Complete applicable section (s) and return to NYSAWMD.",
        "box": [
            80,
            183,
            659,
            215
        ],
        "linking": [],
        "label": "other",
        "words": [
            {
                "text": "Make",
                "box": [
                    80,
                    186,
                    118,
                    199
                ]
            },
            {
                "text": "copies",
                "box": [
                    130,
                    186,
                    186,
                    200
                ]
            },
            {
                "text": "of",
                "box": [
                    200,
                    184,
                    221,
                    201
                ]
            },
            {
                "text": "this",
                "box": [
                    235,
                    184,
                    273,
                    197
                ]
            },
            {
                "text": "form",
                "box": [
                    286,
                    183,
                    324,
                    197
                ]
            },
            {
                "text": "if",
                "box": [
                    337,
                    183,
                    355,
                    197
                ]
            },
            {
                "text": "necessary.",
                "box": [
                    367,
                    186,
                    454,
                    200
                ]
            },
            {
                "text": "Complete",
                "box": [
                    485,
                    184,
                    559,
                    199
                ]
            },
            {
                "text": "applicable",
                "box": [
                    571,
                    184,
                    659,
                    199
                ]
            },
            {
                "text": "section",
                "box": [
                    80,
                    201,
                    144,
                    214
                ]
            },
            {
                "text": "(s)",
                "box": [
                    145,
                    200,
                    167,
                    215
                ]
            },
            {
                "text": "and",
                "box": [
                    179,
                    200,
                    208,
                    213
                ]
            },
            {
                "text": "return",
                "box": [
                    215,
                    201,
                    272,
                    212
                ]
            },
            {
                "text": "to",
                "box": [
                    281,
                    200,
                    299,
                    213
                ]
            },
            {
                "text": "NYSAWMD.",
                "box": [
                    306,
                    200,
                    376,
                    213
                ]
            }
        ],
        "id": 8,
        "neighbours": [
            "NAME",
            "Strokes",
            "NAME",
            "A",
            "<>",
            "<>",
            "SPORTS REGISTRATION",
            "37TH ANNUAL MEETING AUGUST 15-18, 1996 RYE- TOWN HILTON HOTEL RYE, NEW YORK",
            "LORILLARD TOBACCO COMPANY",
            "GOLF TOURNAMENT",
            "(Ladies & Men) . . . Friday, August 16, Tee off at 8:00 A. M. SHARP (no green fee)",
            "I will participate in the Golf Tournament",
            "My handicap is:",
            "FIRM NAME",
            "BROWN & WILLIAMSON TOBACCO CORPORATION",
            "TENNIS TOURNAMENT",
            "(Ladies & Men) . . . Friday, August 16, starting time is 3:00 P. M.",
            "I will participate in the Tennis Tournament I would classify myself as (please check appropriate box)",
            "<> Beginner",
            "<> Fair",
            "<> Good",
            "<> Excellent",
            "FIRM NAME",
            "NYSAWMD, INC. 211 EAST 43RD STREET, NEW YORK, NY 10017-4707",
            "CONVFORM.96 "
        ]
    },
    {
        "text": "LORILLARD TOBACCO COMPANY",
        "box": [
            218,
            229,
            521,
            249
        ],
        "linking": [],
        "label": "header",
        "words": [
            {
                "text": "LORILLARD",
                "box": [
                    218,
                    229,
                    320,
                    249
                ]
            },
            {
                "text": "TOBACCO",
                "box": [
                    331,
                    229,
                    419,
                    247
                ]
            },
            {
                "text": "COMPANY",
                "box": [
                    426,
                    230,
                    521,
                    247
                ]
            }
        ],
        "id": 9,
        "neighbours": [
            "NAME",
            "Strokes",
            "NAME",
            "<>",
            "<>",
            "SPORTS REGISTRATION",
            "37TH ANNUAL MEETING AUGUST 15-18, 1996 RYE- TOWN HILTON HOTEL RYE, NEW YORK",
            "GOLF TOURNAMENT",
            "(Ladies & Men) . . . Friday, August 16, Tee off at 8:00 A. M. SHARP (no green fee)",
            "I will participate in the Golf Tournament",
            "My handicap is:",
            "FIRM NAME",
            "BROWN & WILLIAMSON TOBACCO CORPORATION",
            "TENNIS TOURNAMENT",
            "(Ladies & Men) . . . Friday, August 16, starting time is 3:00 P. M.",
            "I will participate in the Tennis Tournament I would classify myself as (please check appropriate box)",
            "<> Beginner",
            "<> Fair",
            "<> Good",
            "<> Excellent",
            "FIRM NAME",
            "CONVFORM.96 "
        ]
    },
    {
        "text": "GOLF TOURNAMENT",
        "box": [
            80,
            286,
            269,
            306
        ],
        "linking": [
            [
                10,
                11
            ]
        ],
        "label": "question",
        "words": [
            {
                "text": "GOLF",
                "box": [
                    80,
                    286,
                    130,
                    306
                ]
            },
            {
                "text": "TOURNAMENT",
                "box": [
                    135,
                    288,
                    269,
                    305
                ]
            }
        ],
        "id": 10,
        "neighbours": [
            "NAME",
            "NAME",
            "SPORTS REGISTRATION",
            "37TH ANNUAL MEETING AUGUST 15-18, 1996 RYE- TOWN HILTON HOTEL RYE, NEW YORK",
            "Make copies of this form if necessary. Complete applicable section (s) and return to NYSAWMD.",
            "LORILLARD TOBACCO COMPANY",
            "(Ladies & Men) . . . Friday, August 16, Tee off at 8:00 A. M. SHARP (no green fee)",
            "I will participate in the Golf Tournament",
            "My handicap is:",
            "FIRM NAME",
            "BROWN & WILLIAMSON TOBACCO CORPORATION",
            "TENNIS TOURNAMENT",
            "(Ladies & Men) . . . Friday, August 16, starting time is 3:00 P. M.",
            "I will participate in the Tennis Tournament I would classify myself as (please check appropriate box)",
            "<> Beginner",
            "<> Fair",
            "<> Good",
            "<> Excellent",
            "FIRM NAME",
            "NYSAWMD, INC. 211 EAST 43RD STREET, NEW YORK, NY 10017-4707",
            "CONVFORM.96 "
        ]
    },
    {
        "text": "(Ladies & Men) . . . Friday, August 16, Tee off at 8:00 A. M. SHARP (no green fee)",
        "box": [
            254,
            291,
            660,
            324
        ],
        "linking": [
            [
                10,
                11
            ]
        ],
        "label": "answer",
        "words": [
            {
                "text": "(Ladies",
                "box": [
                    292,
                    291,
                    352,
                    305
                ]
            },
            {
                "text": "&",
                "box": [
                    356,
                    293,
                    367,
                    303
                ]
            },
            {
                "text": "Men)",
                "box": [
                    374,
                    291,
                    408,
                    306
                ]
            },
            {
                "text": ".",
                "box": [
                    411,
                    297,
                    417,
                    304
                ]
            },
            {
                "text": ".",
                "box": [
                    419,
                    297,
                    425,
                    304
                ]
            },
            {
                "text": ".",
                "box": [
                    427,
                    297,
                    433,
                    303
                ]
            },
            {
                "text": "Friday,",
                "box": [
                    434,
                    291,
                    497,
                    309
                ]
            },
            {
                "text": "August",
                "box": [
                    506,
                    292,
                    560,
                    307
                ]
            },
            {
                "text": "16,",
                "box": [
                    567,
                    292,
                    589,
                    306
                ]
            },
            {
                "text": "Tee",
                "box": [
                    599,
                    293,
                    626,
                    304
                ]
            },
            {
                "text": "off",
                "box": [
                    631,
                    292,
                    660,
                    305
                ]
            },
            {
                "text": "at",
                "box": [
                    254,
                    309,
                    272,
                    322
                ]
            },
            {
                "text": "8:00",
                "box": [
                    282,
                    307,
                    317,
                    321
                ]
            },
            {
                "text": "A.",
                "box": [
                    324,
                    310,
                    341,
                    321
                ]
            },
            {
                "text": "M.",
                "box": [
                    342,
                    309,
                    359,
                    322
                ]
            },
            {
                "text": "SHARP",
                "box": [
                    369,
                    307,
                    415,
                    322
                ]
            },
            {
                "text": "(no",
                "box": [
                    422,
                    309,
                    449,
                    324
                ]
            },
            {
                "text": "green",
                "box": [
                    455,
                    310,
                    502,
                    324
                ]
            },
            {
                "text": "fee)",
                "box": [
                    511,
                    309,
                    545,
                    323
                ]
            }
        ],
        "id": 11,
        "neighbours": [
            "Strokes",
            "A",
            "<>",
            "<>",
            "SPORTS REGISTRATION",
            "37TH ANNUAL MEETING AUGUST 15-18, 1996 RYE- TOWN HILTON HOTEL RYE, NEW YORK",
            "Make copies of this form if necessary. Complete applicable section (s) and return to NYSAWMD.",
            "LORILLARD TOBACCO COMPANY",
            "GOLF TOURNAMENT",
            "I will participate in the Golf Tournament",
            "My handicap is:",
            "FIRM NAME",
            "BROWN & WILLIAMSON TOBACCO CORPORATION",
            "TENNIS TOURNAMENT",
            "(Ladies & Men) . . . Friday, August 16, starting time is 3:00 P. M.",
            "I will participate in the Tennis Tournament I would classify myself as (please check appropriate box)",
            "<> Beginner",
            "<> Fair",
            "<> Good",
            "<> Excellent",
            "FIRM NAME",
            "NYSAWMD, INC. 211 EAST 43RD STREET, NEW YORK, NY 10017-4707"
        ]
    },
    {
        "text": "I will participate in the Golf Tournament",
        "box": [
            81,
            353,
            448,
            370
        ],
        "linking": [],
        "label": "question",
        "words": [
            {
                "text": "I",
                "box": [
                    81,
                    355,
                    92,
                    368
                ]
            },
            {
                "text": "will",
                "box": [
                    98,
                    355,
                    136,
                    369
                ]
            },
            {
                "text": "participate",
                "box": [
                    144,
                    355,
                    246,
                    370
                ]
            },
            {
                "text": "in",
                "box": [
                    254,
                    353,
                    274,
                    367
                ]
            },
            {
                "text": "the",
                "box": [
                    281,
                    353,
                    310,
                    367
                ]
            },
            {
                "text": "Golf",
                "box": [
                    317,
                    353,
                    353,
                    366
                ]
            },
            {
                "text": "Tournament",
                "box": [
                    359,
                    353,
                    448,
                    367
                ]
            }
        ],
        "id": 12,
        "neighbours": [
            "NAME",
            "Strokes",
            "NAME",
            "<>",
            "<>",
            "SPORTS REGISTRATION",
            "37TH ANNUAL MEETING AUGUST 15-18, 1996 RYE- TOWN HILTON HOTEL RYE, NEW YORK",
            "Make copies of this form if necessary. Complete applicable section (s) and return to NYSAWMD.",
            "LORILLARD TOBACCO COMPANY",
            "GOLF TOURNAMENT",
            "(Ladies & Men) . . . Friday, August 16, Tee off at 8:00 A. M. SHARP (no green fee)",
            "My handicap is:",
            "FIRM NAME",
            "BROWN & WILLIAMSON TOBACCO CORPORATION",
            "TENNIS TOURNAMENT",
            "(Ladies & Men) . . . Friday, August 16, starting time is 3:00 P. M.",
            "I will participate in the Tennis Tournament I would classify myself as (please check appropriate box)",
            "<> Beginner",
            "<> Fair",
            "<> Good",
            "<> Excellent",
            "FIRM NAME",
            "NYSAWMD, INC. 211 EAST 43RD STREET, NEW YORK, NY 10017-4707",
            "CONVFORM.96 "
        ]
    },
    {
        "text": "My handicap is:",
        "box": [
            142,
            369,
            281,
            385
        ],
        "linking": [],
        "label": "question",
        "words": [
            {
                "text": "My",
                "box": [
                    142,
                    370,
                    163,
                    385
                ]
            },
            {
                "text": "handicap",
                "box": [
                    170,
                    370,
                    247,
                    385
                ]
            },
            {
                "text": "is:",
                "box": [
                    256,
                    369,
                    281,
                    382
                ]
            }
        ],
        "id": 13,
        "neighbours": [
            "NAME",
            "Strokes",
            "NAME",
            "<>",
            "<>",
            "SPORTS REGISTRATION",
            "37TH ANNUAL MEETING AUGUST 15-18, 1996 RYE- TOWN HILTON HOTEL RYE, NEW YORK",
            "Make copies of this form if necessary. Complete applicable section (s) and return to NYSAWMD.",
            "LORILLARD TOBACCO COMPANY",
            "GOLF TOURNAMENT",
            "(Ladies & Men) . . . Friday, August 16, Tee off at 8:00 A. M. SHARP (no green fee)",
            "I will participate in the Golf Tournament",
            "FIRM NAME",
            "BROWN & WILLIAMSON TOBACCO CORPORATION",
            "TENNIS TOURNAMENT",
            "(Ladies & Men) . . . Friday, August 16, starting time is 3:00 P. M.",
            "I will participate in the Tennis Tournament I would classify myself as (please check appropriate box)",
            "<> Beginner",
            "<> Fair",
            "<> Good",
            "<> Excellent",
            "FIRM NAME",
            "NYSAWMD, INC. 211 EAST 43RD STREET, NEW YORK, NY 10017-4707",
            "CONVFORM.96 "
        ]
    },
    {
        "text": "FIRM NAME",
        "box": [
            82,
            444,
            165,
            459
        ],
        "linking": [],
        "label": "question",
        "words": [
            {
                "text": "FIRM",
                "box": [
                    82,
                    446,
                    120,
                    459
                ]
            },
            {
                "text": "NAME",
                "box": [
                    127,
                    444,
                    165,
                    458
                ]
            }
        ],
        "id": 14,
        "neighbours": [
            "NAME",
            "NAME",
            "SPORTS REGISTRATION",
            "37TH ANNUAL MEETING AUGUST 15-18, 1996 RYE- TOWN HILTON HOTEL RYE, NEW YORK",
            "Make copies of this form if necessary. Complete applicable section (s) and return to NYSAWMD.",
            "LORILLARD TOBACCO COMPANY",
            "GOLF TOURNAMENT",
            "(Ladies & Men) . . . Friday, August 16, Tee off at 8:00 A. M. SHARP (no green fee)",
            "I will participate in the Golf Tournament",
            "My handicap is:",
            "BROWN & WILLIAMSON TOBACCO CORPORATION",
            "TENNIS TOURNAMENT",
            "(Ladies & Men) . . . Friday, August 16, starting time is 3:00 P. M.",
            "I will participate in the Tennis Tournament I would classify myself as (please check appropriate box)",
            "<> Beginner",
            "<> Fair",
            "<> Good",
            "<> Excellent",
            "FIRM NAME",
            "NYSAWMD, INC. 211 EAST 43RD STREET, NEW YORK, NY 10017-4707",
            "CONVFORM.96 "
        ]
    },
    {
        "text": "BROWN & WILLIAMSON TOBACCO CORPORATION",
        "box": [
            155,
            549,
            612,
            570
        ],
        "linking": [],
        "label": "header",
        "words": [
            {
                "text": "BROWN",
                "box": [
                    155,
                    550,
                    226,
                    570
                ]
            },
            {
                "text": "&",
                "box": [
                    236,
                    550,
                    251,
                    567
                ]
            },
            {
                "text": "WILLIAMSON",
                "box": [
                    257,
                    550,
                    370,
                    568
                ]
            },
            {
                "text": "TOBACCO",
                "box": [
                    383,
                    550,
                    472,
                    568
                ]
            },
            {
                "text": "CORPORATION",
                "box": [
                    479,
                    549,
                    612,
                    569
                ]
            }
        ],
        "id": 15,
        "neighbours": [
            "NAME",
            "Strokes",
            "NAME",
            "A",
            "<>",
            "<>",
            "SPORTS REGISTRATION",
            "37TH ANNUAL MEETING AUGUST 15-18, 1996 RYE- TOWN HILTON HOTEL RYE, NEW YORK",
            "Make copies of this form if necessary. Complete applicable section (s) and return to NYSAWMD.",
            "LORILLARD TOBACCO COMPANY",
            "GOLF TOURNAMENT",
            "(Ladies & Men) . . . Friday, August 16, Tee off at 8:00 A. M. SHARP (no green fee)",
            "I will participate in the Golf Tournament",
            "My handicap is:",
            "FIRM NAME",
            "TENNIS TOURNAMENT",
            "(Ladies & Men) . . . Friday, August 16, starting time is 3:00 P. M.",
            "I will participate in the Tennis Tournament I would classify myself as (please check appropriate box)",
            "<> Beginner",
            "<> Fair",
            "<> Good",
            "<> Excellent",
            "FIRM NAME",
            "NYSAWMD, INC. 211 EAST 43RD STREET, NEW YORK, NY 10017-4707",
            "CONVFORM.96 "
        ]
    },
    {
        "text": "TENNIS TOURNAMENT",
        "box": [
            84,
            594,
            294,
            611
        ],
        "linking": [
            [
                16,
                17
            ]
        ],
        "label": "question",
        "words": [
            {
                "text": "TENNIS",
                "box": [
                    84,
                    594,
                    152,
                    611
                ]
            },
            {
                "text": "TOURNAMENT",
                "box": [
                    159,
                    594,
                    294,
                    609
                ]
            }
        ],
        "id": 16,
        "neighbours": [
            "NAME",
            "NAME",
            "SPORTS REGISTRATION",
            "37TH ANNUAL MEETING AUGUST 15-18, 1996 RYE- TOWN HILTON HOTEL RYE, NEW YORK",
            "Make copies of this form if necessary. Complete applicable section (s) and return to NYSAWMD.",
            "LORILLARD TOBACCO COMPANY",
            "GOLF TOURNAMENT",
            "(Ladies & Men) . . . Friday, August 16, Tee off at 8:00 A. M. SHARP (no green fee)",
            "I will participate in the Golf Tournament",
            "My handicap is:",
            "FIRM NAME",
            "BROWN & WILLIAMSON TOBACCO CORPORATION",
            "(Ladies & Men) . . . Friday, August 16, starting time is 3:00 P. M.",
            "I will participate in the Tennis Tournament I would classify myself as (please check appropriate box)",
            "<> Beginner",
            "<> Fair",
            "<> Good",
            "<> Excellent",
            "FIRM NAME",
            "NYSAWMD, INC. 211 EAST 43RD STREET, NEW YORK, NY 10017-4707",
            "CONVFORM.96 "
        ]
    },
    {
        "text": "(Ladies & Men) . . . Friday, August 16, starting time is 3:00 P. M.",
        "box": [
            265,
            595,
            623,
            630
        ],
        "linking": [
            [
                16,
                17
            ]
        ],
        "label": "answer",
        "words": [
            {
                "text": "(Ladies",
                "box": [
                    318,
                    595,
                    378,
                    612
                ]
            },
            {
                "text": "&",
                "box": [
                    387,
                    598,
                    395,
                    609
                ]
            },
            {
                "text": "Men)",
                "box": [
                    404,
                    596,
                    438,
                    613
                ]
            },
            {
                "text": ".",
                "box": [
                    440,
                    603,
                    446,
                    609
                ]
            },
            {
                "text": ".",
                "box": [
                    450,
                    603,
                    454,
                    609
                ]
            },
            {
                "text": ".",
                "box": [
                    458,
                    603,
                    464,
                    609
                ]
            },
            {
                "text": "Friday,",
                "box": [
                    465,
                    596,
                    528,
                    613
                ]
            },
            {
                "text": "August",
                "box": [
                    536,
                    596,
                    589,
                    611
                ]
            },
            {
                "text": "16,",
                "box": [
                    599,
                    596,
                    623,
                    611
                ]
            },
            {
                "text": "starting",
                "box": [
                    265,
                    613,
                    338,
                    630
                ]
            },
            {
                "text": "time",
                "box": [
                    345,
                    613,
                    381,
                    627
                ]
            },
            {
                "text": "is",
                "box": [
                    388,
                    615,
                    406,
                    629
                ]
            },
            {
                "text": "3:00",
                "box": [
                    416,
                    615,
                    451,
                    626
                ]
            },
            {
                "text": "P.",
                "box": [
                    458,
                    615,
                    475,
                    628
                ]
            },
            {
                "text": "M.",
                "box": [
                    478,
                    615,
                    493,
                    628
                ]
            }
        ],
        "id": 17,
        "neighbours": [
            "Strokes",
            "A",
            "<>",
            "<>",
            "SPORTS REGISTRATION",
            "37TH ANNUAL MEETING AUGUST 15-18, 1996 RYE- TOWN HILTON HOTEL RYE, NEW YORK",
            "Make copies of this form if necessary. Complete applicable section (s) and return to NYSAWMD.",
            "LORILLARD TOBACCO COMPANY",
            "GOLF TOURNAMENT",
            "(Ladies & Men) . . . Friday, August 16, Tee off at 8:00 A. M. SHARP (no green fee)",
            "I will participate in the Golf Tournament",
            "My handicap is:",
            "FIRM NAME",
            "BROWN & WILLIAMSON TOBACCO CORPORATION",
            "TENNIS TOURNAMENT",
            "I will participate in the Tennis Tournament I would classify myself as (please check appropriate box)",
            "<> Beginner",
            "<> Fair",
            "<> Good",
            "<> Excellent",
            "FIRM NAME",
            "NYSAWMD, INC. 211 EAST 43RD STREET, NEW YORK, NY 10017-4707"
        ]
    },
    {
        "text": "I will participate in the Tennis Tournament I would classify myself as (please check appropriate box)",
        "box": [
            84,
            661,
            591,
            691
        ],
        "linking": [],
        "label": "question",
        "words": [
            {
                "text": "I",
                "box": [
                    84,
                    662,
                    97,
                    675
                ]
            },
            {
                "text": "will",
                "box": [
                    102,
                    661,
                    138,
                    675
                ]
            },
            {
                "text": "participate",
                "box": [
                    147,
                    661,
                    250,
                    676
                ]
            },
            {
                "text": "in",
                "box": [
                    258,
                    661,
                    276,
                    675
                ]
            },
            {
                "text": "the",
                "box": [
                    285,
                    662,
                    313,
                    673
                ]
            },
            {
                "text": "Tennis",
                "box": [
                    321,
                    661,
                    371,
                    675
                ]
            },
            {
                "text": "Tournament",
                "box": [
                    381,
                    662,
                    469,
                    675
                ]
            },
            {
                "text": "I",
                "box": [
                    87,
                    677,
                    95,
                    688
                ]
            },
            {
                "text": "would",
                "box": [
                    102,
                    676,
                    149,
                    689
                ]
            },
            {
                "text": "classify",
                "box": [
                    156,
                    676,
                    233,
                    691
                ]
            },
            {
                "text": "myself",
                "box": [
                    239,
                    675,
                    295,
                    690
                ]
            },
            {
                "text": "as",
                "box": [
                    302,
                    677,
                    322,
                    688
                ]
            },
            {
                "text": "(please",
                "box": [
                    331,
                    676,
                    390,
                    691
                ]
            },
            {
                "text": "check",
                "box": [
                    398,
                    676,
                    443,
                    687
                ]
            },
            {
                "text": "appropriate",
                "box": [
                    451,
                    677,
                    552,
                    691
                ]
            },
            {
                "text": "box)",
                "box": [
                    559,
                    676,
                    591,
                    691
                ]
            }
        ],
        "id": 18,
        "neighbours": [
            "NAME",
            "Strokes",
            "NAME",
            "<>",
            "<>",
            "SPORTS REGISTRATION",
            "37TH ANNUAL MEETING AUGUST 15-18, 1996 RYE- TOWN HILTON HOTEL RYE, NEW YORK",
            "Make copies of this form if necessary. Complete applicable section (s) and return to NYSAWMD.",
            "LORILLARD TOBACCO COMPANY",
            "GOLF TOURNAMENT",
            "(Ladies & Men) . . . Friday, August 16, Tee off at 8:00 A. M. SHARP (no green fee)",
            "I will participate in the Golf Tournament",
            "My handicap is:",
            "FIRM NAME",
            "BROWN & WILLIAMSON TOBACCO CORPORATION",
            "TENNIS TOURNAMENT",
            "(Ladies & Men) . . . Friday, August 16, starting time is 3:00 P. M.",
            "<> Beginner",
            "<> Fair",
            "<> Good",
            "<> Excellent",
            "FIRM NAME",
            "NYSAWMD, INC. 211 EAST 43RD STREET, NEW YORK, NY 10017-4707",
            "CONVFORM.96 "
        ]
    },
    {
        "text": "<> Beginner",
        "box": [
            85,
            705,
            203,
            721
        ],
        "linking": [],
        "label": "question",
        "words": [
            {
                "text": "<>",
                "box": [
                    85,
                    705,
                    120,
                    719
                ]
            },
            {
                "text": "Beginner",
                "box": [
                    130,
                    707,
                    203,
                    721
                ]
            }
        ],
        "id": 19,
        "neighbours": [
            "NAME",
            "NAME",
            "SPORTS REGISTRATION",
            "37TH ANNUAL MEETING AUGUST 15-18, 1996 RYE- TOWN HILTON HOTEL RYE, NEW YORK",
            "Make copies of this form if necessary. Complete applicable section (s) and return to NYSAWMD.",
            "LORILLARD TOBACCO COMPANY",
            "GOLF TOURNAMENT",
            "(Ladies & Men) . . . Friday, August 16, Tee off at 8:00 A. M. SHARP (no green fee)",
            "I will participate in the Golf Tournament",
            "My handicap is:",
            "FIRM NAME",
            "BROWN & WILLIAMSON TOBACCO CORPORATION",
            "TENNIS TOURNAMENT",
            "(Ladies & Men) . . . Friday, August 16, starting time is 3:00 P. M.",
            "I will participate in the Tennis Tournament I would classify myself as (please check appropriate box)",
            "<> Fair",
            "<> Good",
            "<> Excellent",
            "FIRM NAME",
            "NYSAWMD, INC. 211 EAST 43RD STREET, NEW YORK, NY 10017-4707",
            "CONVFORM.96 "
        ]
    },
    {
        "text": "<> Fair",
        "box": [
            85,
            722,
            166,
            735
        ],
        "linking": [],
        "label": "question",
        "words": [
            {
                "text": "<>",
                "box": [
                    85,
                    722,
                    121,
                    735
                ]
            },
            {
                "text": "Fair",
                "box": [
                    128,
                    722,
                    166,
                    735
                ]
            }
        ],
        "id": 20,
        "neighbours": [
            "NAME",
            "NAME",
            "SPORTS REGISTRATION",
            "37TH ANNUAL MEETING AUGUST 15-18, 1996 RYE- TOWN HILTON HOTEL RYE, NEW YORK",
            "Make copies of this form if necessary. Complete applicable section (s) and return to NYSAWMD.",
            "LORILLARD TOBACCO COMPANY",
            "GOLF TOURNAMENT",
            "(Ladies & Men) . . . Friday, August 16, Tee off at 8:00 A. M. SHARP (no green fee)",
            "I will participate in the Golf Tournament",
            "My handicap is:",
            "FIRM NAME",
            "BROWN & WILLIAMSON TOBACCO CORPORATION",
            "TENNIS TOURNAMENT",
            "(Ladies & Men) . . . Friday, August 16, starting time is 3:00 P. M.",
            "I will participate in the Tennis Tournament I would classify myself as (please check appropriate box)",
            "<> Beginner",
            "<> Good",
            "<> Excellent",
            "FIRM NAME",
            "NYSAWMD, INC. 211 EAST 43RD STREET, NEW YORK, NY 10017-4707",
            "CONVFORM.96 "
        ]
    },
    {
        "text": "<> Good",
        "box": [
            87,
            736,
            168,
            749
        ],
        "linking": [],
        "label": "question",
        "words": [
            {
                "text": "<>",
                "box": [
                    87,
                    736,
                    121,
                    749
                ]
            },
            {
                "text": "Good",
                "box": [
                    130,
                    737,
                    168,
                    748
                ]
            }
        ],
        "id": 21,
        "neighbours": [
            "NAME",
            "NAME",
            "SPORTS REGISTRATION",
            "37TH ANNUAL MEETING AUGUST 15-18, 1996 RYE- TOWN HILTON HOTEL RYE, NEW YORK",
            "Make copies of this form if necessary. Complete applicable section (s) and return to NYSAWMD.",
            "LORILLARD TOBACCO COMPANY",
            "GOLF TOURNAMENT",
            "(Ladies & Men) . . . Friday, August 16, Tee off at 8:00 A. M. SHARP (no green fee)",
            "I will participate in the Golf Tournament",
            "My handicap is:",
            "FIRM NAME",
            "BROWN & WILLIAMSON TOBACCO CORPORATION",
            "TENNIS TOURNAMENT",
            "(Ladies & Men) . . . Friday, August 16, starting time is 3:00 P. M.",
            "I will participate in the Tennis Tournament I would classify myself as (please check appropriate box)",
            "<> Beginner",
            "<> Fair",
            "<> Excellent",
            "FIRM NAME",
            "NYSAWMD, INC. 211 EAST 43RD STREET, NEW YORK, NY 10017-4707",
            "CONVFORM.96 "
        ]
    },
    {
        "text": "<> Excellent",
        "box": [
            87,
            751,
            212,
            764
        ],
        "linking": [],
        "label": "question",
        "words": [
            {
                "text": "<>",
                "box": [
                    87,
                    751,
                    121,
                    764
                ]
            },
            {
                "text": "Excellent",
                "box": [
                    130,
                    751,
                    212,
                    764
                ]
            }
        ],
        "id": 22,
        "neighbours": [
            "NAME",
            "NAME",
            "SPORTS REGISTRATION",
            "37TH ANNUAL MEETING AUGUST 15-18, 1996 RYE- TOWN HILTON HOTEL RYE, NEW YORK",
            "Make copies of this form if necessary. Complete applicable section (s) and return to NYSAWMD.",
            "LORILLARD TOBACCO COMPANY",
            "GOLF TOURNAMENT",
            "(Ladies & Men) . . . Friday, August 16, Tee off at 8:00 A. M. SHARP (no green fee)",
            "I will participate in the Golf Tournament",
            "My handicap is:",
            "FIRM NAME",
            "BROWN & WILLIAMSON TOBACCO CORPORATION",
            "TENNIS TOURNAMENT",
            "(Ladies & Men) . . . Friday, August 16, starting time is 3:00 P. M.",
            "I will participate in the Tennis Tournament I would classify myself as (please check appropriate box)",
            "<> Beginner",
            "<> Fair",
            "<> Good",
            "FIRM NAME",
            "NYSAWMD, INC. 211 EAST 43RD STREET, NEW YORK, NY 10017-4707",
            "CONVFORM.96 "
        ]
    },
    {
        "text": "FIRM NAME",
        "box": [
            85,
            828,
            167,
            841
        ],
        "linking": [],
        "label": "question",
        "words": [
            {
                "text": "FIRM",
                "box": [
                    85,
                    828,
                    124,
                    841
                ]
            },
            {
                "text": "NAME",
                "box": [
                    131,
                    828,
                    167,
                    841
                ]
            }
        ],
        "id": 23,
        "neighbours": [
            "NAME",
            "NAME",
            "SPORTS REGISTRATION",
            "37TH ANNUAL MEETING AUGUST 15-18, 1996 RYE- TOWN HILTON HOTEL RYE, NEW YORK",
            "Make copies of this form if necessary. Complete applicable section (s) and return to NYSAWMD.",
            "LORILLARD TOBACCO COMPANY",
            "GOLF TOURNAMENT",
            "(Ladies & Men) . . . Friday, August 16, Tee off at 8:00 A. M. SHARP (no green fee)",
            "I will participate in the Golf Tournament",
            "My handicap is:",
            "FIRM NAME",
            "BROWN & WILLIAMSON TOBACCO CORPORATION",
            "TENNIS TOURNAMENT",
            "(Ladies & Men) . . . Friday, August 16, starting time is 3:00 P. M.",
            "I will participate in the Tennis Tournament I would classify myself as (please check appropriate box)",
            "<> Beginner",
            "<> Fair",
            "<> Good",
            "<> Excellent",
            "NYSAWMD, INC. 211 EAST 43RD STREET, NEW YORK, NY 10017-4707",
            "CONVFORM.96 "
        ]
    },
    {
        "text": "NYSAWMD, INC. 211 EAST 43RD STREET, NEW YORK, NY 10017-4707",
        "box": [
            109,
            905,
            644,
            920
        ],
        "linking": [],
        "label": "question",
        "words": [
            {
                "text": "NYSAWMD,",
                "box": [
                    109,
                    906,
                    180,
                    920
                ]
            },
            {
                "text": "INC.",
                "box": [
                    190,
                    905,
                    225,
                    919
                ]
            },
            {
                "text": "211",
                "box": [
                    237,
                    905,
                    264,
                    918
                ]
            },
            {
                "text": "EAST",
                "box": [
                    272,
                    906,
                    311,
                    917
                ]
            },
            {
                "text": "43RD",
                "box": [
                    318,
                    905,
                    353,
                    919
                ]
            },
            {
                "text": "STREET,",
                "box": [
                    362,
                    906,
                    421,
                    920
                ]
            },
            {
                "text": "NEW",
                "box": [
                    429,
                    905,
                    458,
                    918
                ]
            },
            {
                "text": "YORK,",
                "box": [
                    465,
                    906,
                    510,
                    920
                ]
            },
            {
                "text": "NY",
                "box": [
                    520,
                    906,
                    540,
                    919
                ]
            },
            {
                "text": "10017-4707",
                "box": [
                    557,
                    906,
                    644,
                    917
                ]
            }
        ],
        "id": 24,
        "neighbours": [
            "NAME",
            "Strokes",
            "NAME",
            "A",
            "<>",
            "<>",
            "SPORTS REGISTRATION",
            "37TH ANNUAL MEETING AUGUST 15-18, 1996 RYE- TOWN HILTON HOTEL RYE, NEW YORK",
            "Make copies of this form if necessary. Complete applicable section (s) and return to NYSAWMD.",
            "LORILLARD TOBACCO COMPANY",
            "GOLF TOURNAMENT",
            "(Ladies & Men) . . . Friday, August 16, Tee off at 8:00 A. M. SHARP (no green fee)",
            "I will participate in the Golf Tournament",
            "My handicap is:",
            "FIRM NAME",
            "BROWN & WILLIAMSON TOBACCO CORPORATION",
            "TENNIS TOURNAMENT",
            "(Ladies & Men) . . . Friday, August 16, starting time is 3:00 P. M.",
            "I will participate in the Tennis Tournament I would classify myself as (please check appropriate box)",
            "<> Beginner",
            "<> Fair",
            "<> Good",
            "<> Excellent",
            "FIRM NAME",
            "CONVFORM.96 "
        ]
    },
    {
        "text": "CONVFORM.96 ",
        "box": [
            88,
            937,
            148,
            948
        ],
        "linking": [],
        "label": "other",
        "words": [
            {
                "text": "CONVFORM.96",
                "box": [
                    88,
                    937,
                    135,
                    948
                ]
            },
            {
                "text": "",
                "box": [
                    135,
                    937,
                    148,
                    948
                ]
            }
        ],
        "id": 25,
        "neighbours": [
            "NAME",
            "NAME",
            "A",
            "37TH ANNUAL MEETING AUGUST 15-18, 1996 RYE- TOWN HILTON HOTEL RYE, NEW YORK",
            "Make copies of this form if necessary. Complete applicable section (s) and return to NYSAWMD.",
            "LORILLARD TOBACCO COMPANY",
            "GOLF TOURNAMENT",
            "I will participate in the Golf Tournament",
            "My handicap is:",
            "FIRM NAME",
            "BROWN & WILLIAMSON TOBACCO CORPORATION",
            "TENNIS TOURNAMENT",
            "I will participate in the Tennis Tournament I would classify myself as (please check appropriate box)",
            "<> Beginner",
            "<> Fair",
            "<> Good",
            "<> Excellent",
            "FIRM NAME",
            "NYSAWMD, INC. 211 EAST 43RD STREET, NEW YORK, NY 10017-4707"
        ]
    }
]