[
    {
        "box": [
            439,
            273,
            474,
            286
        ],
        "text": "DATE",
        "label": "question",
        "words": [
            {
                "box": [
                    439,
                    273,
                    474,
                    286
                ],
                "text": "DATE"
            }
        ],
        "linking": [
            [
                0,
                19
            ]
        ],
        "id": 0,
        "neighbours": [
            "PMRM",
            "dimensions:",
            "PROJECT INITIATION FORM",
            "PROJECT CODE",
            "April 30, 1985",
            "PALL MALL Regular Menthol",
            "R. S. Sprinkle, III",
            "84 x 24.9 mm circum-",
            "Approved by",
            "ATX02 0226607",
            "R. S. Sprinkle III"
        ]
    },
    {
        "box": [
            275,
            270,
            308,
            285
        ],
        "text": "PMRM",
        "label": "answer",
        "words": [
            {
                "box": [
                    275,
                    270,
                    308,
                    285
                ],
                "text": "PMRM"
            }
        ],
        "linking": [
            [
                13,
                1
            ]
        ],
        "id": 1,
        "neighbours": [
            "DATE",
            "Cigarette",
            "dimensions:",
            "ference.",
            "PROJECT INITIATION FORM",
            "PROJECT CODE",
            "PROJECT LEADER",
            "WORK REQUESTED BY",
            "PROJECT OBJECTIVE",
            "OTHER PERSONNEL ASSIGNED",
            "April 30, 1985",
            "PALL MALL Regular Menthol",
            "J. F. Anders",
            "R. S. Sprinkle, III",
            "To develop a nonfilter menthol cigarette delivering 21- 24 mg \"tar\" as a menthol companion to PALL MALL Famous Cigarettes.",
            "E. P. Barbee",
            "Other Personnel Assigned",
            "Project Leader"
        ]
    },
    {
        "box": [
            275,
            500,
            346,
            516
        ],
        "text": "Cigarette",
        "label": "question",
        "words": [
            {
                "box": [
                    275,
                    500,
                    346,
                    516
                ],
                "text": "Cigarette"
            }
        ],
        "linking": [
            [
                2,
                24
            ],
            [
                2,
                4
            ]
        ],
        "id": 2,
        "neighbours": [
            "PMRM",
            "dimensions:",
            "ference.",
            "PROJECT INITIATION FORM",
            "PROJECT LEADER",
            "WORK REQUESTED BY",
            "PROJECT OBJECTIVE",
            "OTHER PERSONNEL ASSIGNED",
            "PALL MALL Regular Menthol",
            "J. F. Anders",
            "R. S. Sprinkle, III",
            "To develop a nonfilter menthol cigarette delivering 21- 24 mg \"tar\" as a menthol companion to PALL MALL Famous Cigarettes.",
            "84 x 24.9 mm circum-",
            "E. P. Barbee",
            "Approved by",
            "Other Personnel Assigned",
            "Project Leader",
            "R. S. Sprinkle III"
        ]
    },
    {
        "box": [
            353,
            499,
            439,
            515
        ],
        "text": "dimensions:",
        "label": "question",
        "words": [
            {
                "box": [
                    353,
                    499,
                    439,
                    515
                ],
                "text": "dimensions:"
            }
        ],
        "linking": [],
        "id": 3,
        "neighbours": [
            "DATE",
            "PMRM",
            "Cigarette",
            "ference.",
            "PROJECT INITIATION FORM",
            "April 30, 1985",
            "PALL MALL Regular Menthol",
            "J. F. Anders",
            "R. S. Sprinkle, III",
            "84 x 24.9 mm circum-",
            "E. P. Barbee",
            "Approved by",
            "Other Personnel Assigned",
            "R. S. Sprinkle III"
        ]
    },
    {
        "box": [
            274,
            525,
            340,
            536
        ],
        "text": "ference.",
        "label": "answer",
        "words": [
            {
                "box": [
                    274,
                    525,
                    340,
                    536
                ],
                "text": "ference."
            }
        ],
        "linking": [
            [
                2,
                4
            ]
        ],
        "id": 4,
        "neighbours": [
            "PMRM",
            "Cigarette",
            "dimensions:",
            "PROJECT INITIATION FORM",
            "PROJECT LEADER",
            "WORK REQUESTED BY",
            "PROJECT OBJECTIVE",
            "OTHER PERSONNEL ASSIGNED",
            "PALL MALL Regular Menthol",
            "J. F. Anders",
            "R. S. Sprinkle, III",
            "To develop a nonfilter menthol cigarette delivering 21- 24 mg \"tar\" as a menthol companion to PALL MALL Famous Cigarettes.",
            "E. P. Barbee",
            "Approved by",
            "Other Personnel Assigned",
            "Project Leader"
        ]
    },
    {
        "box": [
            114,
            725,
            137,
            736
        ],
        "text": "cc:",
        "label": "question",
        "words": [
            {
                "box": [
                    114,
                    725,
                    137,
                    736
                ],
                "text": "cc:"
            }
        ],
        "linking": [
            [
                5,
                6
            ],
            [
                5,
                7
            ],
            [
                5,
                8
            ],
            [
                5,
                9
            ],
            [
                5,
                10
            ],
            [
                5,
                11
            ],
            [
                5,
                28
            ],
            [
                5,
                27
            ]
        ],
        "id": 5,
        "neighbours": [
            "RSS",
            "RDC",
            "PHL",
            "PRC",
            "BMC",
            "Records",
            "PROJECT CODE",
            "PROJECT NAME",
            "PROJECT LEADER",
            "WORK REQUESTED BY",
            "PROJECT OBJECTIVE",
            "OTHER PERSONNEL ASSIGNED",
            "Other Personnel Assigned",
            "Project Leader"
        ]
    },
    {
        "box": [
            151,
            722,
            176,
            735
        ],
        "text": "RSS",
        "label": "answer",
        "words": [
            {
                "box": [
                    151,
                    722,
                    176,
                    735
                ],
                "text": "RSS"
            }
        ],
        "linking": [
            [
                5,
                6
            ]
        ],
        "id": 6,
        "neighbours": [
            "cc:",
            "RDC",
            "PHL",
            "PRC",
            "BMC",
            "Records",
            "PROJECT CODE",
            "PROJECT NAME",
            "PROJECT LEADER",
            "WORK REQUESTED BY",
            "PROJECT OBJECTIVE",
            "OTHER PERSONNEL ASSIGNED",
            "Other Personnel Assigned",
            "Project Leader"
        ]
    },
    {
        "box": [
            152,
            735,
            177,
            747
        ],
        "text": "RDC",
        "label": "answer",
        "words": [
            {
                "box": [
                    152,
                    735,
                    177,
                    747
                ],
                "text": "RDC"
            }
        ],
        "linking": [
            [
                5,
                7
            ]
        ],
        "id": 7,
        "neighbours": [
            "cc:",
            "RSS",
            "PHL",
            "PRC",
            "BMC",
            "Records",
            "PROJECT CODE",
            "PROJECT NAME",
            "PROJECT LEADER",
            "WORK REQUESTED BY",
            "PROJECT OBJECTIVE",
            "OTHER PERSONNEL ASSIGNED",
            "Other Personnel Assigned",
            "Project Leader",
            "R. S. Sprinkle III"
        ]
    },
    {
        "box": [
            154,
            747,
            177,
            760
        ],
        "text": "PHL",
        "label": "answer",
        "words": [
            {
                "box": [
                    154,
                    747,
                    177,
                    760
                ],
                "text": "PHL"
            }
        ],
        "linking": [
            [
                5,
                8
            ]
        ],
        "id": 8,
        "neighbours": [
            "cc:",
            "RSS",
            "RDC",
            "PRC",
            "BMC",
            "Records",
            "PROJECT CODE",
            "PROJECT NAME",
            "PROJECT LEADER",
            "WORK REQUESTED BY",
            "PROJECT OBJECTIVE",
            "OTHER PERSONNEL ASSIGNED",
            "Other Personnel Assigned",
            "Project Leader",
            "R. S. Sprinkle III"
        ]
    },
    {
        "box": [
            152,
            761,
            176,
            773
        ],
        "text": "PRC",
        "label": "answer",
        "words": [
            {
                "box": [
                    152,
                    761,
                    176,
                    773
                ],
                "text": "PRC"
            }
        ],
        "linking": [
            [
                5,
                9
            ]
        ],
        "id": 9,
        "neighbours": [
            "cc:",
            "RSS",
            "RDC",
            "PHL",
            "BMC",
            "Records",
            "PROJECT CODE",
            "PROJECT NAME",
            "PROJECT LEADER",
            "WORK REQUESTED BY",
            "PROJECT OBJECTIVE",
            "OTHER PERSONNEL ASSIGNED",
            "Other Personnel Assigned",
            "Project Leader"
        ]
    },
    {
        "box": [
            152,
            773,
            176,
            784
        ],
        "text": "BMC",
        "label": "answer",
        "words": [
            {
                "box": [
                    152,
                    773,
                    176,
                    784
                ],
                "text": "BMC"
            }
        ],
        "linking": [
            [
                5,
                10
            ]
        ],
        "id": 10,
        "neighbours": [
            "cc:",
            "RSS",
            "RDC",
            "PHL",
            "PRC",
            "Records",
            "PROJECT CODE",
            "PROJECT NAME",
            "PROJECT LEADER",
            "WORK REQUESTED BY",
            "PROJECT OBJECTIVE",
            "OTHER PERSONNEL ASSIGNED",
            "Other Personnel Assigned",
            "Project Leader"
        ]
    },
    {
        "box": [
            154,
            785,
            207,
            797
        ],
        "text": "Records",
        "label": "answer",
        "words": [
            {
                "box": [
                    154,
                    785,
                    207,
                    797
                ],
                "text": "Records"
            }
        ],
        "linking": [
            [
                5,
                11
            ]
        ],
        "id": 11,
        "neighbours": [
            "cc:",
            "RSS",
            "RDC",
            "PHL",
            "PRC",
            "BMC",
            "PROJECT CODE",
            "PROJECT NAME",
            "PROJECT LEADER",
            "WORK REQUESTED BY",
            "PROJECT OBJECTIVE",
            "OTHER PERSONNEL ASSIGNED",
            "Other Personnel Assigned",
            "Project Leader"
        ]
    },
    {
        "text": "PROJECT INITIATION FORM",
        "box": [
            286,
            183,
            467,
            198
        ],
        "linking": [],
        "label": "header",
        "words": [
            {
                "text": "PROJECT",
                "box": [
                    286,
                    183,
                    342,
                    195
                ]
            },
            {
                "text": "INITIATION",
                "box": [
                    348,
                    183,
                    428,
                    196
                ]
            },
            {
                "text": "FORM",
                "box": [
                    432,
                    186,
                    467,
                    198
                ]
            }
        ],
        "id": 12,
        "neighbours": [
            "DATE",
            "PMRM",
            "Cigarette",
            "dimensions:",
            "ference.",
            "WORK REQUESTED BY",
            "PROJECT OBJECTIVE",
            "April 30, 1985",
            "PALL MALL Regular Menthol",
            "J. F. Anders",
            "R. S. Sprinkle, III",
            "To develop a nonfilter menthol cigarette delivering 21- 24 mg \"tar\" as a menthol companion to PALL MALL Famous Cigarettes.",
            "84 x 24.9 mm circum-",
            "E. P. Barbee",
            "Approved by",
            "Other Personnel Assigned",
            "Project Leader",
            "ATX02 0226607",
            "R. S. Sprinkle III"
        ]
    },
    {
        "text": "PROJECT CODE",
        "box": [
            116,
            270,
            211,
            286
        ],
        "linking": [
            [
                13,
                1
            ]
        ],
        "label": "question",
        "words": [
            {
                "text": "PROJECT",
                "box": [
                    116,
                    270,
                    171,
                    286
                ]
            },
            {
                "text": "CODE",
                "box": [
                    176,
                    273,
                    211,
                    284
                ]
            }
        ],
        "id": 13,
        "neighbours": [
            "DATE",
            "PMRM",
            "cc:",
            "RSS",
            "RDC",
            "PHL",
            "PRC",
            "BMC",
            "Records",
            "PROJECT NAME",
            "PROJECT LEADER",
            "WORK REQUESTED BY",
            "PROJECT OBJECTIVE",
            "OTHER PERSONNEL ASSIGNED",
            "April 30, 1985",
            "Other Personnel Assigned",
            "Project Leader"
        ]
    },
    {
        "text": "PROJECT NAME",
        "box": [
            116,
            309,
            209,
            323
        ],
        "linking": [
            [
                14,
                20
            ]
        ],
        "label": "question",
        "words": [
            {
                "text": "PROJECT",
                "box": [
                    116,
                    309,
                    171,
                    322
                ]
            },
            {
                "text": "NAME",
                "box": [
                    178,
                    310,
                    209,
                    323
                ]
            }
        ],
        "id": 14,
        "neighbours": [
            "cc:",
            "RSS",
            "RDC",
            "PHL",
            "PRC",
            "BMC",
            "Records",
            "PROJECT CODE",
            "PROJECT LEADER",
            "WORK REQUESTED BY",
            "PROJECT OBJECTIVE",
            "OTHER PERSONNEL ASSIGNED",
            "PALL MALL Regular Menthol",
            "Other Personnel Assigned",
            "Project Leader"
        ]
    },
    {
        "text": "PROJECT LEADER",
        "box": [
            116,
            348,
            227,
            364
        ],
        "linking": [
            [
                15,
                21
            ]
        ],
        "label": "question",
        "words": [
            {
                "text": "PROJECT",
                "box": [
                    116,
                    348,
                    171,
                    364
                ]
            },
            {
                "text": "LEADER",
                "box": [
                    176,
                    349,
                    227,
                    362
                ]
            }
        ],
        "id": 15,
        "neighbours": [
            "PMRM",
            "Cigarette",
            "ference.",
            "cc:",
            "RSS",
            "RDC",
            "PHL",
            "PRC",
            "BMC",
            "Records",
            "PROJECT CODE",
            "PROJECT NAME",
            "WORK REQUESTED BY",
            "PROJECT OBJECTIVE",
            "OTHER PERSONNEL ASSIGNED",
            "PALL MALL Regular Menthol",
            "J. F. Anders",
            "R. S. Sprinkle, III",
            "To develop a nonfilter menthol cigarette delivering 21- 24 mg \"tar\" as a menthol companion to PALL MALL Famous Cigarettes.",
            "E. P. Barbee",
            "Other Personnel Assigned",
            "Project Leader"
        ]
    },
    {
        "text": "WORK REQUESTED BY",
        "box": [
            116,
            385,
            247,
            400
        ],
        "linking": [
            [
                16,
                22
            ]
        ],
        "label": "question",
        "words": [
            {
                "text": "WORK",
                "box": [
                    116,
                    385,
                    148,
                    400
                ]
            },
            {
                "text": "REQUESTED",
                "box": [
                    154,
                    385,
                    225,
                    398
                ]
            },
            {
                "text": "BY",
                "box": [
                    230,
                    388,
                    247,
                    400
                ]
            }
        ],
        "id": 16,
        "neighbours": [
            "PMRM",
            "Cigarette",
            "ference.",
            "cc:",
            "RSS",
            "RDC",
            "PHL",
            "PRC",
            "BMC",
            "Records",
            "PROJECT INITIATION FORM",
            "PROJECT CODE",
            "PROJECT NAME",
            "PROJECT LEADER",
            "PROJECT OBJECTIVE",
            "OTHER PERSONNEL ASSIGNED",
            "PALL MALL Regular Menthol",
            "J. F. Anders",
            "R. S. Sprinkle, III",
            "To develop a nonfilter menthol cigarette delivering 21- 24 mg \"tar\" as a menthol companion to PALL MALL Famous Cigarettes.",
            "E. P. Barbee",
            "Other Personnel Assigned",
            "Project Leader"
        ]
    },
    {
        "text": "PROJECT OBJECTIVE",
        "box": [
            116,
            424,
            250,
            440
        ],
        "linking": [
            [
                17,
                23
            ]
        ],
        "label": "question",
        "words": [
            {
                "text": "PROJECT",
                "box": [
                    116,
                    424,
                    169,
                    439
                ]
            },
            {
                "text": "OBJECTIVE",
                "box": [
                    175,
                    425,
                    250,
                    440
                ]
            }
        ],
        "id": 17,
        "neighbours": [
            "PMRM",
            "Cigarette",
            "ference.",
            "cc:",
            "RSS",
            "RDC",
            "PHL",
            "PRC",
            "BMC",
            "Records",
            "PROJECT INITIATION FORM",
            "PROJECT CODE",
            "PROJECT NAME",
            "PROJECT LEADER",
            "WORK REQUESTED BY",
            "OTHER PERSONNEL ASSIGNED",
            "PALL MALL Regular Menthol",
            "J. F. Anders",
            "R. S. Sprinkle, III",
            "To develop a nonfilter menthol cigarette delivering 21- 24 mg \"tar\" as a menthol companion to PALL MALL Famous Cigarettes.",
            "E. P. Barbee",
            "Other Personnel Assigned",
            "Project Leader"
        ]
    },
    {
        "text": "OTHER PERSONNEL ASSIGNED",
        "box": [
            115,
            551,
            231,
            579
        ],
        "linking": [
            [
                18,
                25
            ]
        ],
        "label": "question",
        "words": [
            {
                "text": "OTHER",
                "box": [
                    115,
                    552,
                    154,
                    564
                ]
            },
            {
                "text": "PERSONNEL",
                "box": [
                    159,
                    551,
                    231,
                    566
                ]
            },
            {
                "text": "ASSIGNED",
                "box": [
                    130,
                    564,
                    194,
                    579
                ]
            }
        ],
        "id": 18,
        "neighbours": [
            "PMRM",
            "Cigarette",
            "ference.",
            "cc:",
            "RSS",
            "RDC",
            "PHL",
            "PRC",
            "BMC",
            "Records",
            "PROJECT CODE",
            "PROJECT NAME",
            "PROJECT LEADER",
            "WORK REQUESTED BY",
            "PROJECT OBJECTIVE",
            "PALL MALL Regular Menthol",
            "J. F. Anders",
            "R. S. Sprinkle, III",
            "To develop a nonfilter menthol cigarette delivering 21- 24 mg \"tar\" as a menthol companion to PALL MALL Famous Cigarettes.",
            "E. P. Barbee",
            "Other Personnel Assigned",
            "Project Leader"
        ]
    },
    {
        "text": "April 30, 1985",
        "box": [
            483,
            270,
            594,
            286
        ],
        "linking": [
            [
                0,
                19
            ]
        ],
        "label": "answer",
        "words": [
            {
                "text": "April",
                "box": [
                    483,
                    270,
                    522,
                    286
                ]
            },
            {
                "text": "30,",
                "box": [
                    531,
                    270,
                    552,
                    285
                ]
            },
            {
                "text": "1985",
                "box": [
                    561,
                    270,
                    594,
                    283
                ]
            }
        ],
        "id": 19,
        "neighbours": [
            "DATE",
            "PMRM",
            "dimensions:",
            "PROJECT INITIATION FORM",
            "PROJECT CODE",
            "PALL MALL Regular Menthol",
            "To develop a nonfilter menthol cigarette delivering 21- 24 mg \"tar\" as a menthol companion to PALL MALL Famous Cigarettes.",
            "84 x 24.9 mm circum-",
            "Approved by",
            "ATX02 0226607",
            "R. S. Sprinkle III"
        ]
    },
    {
        "text": "PALL MALL Regular Menthol",
        "box": [
            275,
            307,
            467,
            324
        ],
        "linking": [
            [
                14,
                20
            ]
        ],
        "label": "answer",
        "words": [
            {
                "text": "PALL",
                "box": [
                    275,
                    309,
                    307,
                    322
                ]
            },
            {
                "text": "MALL",
                "box": [
                    314,
                    309,
                    346,
                    324
                ]
            },
            {
                "text": "Regular",
                "box": [
                    352,
                    309,
                    408,
                    322
                ]
            },
            {
                "text": "Menthol",
                "box": [
                    414,
                    307,
                    467,
                    323
                ]
            }
        ],
        "id": 20,
        "neighbours": [
            "DATE",
            "PMRM",
            "Cigarette",
            "dimensions:",
            "ference.",
            "PROJECT INITIATION FORM",
            "PROJECT NAME",
            "PROJECT LEADER",
            "WORK REQUESTED BY",
            "PROJECT OBJECTIVE",
            "OTHER PERSONNEL ASSIGNED",
            "April 30, 1985",
            "J. F. Anders",
            "R. S. Sprinkle, III",
            "To develop a nonfilter menthol cigarette delivering 21- 24 mg \"tar\" as a menthol companion to PALL MALL Famous Cigarettes.",
            "84 x 24.9 mm circum-",
            "E. P. Barbee",
            "Approved by",
            "Other Personnel Assigned",
            "Project Leader",
            "ATX02 0226607",
            "R. S. Sprinkle III"
        ]
    },
    {
        "text": "J. F. Anders",
        "box": [
            273,
            346,
            369,
            363
        ],
        "linking": [
            [
                15,
                21
            ]
        ],
        "label": "answer",
        "words": [
            {
                "text": "J.",
                "box": [
                    273,
                    348,
                    290,
                    363
                ]
            },
            {
                "text": "F.",
                "box": [
                    297,
                    348,
                    313,
                    361
                ]
            },
            {
                "text": "Anders",
                "box": [
                    321,
                    346,
                    369,
                    361
                ]
            }
        ],
        "id": 21,
        "neighbours": [
            "PMRM",
            "Cigarette",
            "dimensions:",
            "ference.",
            "PROJECT INITIATION FORM",
            "PROJECT LEADER",
            "WORK REQUESTED BY",
            "PROJECT OBJECTIVE",
            "OTHER PERSONNEL ASSIGNED",
            "PALL MALL Regular Menthol",
            "R. S. Sprinkle, III",
            "To develop a nonfilter menthol cigarette delivering 21- 24 mg \"tar\" as a menthol companion to PALL MALL Famous Cigarettes.",
            "E. P. Barbee",
            "Approved by",
            "Other Personnel Assigned",
            "Project Leader",
            "R. S. Sprinkle III"
        ]
    },
    {
        "text": "R. S. Sprinkle, III",
        "box": [
            275,
            384,
            422,
            400
        ],
        "linking": [
            [
                16,
                22
            ]
        ],
        "label": "answer",
        "words": [
            {
                "text": "R.",
                "box": [
                    275,
                    386,
                    290,
                    399
                ]
            },
            {
                "text": "S.",
                "box": [
                    297,
                    386,
                    312,
                    398
                ]
            },
            {
                "text": "Sprinkle,",
                "box": [
                    321,
                    384,
                    391,
                    400
                ]
            },
            {
                "text": "III",
                "box": [
                    401,
                    385,
                    422,
                    398
                ]
            }
        ],
        "id": 22,
        "neighbours": [
            "DATE",
            "PMRM",
            "Cigarette",
            "dimensions:",
            "ference.",
            "PROJECT INITIATION FORM",
            "PROJECT LEADER",
            "WORK REQUESTED BY",
            "PROJECT OBJECTIVE",
            "OTHER PERSONNEL ASSIGNED",
            "PALL MALL Regular Menthol",
            "J. F. Anders",
            "To develop a nonfilter menthol cigarette delivering 21- 24 mg \"tar\" as a menthol companion to PALL MALL Famous Cigarettes.",
            "84 x 24.9 mm circum-",
            "E. P. Barbee",
            "Approved by",
            "Other Personnel Assigned",
            "Project Leader",
            "R. S. Sprinkle III"
        ]
    },
    {
        "text": "To develop a nonfilter menthol cigarette delivering 21- 24 mg \"tar\" as a menthol companion to PALL MALL Famous Cigarettes.",
        "box": [
            275,
            422,
            593,
            489
        ],
        "linking": [
            [
                17,
                23
            ]
        ],
        "label": "answer",
        "words": [
            {
                "text": "To",
                "box": [
                    275,
                    422,
                    291,
                    438
                ]
            },
            {
                "text": "develop",
                "box": [
                    298,
                    422,
                    354,
                    439
                ]
            },
            {
                "text": "a",
                "box": [
                    358,
                    426,
                    371,
                    435
                ]
            },
            {
                "text": "nonfilter",
                "box": [
                    374,
                    422,
                    446,
                    435
                ]
            },
            {
                "text": "menthol",
                "box": [
                    452,
                    422,
                    508,
                    435
                ]
            },
            {
                "text": "cigarette",
                "box": [
                    516,
                    422,
                    587,
                    435
                ]
            },
            {
                "text": "delivering",
                "box": [
                    275,
                    447,
                    354,
                    464
                ]
            },
            {
                "text": "21-",
                "box": [
                    361,
                    449,
                    384,
                    460
                ]
            },
            {
                "text": "24",
                "box": [
                    385,
                    448,
                    398,
                    460
                ]
            },
            {
                "text": "mg",
                "box": [
                    406,
                    449,
                    423,
                    462
                ]
            },
            {
                "text": "\"tar\"",
                "box": [
                    429,
                    447,
                    469,
                    460
                ]
            },
            {
                "text": "as",
                "box": [
                    476,
                    449,
                    493,
                    461
                ]
            },
            {
                "text": "a",
                "box": [
                    499,
                    449,
                    508,
                    462
                ]
            },
            {
                "text": "menthol",
                "box": [
                    513,
                    449,
                    569,
                    462
                ]
            },
            {
                "text": "companion",
                "box": [
                    277,
                    473,
                    347,
                    489
                ]
            },
            {
                "text": "to",
                "box": [
                    352,
                    475,
                    372,
                    486
                ]
            },
            {
                "text": "PALL",
                "box": [
                    377,
                    475,
                    410,
                    488
                ]
            },
            {
                "text": "MALL",
                "box": [
                    414,
                    475,
                    446,
                    488
                ]
            },
            {
                "text": "Famous",
                "box": [
                    453,
                    475,
                    501,
                    487
                ]
            },
            {
                "text": "Cigarettes.",
                "box": [
                    507,
                    472,
                    593,
                    489
                ]
            }
        ],
        "id": 23,
        "neighbours": [
            "DATE",
            "PMRM",
            "Cigarette",
            "dimensions:",
            "ference.",
            "PROJECT INITIATION FORM",
            "PROJECT LEADER",
            "WORK REQUESTED BY",
            "PROJECT OBJECTIVE",
            "OTHER PERSONNEL ASSIGNED",
            "April 30, 1985",
            "PALL MALL Regular Menthol",
            "J. F. Anders",
            "R. S. Sprinkle, III",
            "84 x 24.9 mm circum-",
            "E. P. Barbee",
            "Approved by",
            "Other Personnel Assigned",
            "Project Leader",
            "ATX02 0226607",
            "R. S. Sprinkle III"
        ]
    },
    {
        "text": "84 x 24.9 mm circum-",
        "box": [
            455,
            499,
            610,
            512
        ],
        "linking": [
            [
                2,
                24
            ]
        ],
        "label": "answer",
        "words": [
            {
                "text": "84",
                "box": [
                    455,
                    499,
                    470,
                    512
                ]
            },
            {
                "text": "x",
                "box": [
                    475,
                    501,
                    488,
                    512
                ]
            },
            {
                "text": "24.9",
                "box": [
                    492,
                    500,
                    525,
                    512
                ]
            },
            {
                "text": "mm",
                "box": [
                    528,
                    500,
                    549,
                    511
                ]
            },
            {
                "text": "circum-",
                "box": [
                    555,
                    500,
                    610,
                    512
                ]
            }
        ],
        "id": 24,
        "neighbours": [
            "DATE",
            "Cigarette",
            "dimensions:",
            "PROJECT INITIATION FORM",
            "April 30, 1985",
            "PALL MALL Regular Menthol",
            "R. S. Sprinkle, III",
            "To develop a nonfilter menthol cigarette delivering 21- 24 mg \"tar\" as a menthol companion to PALL MALL Famous Cigarettes.",
            "Approved by",
            "ATX02 0226607",
            "R. S. Sprinkle III"
        ]
    },
    {
        "text": "E. P. Barbee",
        "box": [
            275,
            563,
            368,
            578
        ],
        "linking": [
            [
                18,
                25
            ]
        ],
        "label": "answer",
        "words": [
            {
                "text": "E.",
                "box": [
                    275,
                    566,
                    290,
                    578
                ]
            },
            {
                "text": "P.",
                "box": [
                    297,
                    566,
                    316,
                    577
                ]
            },
            {
                "text": "Barbee",
                "box": [
                    321,
                    563,
                    368,
                    576
                ]
            }
        ],
        "id": 25,
        "neighbours": [
            "PMRM",
            "Cigarette",
            "dimensions:",
            "ference.",
            "PROJECT INITIATION FORM",
            "PROJECT LEADER",
            "WORK REQUESTED BY",
            "PROJECT OBJECTIVE",
            "OTHER PERSONNEL ASSIGNED",
            "PALL MALL Regular Menthol",
            "J. F. Anders",
            "R. S. Sprinkle, III",
            "To develop a nonfilter menthol cigarette delivering 21- 24 mg \"tar\" as a menthol companion to PALL MALL Famous Cigarettes.",
            "Approved by",
            "Other Personnel Assigned",
            "Project Leader",
            "R. S. Sprinkle III"
        ]
    },
    {
        "text": "Approved by",
        "box": [
            390,
            684,
            478,
            698
        ],
        "linking": [
            [
                26,
                30
            ]
        ],
        "label": "question",
        "words": [
            {
                "text": "Approved",
                "box": [
                    390,
                    684,
                    457,
                    697
                ]
            },
            {
                "text": "by",
                "box": [
                    461,
                    687,
                    478,
                    698
                ]
            }
        ],
        "id": 26,
        "neighbours": [
            "DATE",
            "Cigarette",
            "dimensions:",
            "ference.",
            "PROJECT INITIATION FORM",
            "April 30, 1985",
            "PALL MALL Regular Menthol",
            "J. F. Anders",
            "R. S. Sprinkle, III",
            "84 x 24.9 mm circum-",
            "E. P. Barbee",
            "Other Personnel Assigned",
            "ATX02 0226607",
            "R. S. Sprinkle III"
        ]
    },
    {
        "text": "Other Personnel Assigned",
        "box": [
            152,
            810,
            342,
            826
        ],
        "linking": [
            [
                5,
                27
            ]
        ],
        "label": "answer",
        "words": [
            {
                "text": "Other",
                "box": [
                    152,
                    813,
                    193,
                    824
                ]
            },
            {
                "text": "Personnel",
                "box": [
                    198,
                    810,
                    270,
                    825
                ]
            },
            {
                "text": "Assigned",
                "box": [
                    274,
                    811,
                    342,
                    826
                ]
            }
        ],
        "id": 27,
        "neighbours": [
            "PMRM",
            "Cigarette",
            "dimensions:",
            "ference.",
            "cc:",
            "RSS",
            "RDC",
            "PHL",
            "PRC",
            "BMC",
            "Records",
            "PROJECT INITIATION FORM",
            "PROJECT CODE",
            "PROJECT NAME",
            "PROJECT LEADER",
            "WORK REQUESTED BY",
            "PROJECT OBJECTIVE",
            "OTHER PERSONNEL ASSIGNED",
            "PALL MALL Regular Menthol",
            "J. F. Anders",
            "R. S. Sprinkle, III",
            "To develop a nonfilter menthol cigarette delivering 21- 24 mg \"tar\" as a menthol companion to PALL MALL Famous Cigarettes.",
            "E. P. Barbee",
            "Approved by",
            "Project Leader",
            "R. S. Sprinkle III"
        ]
    },
    {
        "text": "Project Leader",
        "box": [
            152,
            797,
            262,
            810
        ],
        "linking": [
            [
                5,
                28
            ]
        ],
        "label": "answer",
        "words": [
            {
                "text": "Project",
                "box": [
                    152,
                    797,
                    205,
                    810
                ]
            },
            {
                "text": "Leader",
                "box": [
                    214,
                    798,
                    262,
                    810
                ]
            }
        ],
        "id": 28,
        "neighbours": [
            "PMRM",
            "Cigarette",
            "ference.",
            "cc:",
            "RSS",
            "RDC",
            "PHL",
            "PRC",
            "BMC",
            "Records",
            "PROJECT INITIATION FORM",
            "PROJECT CODE",
            "PROJECT NAME",
            "PROJECT LEADER",
            "WORK REQUESTED BY",
            "PROJECT OBJECTIVE",
            "OTHER PERSONNEL ASSIGNED",
            "PALL MALL Regular Menthol",
            "J. F. Anders",
            "R. S. Sprinkle, III",
            "To develop a nonfilter menthol cigarette delivering 21- 24 mg \"tar\" as a menthol companion to PALL MALL Famous Cigarettes.",
            "E. P. Barbee",
            "Other Personnel Assigned"
        ]
    },
    {
        "text": "ATX02 0226607",
        "box": [
            504,
            869,
            619,
            887
        ],
        "linking": [],
        "label": "other",
        "words": [
            {
                "text": "ATX02",
                "box": [
                    504,
                    869,
                    547,
                    885
                ]
            },
            {
                "text": "0226607",
                "box": [
                    553,
                    870,
                    619,
                    887
                ]
            }
        ],
        "id": 29,
        "neighbours": [
            "DATE",
            "PROJECT INITIATION FORM",
            "April 30, 1985",
            "PALL MALL Regular Menthol",
            "To develop a nonfilter menthol cigarette delivering 21- 24 mg \"tar\" as a menthol companion to PALL MALL Famous Cigarettes.",
            "84 x 24.9 mm circum-",
            "Approved by",
            "R. S. Sprinkle III"
        ]
    },
    {
        "text": "R. S. Sprinkle III",
        "box": [
            392,
            701,
            570,
            749
        ],
        "linking": [
            [
                26,
                30
            ]
        ],
        "label": "answer",
        "words": [
            {
                "text": "",
                "box": [
                    392,
                    701,
                    570,
                    742
                ]
            },
            {
                "text": "R.",
                "box": [
                    409,
                    738,
                    424,
                    749
                ]
            },
            {
                "text": "S.",
                "box": [
                    429,
                    738,
                    444,
                    749
                ]
            },
            {
                "text": "Sprinkle",
                "box": [
                    455,
                    738,
                    525,
                    749
                ]
            },
            {
                "text": "III",
                "box": [
                    532,
                    738,
                    557,
                    747
                ]
            }
        ],
        "id": 30,
        "neighbours": [
            "DATE",
            "Cigarette",
            "dimensions:",
            "cc:",
            "RSS",
            "RDC",
            "PHL",
            "PROJECT INITIATION FORM",
            "April 30, 1985",
            "PALL MALL Regular Menthol",
            "J. F. Anders",
            "R. S. Sprinkle, III",
            "To develop a nonfilter menthol cigarette delivering 21- 24 mg \"tar\" as a menthol companion to PALL MALL Famous Cigarettes.",
            "84 x 24.9 mm circum-",
            "E. P. Barbee",
            "Approved by",
            "Other Personnel Assigned",
            "ATX02 0226607"
        ]
    }
]