[
    {
        "box": [
            68,
            175,
            139,
            193
        ],
        "text": "Report",
        "label": "question",
        "words": [
            {
                "box": [
                    68,
                    175,
                    139,
                    193
                ],
                "text": "Report"
            }
        ],
        "linking": [
            [
                0,
                1
            ]
        ],
        "id": 0,
        "neighbours": [
            "517",
            "ACCEPTED",
            "XX",
            "REJECTED",
            "Comments:",
            "Distribution:",
            "Material Tested",
            "Lot or Sample#",
            "Date Received",
            "Following physical/ visual properties out of specifications:",
            "SPECIFICATIONS ON ROLLS 34 & 35. WT. AV. ROLL 34 (183. 04) ; WT. AV. ROLL 35 (183. 44) : SPECS. 190 -210 GMS/ SQM. LOI OUT DE SPEC. ON ROLL 34 (AV 2. 49%) SPECIFICATIONS (2.6 6- 3. 1% .",
            "Kwb Kenneth W. Smits Technologist - QA",
            "Mr. Lucien L. Bass, III",
            "Dr. L. H. O' Conner",
            "Mr. L. W. Peterson",
            "Mr. W. B. Scantland",
            "Ms. R. deLacy",
            "Mr. M. D. Shannon",
            "Mr. R. L. McGee"
        ]
    },
    {
        "box": [
            163,
            179,
            191,
            196
        ],
        "text": "517",
        "label": "answer",
        "words": [
            {
                "box": [
                    163,
                    179,
                    191,
                    196
                ],
                "text": "517"
            }
        ],
        "linking": [
            [
                0,
                1
            ]
        ],
        "id": 1,
        "neighbours": [
            "Report",
            "ACCEPTED",
            "XX",
            "REJECTED",
            "Comments:",
            "Distribution:",
            "Material Tested",
            "P- 830 GLASS FIBER",
            "Lot or Sample#",
            "ROLL 34 & 35",
            "11- 6- 86",
            "Date Received",
            "Kwb Kenneth W. Smits Technologist - QA",
            "Mr. Lucien L. Bass, III",
            "Dr. L. H. O' Conner",
            "Mr. L. W. Peterson",
            "Mr. W. B. Scantland",
            "Ms. R. deLacy",
            "Mr. M. D. Shannon",
            "Mr. R. L. McGee"
        ]
    },
    {
        "box": [
            148,
            373,
            226,
            391
        ],
        "text": "ACCEPTED",
        "label": "question",
        "words": [
            {
                "box": [
                    148,
                    373,
                    226,
                    391
                ],
                "text": "ACCEPTED"
            }
        ],
        "linking": [],
        "id": 2,
        "neighbours": [
            "Report",
            "517",
            "XX",
            "REJECTED",
            "Comments:",
            "Distribution:",
            "Telephone#",
            "Material Tested",
            "P- 830 GLASS FIBER",
            "Lot or Sample#",
            "ROLL 34 & 35",
            "11- 6- 86",
            "Date Received",
            "Kwb Kenneth W. Smits Technologist - QA",
            "Mr. Lucien L. Bass, III",
            "Dr. L. H. O' Conner",
            "Mr. L. W. Peterson",
            "Mr. W. B. Scantland",
            "Ms. R. deLacy",
            "Mr. M. D. Shannon",
            "Mr. R. L. McGee"
        ]
    },
    {
        "box": [
            102,
            433,
            124,
            450
        ],
        "text": "XX",
        "label": "answer",
        "words": [
            {
                "box": [
                    102,
                    433,
                    124,
                    450
                ],
                "text": "XX"
            }
        ],
        "linking": [
            [
                4,
                3
            ]
        ],
        "id": 3,
        "neighbours": [
            "Report",
            "517",
            "ACCEPTED",
            "REJECTED",
            "Comments:",
            "Distribution:",
            "Material Tested",
            "Lot or Sample#",
            "Date Received",
            "Following physical/ visual properties out of specifications:",
            "SPECIFICATIONS ON ROLLS 34 & 35. WT. AV. ROLL 34 (183. 04) ; WT. AV. ROLL 35 (183. 44) : SPECS. 190 -210 GMS/ SQM. LOI OUT DE SPEC. ON ROLL 34 (AV 2. 49%) SPECIFICATIONS (2.6 6- 3. 1% .",
            "Kwb Kenneth W. Smits Technologist - QA"
        ]
    },
    {
        "box": [
            149,
            433,
            224,
            451
        ],
        "text": "REJECTED",
        "label": "question",
        "words": [
            {
                "box": [
                    149,
                    433,
                    224,
                    451
                ],
                "text": "REJECTED"
            }
        ],
        "linking": [
            [
                4,
                3
            ]
        ],
        "id": 4,
        "neighbours": [
            "Report",
            "517",
            "ACCEPTED",
            "XX",
            "Comments:",
            "Distribution:",
            "Telephone#",
            "Material Tested",
            "P- 830 GLASS FIBER",
            "Lot or Sample#",
            "ROLL 34 & 35",
            "11- 6- 86",
            "Date Received",
            "Kwb Kenneth W. Smits Technologist - QA",
            "Mr. Lucien L. Bass, III",
            "Dr. L. H. O' Conner",
            "Mr. L. W. Peterson",
            "Mr. W. B. Scantland",
            "Ms. R. deLacy",
            "Mr. M. D. Shannon",
            "Mr. R. L. McGee"
        ]
    },
    {
        "box": [
            492,
            226,
            533,
            241
        ],
        "text": "Date",
        "label": "question",
        "words": [
            {
                "box": [
                    492,
                    226,
                    533,
                    241
                ],
                "text": "Date"
            }
        ],
        "linking": [
            [
                5,
                18
            ]
        ],
        "id": 5,
        "neighbours": [
            "Supplier",
            "By",
            "No",
            "436",
            "10- NOV- 1986",
            "OWENS CORNING",
            "Quantity Received",
            "RJR SECRET ADDRESSED ONLY"
        ]
    },
    {
        "box": [
            494,
            257,
            567,
            274
        ],
        "text": "Supplier",
        "label": "question",
        "words": [
            {
                "box": [
                    494,
                    257,
                    567,
                    274
                ],
                "text": "Supplier"
            }
        ],
        "linking": [
            [
                6,
                19
            ]
        ],
        "id": 6,
        "neighbours": [
            "Date",
            "By",
            "No",
            "436",
            "Material Tested",
            "P- 830 GLASS FIBER",
            "10- NOV- 1986",
            "OWENS CORNING",
            "Quantity Received",
            "Lot or Sample#",
            "ROLL 34 & 35",
            "Following physical/ visual properties out of specifications:",
            "WEIGHT OUT OF",
            "RJR SECRET ADDRESSED ONLY"
        ]
    },
    {
        "box": [
            63,
            615,
            148,
            633
        ],
        "text": "Comments:",
        "label": "question",
        "words": [
            {
                "box": [
                    63,
                    615,
                    148,
                    633
                ],
                "text": "Comments:"
            }
        ],
        "linking": [],
        "id": 7,
        "neighbours": [
            "Report",
            "517",
            "ACCEPTED",
            "XX",
            "REJECTED",
            "Distribution:",
            "Material Tested",
            "Lot or Sample#",
            "Date Received",
            "Following physical/ visual properties out of specifications:",
            "SPECIFICATIONS ON ROLLS 34 & 35. WT. AV. ROLL 34 (183. 04) ; WT. AV. ROLL 35 (183. 44) : SPECS. 190 -210 GMS/ SQM. LOI OUT DE SPEC. ON ROLL 34 (AV 2. 49%) SPECIFICATIONS (2.6 6- 3. 1% .",
            "Kwb Kenneth W. Smits Technologist - QA",
            "Mr. Lucien L. Bass, III",
            "Dr. L. H. O' Conner",
            "Mr. L. W. Peterson",
            "Mr. W. B. Scantland",
            "Ms. R. deLacy",
            "Mr. M. D. Shannon",
            "Mr. R. L. McGee"
        ]
    },
    {
        "box": [
            59,
            781,
            181,
            799
        ],
        "text": "Distribution:",
        "label": "question",
        "words": [
            {
                "box": [
                    59,
                    781,
                    181,
                    799
                ],
                "text": "Distribution:"
            }
        ],
        "linking": [
            [
                8,
                30
            ],
            [
                8,
                31
            ],
            [
                8,
                32
            ],
            [
                8,
                33
            ],
            [
                8,
                34
            ],
            [
                8,
                35
            ],
            [
                8,
                36
            ]
        ],
        "id": 8,
        "neighbours": [
            "Report",
            "517",
            "ACCEPTED",
            "XX",
            "REJECTED",
            "Comments:",
            "6926",
            "Telephone#",
            "Material Tested",
            "Lot or Sample#",
            "Date Received",
            "Following physical/ visual properties out of specifications:",
            "SPECIFICATIONS ON ROLLS 34 & 35. WT. AV. ROLL 34 (183. 04) ; WT. AV. ROLL 35 (183. 44) : SPECS. 190 -210 GMS/ SQM. LOI OUT DE SPEC. ON ROLL 34 (AV 2. 49%) SPECIFICATIONS (2.6 6- 3. 1% .",
            "Kwb Kenneth W. Smits Technologist - QA",
            "Mr. Lucien L. Bass, III",
            "Dr. L. H. O' Conner",
            "Mr. L. W. Peterson",
            "Mr. W. B. Scantland",
            "Ms. R. deLacy",
            "Mr. M. D. Shannon",
            "Mr. R. L. McGee"
        ]
    },
    {
        "box": [
            377,
            754,
            413,
            771
        ],
        "text": "6926",
        "label": "answer",
        "words": [
            {
                "box": [
                    377,
                    754,
                    413,
                    771
                ],
                "text": "6926"
            }
        ],
        "linking": [
            [
                10,
                9
            ]
        ],
        "id": 9,
        "neighbours": [
            "Distribution:",
            "Telephone#",
            "No",
            "505991060",
            "P- 830 GLASS FIBER",
            "ROLL 34 & 35",
            "11- 6- 86",
            "Kwb Kenneth W. Smits Technologist - QA",
            "Mr. Lucien L. Bass, III",
            "Dr. L. H. O' Conner",
            "Mr. L. W. Peterson",
            "Mr. W. B. Scantland",
            "Ms. R. deLacy",
            "Mr. M. D. Shannon",
            "Mr. R. L. McGee",
            "RJR SECRET ADDRESSED ONLY"
        ]
    },
    {
        "box": [
            265,
            756,
            367,
            770
        ],
        "text": "Telephone#",
        "label": "question",
        "words": [
            {
                "box": [
                    265,
                    756,
                    367,
                    770
                ],
                "text": "Telephone#"
            }
        ],
        "linking": [
            [
                10,
                9
            ]
        ],
        "id": 10,
        "neighbours": [
            "ACCEPTED",
            "REJECTED",
            "Distribution:",
            "6926",
            "505991060",
            "Material Tested",
            "P- 830 GLASS FIBER",
            "Lot or Sample#",
            "ROLL 34 & 35",
            "11- 6- 86",
            "Date Received",
            "Kwb Kenneth W. Smits Technologist - QA",
            "Mr. Lucien L. Bass, III",
            "Dr. L. H. O' Conner",
            "Mr. L. W. Peterson",
            "Mr. W. B. Scantland",
            "Ms. R. deLacy",
            "Mr. M. D. Shannon",
            "Mr. R. L. McGee",
            "RJR SECRET ADDRESSED ONLY"
        ]
    },
    {
        "box": [
            641,
            851,
            698,
            878
        ],
        "text": "",
        "label": "answer",
        "words": [
            {
                "box": [
                    641,
                    851,
                    698,
                    878
                ],
                "text": ""
            }
        ],
        "linking": [
            [
                12,
                11
            ]
        ],
        "id": 11,
        "neighbours": [
            "By",
            "No",
            "436",
            "505991060",
            "10- NOV- 1986",
            "OWENS CORNING",
            "2 ROLLS",
            "Quantity Received",
            "Following physical/ visual properties out of specifications:",
            "WEIGHT OUT OF",
            "SPECIFICATIONS ON ROLLS 34 & 35. WT. AV. ROLL 34 (183. 04) ; WT. AV. ROLL 35 (183. 44) : SPECS. 190 -210 GMS/ SQM. LOI OUT DE SPEC. ON ROLL 34 (AV 2. 49%) SPECIFICATIONS (2.6 6- 3. 1% .",
            "Mr. W. B. Scantland",
            "Ms. R. deLacy",
            "Mr. M. D. Shannon",
            "Mr. R. L. McGee",
            "RJR SECRET ADDRESSED ONLY"
        ]
    },
    {
        "box": [
            594,
            859,
            625,
            888
        ],
        "text": "By",
        "label": "question",
        "words": [
            {
                "box": [
                    594,
                    859,
                    625,
                    888
                ],
                "text": "By"
            }
        ],
        "linking": [
            [
                12,
                11
            ]
        ],
        "id": 12,
        "neighbours": [
            "Date",
            "Supplier",
            "",
            "No",
            "436",
            "505991060",
            "10- NOV- 1986",
            "OWENS CORNING",
            "2 ROLLS",
            "Quantity Received",
            "Following physical/ visual properties out of specifications:",
            "WEIGHT OUT OF",
            "Ms. R. deLacy",
            "Mr. M. D. Shannon",
            "Mr. R. L. McGee",
            "RJR SECRET ADDRESSED ONLY"
        ]
    },
    {
        "box": [
            471,
            853,
            513,
            881
        ],
        "text": "No",
        "label": "question",
        "words": [
            {
                "box": [
                    471,
                    853,
                    513,
                    881
                ],
                "text": "No"
            }
        ],
        "linking": [
            [
                13,
                14
            ]
        ],
        "id": 13,
        "neighbours": [
            "Date",
            "Supplier",
            "6926",
            "",
            "By",
            "436",
            "505991060",
            "P- 830 GLASS FIBER",
            "Quantity Received",
            "Mr. Lucien L. Bass, III",
            "Mr. W. B. Scantland",
            "Ms. R. deLacy",
            "Mr. M. D. Shannon",
            "Mr. R. L. McGee",
            "RJR SECRET ADDRESSED ONLY"
        ]
    },
    {
        "box": [
            524,
            853,
            580,
            880
        ],
        "text": "436",
        "label": "answer",
        "words": [
            {
                "box": [
                    524,
                    853,
                    580,
                    880
                ],
                "text": "436"
            }
        ],
        "linking": [
            [
                13,
                14
            ]
        ],
        "id": 14,
        "neighbours": [
            "Date",
            "Supplier",
            "",
            "By",
            "No",
            "505991060",
            "10- NOV- 1986",
            "OWENS CORNING",
            "Quantity Received",
            "Following physical/ visual properties out of specifications:",
            "WEIGHT OUT OF",
            "Mr. W. B. Scantland",
            "Ms. R. deLacy",
            "Mr. M. D. Shannon",
            "Mr. R. L. McGee",
            "RJR SECRET ADDRESSED ONLY"
        ]
    },
    {
        "box": [
            730,
            758,
            752,
            849
        ],
        "text": "505991060",
        "label": "other",
        "words": [
            {
                "box": [
                    730,
                    758,
                    752,
                    849
                ],
                "text": "505991060"
            }
        ],
        "linking": [],
        "id": 15,
        "neighbours": [
            "Distribution:",
            "6926",
            "Telephone#",
            "",
            "By",
            "No",
            "436",
            "10- NOV- 1986",
            "OWENS CORNING",
            "2 ROLLS",
            "WEIGHT OUT OF",
            "SPECIFICATIONS ON ROLLS 34 & 35. WT. AV. ROLL 34 (183. 04) ; WT. AV. ROLL 35 (183. 44) : SPECS. 190 -210 GMS/ SQM. LOI OUT DE SPEC. ON ROLL 34 (AV 2. 49%) SPECIFICATIONS (2.6 6- 3. 1% .",
            "Kwb Kenneth W. Smits Technologist - QA",
            "Mr. Lucien L. Bass, III",
            "Dr. L. H. O' Conner",
            "Mr. L. W. Peterson",
            "Mr. W. B. Scantland",
            "Ms. R. deLacy",
            "Mr. M. D. Shannon",
            "RJR SECRET ADDRESSED ONLY"
        ]
    },
    {
        "text": "Material Tested",
        "box": [
            98,
            256,
            237,
            270
        ],
        "linking": [
            [
                16,
                17
            ]
        ],
        "label": "question",
        "words": [
            {
                "text": "Material",
                "box": [
                    98,
                    256,
                    169,
                    270
                ]
            },
            {
                "text": "Tested",
                "box": [
                    180,
                    257,
                    237,
                    268
                ]
            }
        ],
        "id": 16,
        "neighbours": [
            "Report",
            "517",
            "ACCEPTED",
            "XX",
            "REJECTED",
            "Supplier",
            "Comments:",
            "Distribution:",
            "Telephone#",
            "P- 830 GLASS FIBER",
            "10- NOV- 1986",
            "OWENS CORNING",
            "Lot or Sample#",
            "ROLL 34 & 35",
            "11- 6- 86",
            "Date Received",
            "Following physical/ visual properties out of specifications:",
            "SPECIFICATIONS ON ROLLS 34 & 35. WT. AV. ROLL 34 (183. 04) ; WT. AV. ROLL 35 (183. 44) : SPECS. 190 -210 GMS/ SQM. LOI OUT DE SPEC. ON ROLL 34 (AV 2. 49%) SPECIFICATIONS (2.6 6- 3. 1% .",
            "Kwb Kenneth W. Smits Technologist - QA",
            "Mr. Lucien L. Bass, III",
            "Dr. L. H. O' Conner",
            "Mr. L. W. Peterson",
            "Mr. W. B. Scantland",
            "Ms. R. deLacy",
            "Mr. M. D. Shannon",
            "Mr. R. L. McGee"
        ]
    },
    {
        "text": "P- 830 GLASS FIBER",
        "box": [
            253,
            254,
            412,
            272
        ],
        "linking": [
            [
                16,
                17
            ]
        ],
        "label": "answer",
        "words": [
            {
                "text": "P-",
                "box": [
                    253,
                    256,
                    273,
                    269
                ]
            },
            {
                "text": "830",
                "box": [
                    272,
                    256,
                    300,
                    270
                ]
            },
            {
                "text": "GLASS",
                "box": [
                    309,
                    256,
                    356,
                    271
                ]
            },
            {
                "text": "FIBER",
                "box": [
                    365,
                    254,
                    412,
                    272
                ]
            }
        ],
        "id": 17,
        "neighbours": [
            "517",
            "ACCEPTED",
            "REJECTED",
            "Supplier",
            "6926",
            "Telephone#",
            "No",
            "Material Tested",
            "10- NOV- 1986",
            "OWENS CORNING",
            "Lot or Sample#",
            "ROLL 34 & 35",
            "11- 6- 86",
            "Date Received",
            "Kwb Kenneth W. Smits Technologist - QA",
            "Mr. Lucien L. Bass, III",
            "Dr. L. H. O' Conner",
            "Mr. L. W. Peterson",
            "Mr. W. B. Scantland",
            "Ms. R. deLacy",
            "Mr. M. D. Shannon",
            "Mr. R. L. McGee"
        ]
    },
    {
        "text": "10- NOV- 1986",
        "box": [
            588,
            226,
            691,
            245
        ],
        "linking": [
            [
                5,
                18
            ]
        ],
        "label": "answer",
        "words": [
            {
                "text": "10-",
                "box": [
                    588,
                    226,
                    615,
                    243
                ]
            },
            {
                "text": "NOV-",
                "box": [
                    616,
                    229,
                    654,
                    243
                ]
            },
            {
                "text": "1986",
                "box": [
                    656,
                    228,
                    691,
                    245
                ]
            }
        ],
        "id": 18,
        "neighbours": [
            "Date",
            "Supplier",
            "",
            "By",
            "436",
            "505991060",
            "Material Tested",
            "P- 830 GLASS FIBER",
            "OWENS CORNING",
            "2 ROLLS",
            "Quantity Received",
            "Following physical/ visual properties out of specifications:",
            "WEIGHT OUT OF",
            "SPECIFICATIONS ON ROLLS 34 & 35. WT. AV. ROLL 34 (183. 04) ; WT. AV. ROLL 35 (183. 44) : SPECS. 190 -210 GMS/ SQM. LOI OUT DE SPEC. ON ROLL 34 (AV 2. 49%) SPECIFICATIONS (2.6 6- 3. 1% .",
            "RJR SECRET ADDRESSED ONLY"
        ]
    },
    {
        "text": "OWENS CORNING",
        "box": [
            587,
            257,
            706,
            273
        ],
        "linking": [
            [
                6,
                19
            ]
        ],
        "label": "answer",
        "words": [
            {
                "text": "OWENS",
                "box": [
                    587,
                    257,
                    630,
                    272
                ]
            },
            {
                "text": "CORNING",
                "box": [
                    642,
                    258,
                    706,
                    273
                ]
            }
        ],
        "id": 19,
        "neighbours": [
            "Date",
            "Supplier",
            "",
            "By",
            "436",
            "505991060",
            "Material Tested",
            "P- 830 GLASS FIBER",
            "10- NOV- 1986",
            "2 ROLLS",
            "Quantity Received",
            "Lot or Sample#",
            "ROLL 34 & 35",
            "Following physical/ visual properties out of specifications:",
            "WEIGHT OUT OF",
            "SPECIFICATIONS ON ROLLS 34 & 35. WT. AV. ROLL 34 (183. 04) ; WT. AV. ROLL 35 (183. 44) : SPECS. 190 -210 GMS/ SQM. LOI OUT DE SPEC. ON ROLL 34 (AV 2. 49%) SPECIFICATIONS (2.6 6- 3. 1% .",
            "RJR SECRET ADDRESSED ONLY"
        ]
    },
    {
        "text": "2 ROLLS",
        "box": [
            668,
            289,
            734,
            305
        ],
        "linking": [
            [
                21,
                20
            ]
        ],
        "label": "answer",
        "words": [
            {
                "text": "2",
                "box": [
                    668,
                    289,
                    681,
                    302
                ]
            },
            {
                "text": "ROLLS",
                "box": [
                    687,
                    291,
                    734,
                    305
                ]
            }
        ],
        "id": 20,
        "neighbours": [
            "",
            "By",
            "505991060",
            "10- NOV- 1986",
            "OWENS CORNING",
            "Quantity Received",
            "Lot or Sample#",
            "ROLL 34 & 35",
            "11- 6- 86",
            "Date Received",
            "Following physical/ visual properties out of specifications:",
            "WEIGHT OUT OF",
            "SPECIFICATIONS ON ROLLS 34 & 35. WT. AV. ROLL 34 (183. 04) ; WT. AV. ROLL 35 (183. 44) : SPECS. 190 -210 GMS/ SQM. LOI OUT DE SPEC. ON ROLL 34 (AV 2. 49%) SPECIFICATIONS (2.6 6- 3. 1% .",
            "RJR SECRET ADDRESSED ONLY"
        ]
    },
    {
        "text": "Quantity Received",
        "box": [
            493,
            288,
            652,
            308
        ],
        "linking": [
            [
                21,
                20
            ]
        ],
        "label": "question",
        "words": [
            {
                "text": "Quantity",
                "box": [
                    493,
                    288,
                    566,
                    306
                ]
            },
            {
                "text": "Received",
                "box": [
                    575,
                    288,
                    652,
                    308
                ]
            }
        ],
        "id": 21,
        "neighbours": [
            "Date",
            "Supplier",
            "",
            "By",
            "No",
            "436",
            "10- NOV- 1986",
            "OWENS CORNING",
            "2 ROLLS",
            "Lot or Sample#",
            "ROLL 34 & 35",
            "11- 6- 86",
            "Date Received",
            "Following physical/ visual properties out of specifications:",
            "WEIGHT OUT OF",
            "RJR SECRET ADDRESSED ONLY"
        ]
    },
    {
        "text": "Lot or Sample#",
        "box": [
            98,
            284,
            234,
            300
        ],
        "linking": [
            [
                22,
                23
            ]
        ],
        "label": "question",
        "words": [
            {
                "text": "Lot",
                "box": [
                    98,
                    284,
                    123,
                    299
                ]
            },
            {
                "text": "or",
                "box": [
                    134,
                    285,
                    149,
                    300
                ]
            },
            {
                "text": "Sample#",
                "box": [
                    161,
                    284,
                    234,
                    299
                ]
            }
        ],
        "id": 22,
        "neighbours": [
            "Report",
            "517",
            "ACCEPTED",
            "XX",
            "REJECTED",
            "Supplier",
            "Comments:",
            "Distribution:",
            "Telephone#",
            "Material Tested",
            "P- 830 GLASS FIBER",
            "OWENS CORNING",
            "2 ROLLS",
            "Quantity Received",
            "ROLL 34 & 35",
            "11- 6- 86",
            "Date Received",
            "Following physical/ visual properties out of specifications:",
            "SPECIFICATIONS ON ROLLS 34 & 35. WT. AV. ROLL 34 (183. 04) ; WT. AV. ROLL 35 (183. 44) : SPECS. 190 -210 GMS/ SQM. LOI OUT DE SPEC. ON ROLL 34 (AV 2. 49%) SPECIFICATIONS (2.6 6- 3. 1% .",
            "Kwb Kenneth W. Smits Technologist - QA",
            "Mr. Lucien L. Bass, III",
            "Dr. L. H. O' Conner",
            "Mr. L. W. Peterson",
            "Mr. W. B. Scantland",
            "Ms. R. deLacy",
            "Mr. M. D. Shannon",
            "Mr. R. L. McGee"
        ]
    },
    {
        "text": "ROLL 34 & 35",
        "box": [
            254,
            285,
            368,
            301
        ],
        "linking": [
            [
                22,
                23
            ]
        ],
        "label": "answer",
        "words": [
            {
                "text": "ROLL",
                "box": [
                    254,
                    285,
                    289,
                    299
                ]
            },
            {
                "text": "34",
                "box": [
                    299,
                    286,
                    317,
                    301
                ]
            },
            {
                "text": "&",
                "box": [
                    330,
                    286,
                    340,
                    301
                ]
            },
            {
                "text": "35",
                "box": [
                    348,
                    285,
                    368,
                    300
                ]
            }
        ],
        "id": 23,
        "neighbours": [
            "517",
            "ACCEPTED",
            "REJECTED",
            "Supplier",
            "6926",
            "Telephone#",
            "Material Tested",
            "P- 830 GLASS FIBER",
            "OWENS CORNING",
            "2 ROLLS",
            "Quantity Received",
            "Lot or Sample#",
            "11- 6- 86",
            "Date Received",
            "Kwb Kenneth W. Smits Technologist - QA",
            "Mr. Lucien L. Bass, III",
            "Dr. L. H. O' Conner",
            "Mr. L. W. Peterson",
            "Mr. W. B. Scantland",
            "Ms. R. deLacy",
            "Mr. M. D. Shannon",
            "Mr. R. L. McGee"
        ]
    },
    {
        "text": "11- 6- 86",
        "box": [
            254,
            316,
            318,
            332
        ],
        "linking": [
            [
                25,
                24
            ]
        ],
        "label": "answer",
        "words": [
            {
                "text": "11-",
                "box": [
                    254,
                    317,
                    281,
                    332
                ]
            },
            {
                "text": "6-",
                "box": [
                    281,
                    316,
                    301,
                    330
                ]
            },
            {
                "text": "86",
                "box": [
                    300,
                    317,
                    318,
                    331
                ]
            }
        ],
        "id": 24,
        "neighbours": [
            "517",
            "ACCEPTED",
            "REJECTED",
            "6926",
            "Telephone#",
            "Material Tested",
            "P- 830 GLASS FIBER",
            "2 ROLLS",
            "Quantity Received",
            "Lot or Sample#",
            "ROLL 34 & 35",
            "Date Received",
            "Kwb Kenneth W. Smits Technologist - QA",
            "Mr. Lucien L. Bass, III",
            "Dr. L. H. O' Conner",
            "Mr. L. W. Peterson",
            "Mr. W. B. Scantland",
            "Ms. R. deLacy",
            "Mr. M. D. Shannon",
            "Mr. R. L. McGee"
        ]
    },
    {
        "text": "Date Received",
        "box": [
            96,
            314,
            219,
            331
        ],
        "linking": [
            [
                25,
                24
            ]
        ],
        "label": "question",
        "words": [
            {
                "text": "Date",
                "box": [
                    96,
                    314,
                    132,
                    331
                ]
            },
            {
                "text": "Received",
                "box": [
                    142,
                    314,
                    219,
                    331
                ]
            }
        ],
        "id": 25,
        "neighbours": [
            "Report",
            "517",
            "ACCEPTED",
            "XX",
            "REJECTED",
            "Comments:",
            "Distribution:",
            "Telephone#",
            "Material Tested",
            "P- 830 GLASS FIBER",
            "2 ROLLS",
            "Quantity Received",
            "Lot or Sample#",
            "ROLL 34 & 35",
            "11- 6- 86",
            "Following physical/ visual properties out of specifications:",
            "SPECIFICATIONS ON ROLLS 34 & 35. WT. AV. ROLL 34 (183. 04) ; WT. AV. ROLL 35 (183. 44) : SPECS. 190 -210 GMS/ SQM. LOI OUT DE SPEC. ON ROLL 34 (AV 2. 49%) SPECIFICATIONS (2.6 6- 3. 1% .",
            "Kwb Kenneth W. Smits Technologist - QA",
            "Mr. Lucien L. Bass, III",
            "Dr. L. H. O' Conner",
            "Mr. L. W. Peterson",
            "Mr. W. B. Scantland",
            "Ms. R. deLacy",
            "Mr. M. D. Shannon",
            "Mr. R. L. McGee"
        ]
    },
    {
        "text": "Following physical/ visual properties out of specifications:",
        "box": [
            66,
            479,
            610,
            503
        ],
        "linking": [
            [
                26,
                27
            ],
            [
                26,
                28
            ]
        ],
        "label": "question",
        "words": [
            {
                "text": "Following",
                "box": [
                    66,
                    479,
                    148,
                    496
                ]
            },
            {
                "text": "physical/",
                "box": [
                    156,
                    482,
                    240,
                    496
                ]
            },
            {
                "text": "visual",
                "box": [
                    243,
                    483,
                    296,
                    497
                ]
            },
            {
                "text": "properties",
                "box": [
                    307,
                    483,
                    399,
                    497
                ]
            },
            {
                "text": "out",
                "box": [
                    406,
                    483,
                    434,
                    497
                ]
            },
            {
                "text": "of",
                "box": [
                    447,
                    483,
                    462,
                    497
                ]
            },
            {
                "text": "specifications:",
                "box": [
                    475,
                    482,
                    610,
                    503
                ]
            }
        ],
        "id": 26,
        "neighbours": [
            "Report",
            "517",
            "ACCEPTED",
            "XX",
            "REJECTED",
            "Date",
            "Supplier",
            "Comments:",
            "Distribution:",
            "6926",
            "Telephone#",
            "",
            "By",
            "No",
            "436",
            "Material Tested",
            "P- 830 GLASS FIBER",
            "10- NOV- 1986",
            "OWENS CORNING",
            "2 ROLLS",
            "Quantity Received",
            "Lot or Sample#",
            "ROLL 34 & 35",
            "11- 6- 86",
            "Date Received",
            "WEIGHT OUT OF",
            "SPECIFICATIONS ON ROLLS 34 & 35. WT. AV. ROLL 34 (183. 04) ; WT. AV. ROLL 35 (183. 44) : SPECS. 190 -210 GMS/ SQM. LOI OUT DE SPEC. ON ROLL 34 (AV 2. 49%) SPECIFICATIONS (2.6 6- 3. 1% .",
            "Kwb Kenneth W. Smits Technologist - QA",
            "Mr. Lucien L. Bass, III",
            "Dr. L. H. O' Conner",
            "Mr. L. W. Peterson",
            "Mr. W. B. Scantland",
            "Ms. R. deLacy",
            "Mr. M. D. Shannon",
            "Mr. R. L. McGee",
            "RJR SECRET ADDRESSED ONLY"
        ]
    },
    {
        "text": "WEIGHT OUT OF",
        "box": [
            620,
            483,
            741,
            501
        ],
        "linking": [
            [
                26,
                27
            ]
        ],
        "label": "answer",
        "words": [
            {
                "text": "WEIGHT",
                "box": [
                    620,
                    483,
                    673,
                    498
                ]
            },
            {
                "text": "OUT",
                "box": [
                    684,
                    486,
                    712,
                    501
                ]
            },
            {
                "text": "OF",
                "box": [
                    723,
                    487,
                    741,
                    501
                ]
            }
        ],
        "id": 27,
        "neighbours": [
            "Supplier",
            "",
            "By",
            "436",
            "505991060",
            "10- NOV- 1986",
            "OWENS CORNING",
            "2 ROLLS",
            "Quantity Received",
            "Following physical/ visual properties out of specifications:",
            "SPECIFICATIONS ON ROLLS 34 & 35. WT. AV. ROLL 34 (183. 04) ; WT. AV. ROLL 35 (183. 44) : SPECS. 190 -210 GMS/ SQM. LOI OUT DE SPEC. ON ROLL 34 (AV 2. 49%) SPECIFICATIONS (2.6 6- 3. 1% .",
            "RJR SECRET ADDRESSED ONLY"
        ]
    },
    {
        "text": "SPECIFICATIONS ON ROLLS 34 & 35. WT. AV. ROLL 34 (183. 04) ; WT. AV. ROLL 35 (183. 44) : SPECS. 190 -210 GMS/ SQM. LOI OUT DE SPEC. ON ROLL 34 (AV 2. 49%) SPECIFICATIONS (2.6 6- 3. 1% .",
        "box": [
            74,
            510,
            730,
            576
        ],
        "linking": [
            [
                26,
                28
            ]
        ],
        "label": "answer",
        "words": [
            {
                "text": "SPECIFICATIONS",
                "box": [
                    74,
                    510,
                    204,
                    524
                ]
            },
            {
                "text": "ON",
                "box": [
                    214,
                    511,
                    234,
                    526
                ]
            },
            {
                "text": "ROLLS",
                "box": [
                    240,
                    511,
                    289,
                    528
                ]
            },
            {
                "text": "34",
                "box": [
                    299,
                    513,
                    317,
                    528
                ]
            },
            {
                "text": "&",
                "box": [
                    325,
                    514,
                    335,
                    527
                ]
            },
            {
                "text": "35.",
                "box": [
                    342,
                    514,
                    370,
                    528
                ]
            },
            {
                "text": "WT.",
                "box": [
                    378,
                    511,
                    405,
                    528
                ]
            },
            {
                "text": "AV.",
                "box": [
                    415,
                    514,
                    442,
                    528
                ]
            },
            {
                "text": "ROLL",
                "box": [
                    454,
                    515,
                    492,
                    526
                ]
            },
            {
                "text": "34",
                "box": [
                    501,
                    515,
                    519,
                    528
                ]
            },
            {
                "text": "(183.",
                "box": [
                    528,
                    511,
                    571,
                    532
                ]
            },
            {
                "text": "04)",
                "box": [
                    575,
                    514,
                    599,
                    531
                ]
            },
            {
                "text": ";",
                "box": [
                    603,
                    517,
                    611,
                    534
                ]
            },
            {
                "text": "WT.",
                "box": [
                    620,
                    517,
                    645,
                    534
                ]
            },
            {
                "text": "AV.",
                "box": [
                    656,
                    517,
                    683,
                    531
                ]
            },
            {
                "text": "ROLL",
                "box": [
                    694,
                    517,
                    730,
                    531
                ]
            },
            {
                "text": "35",
                "box": [
                    75,
                    539,
                    92,
                    554
                ]
            },
            {
                "text": "(183.",
                "box": [
                    103,
                    541,
                    145,
                    556
                ]
            },
            {
                "text": "44)",
                "box": [
                    149,
                    542,
                    173,
                    556
                ]
            },
            {
                "text": ":",
                "box": [
                    177,
                    543,
                    183,
                    554
                ]
            },
            {
                "text": "SPECS.",
                "box": [
                    193,
                    542,
                    249,
                    557
                ]
            },
            {
                "text": "190",
                "box": [
                    258,
                    542,
                    287,
                    557
                ]
            },
            {
                "text": "-210",
                "box": [
                    288,
                    542,
                    324,
                    556
                ]
            },
            {
                "text": "GMS/",
                "box": [
                    335,
                    543,
                    369,
                    556
                ]
            },
            {
                "text": "SQM.",
                "box": [
                    372,
                    545,
                    406,
                    556
                ]
            },
            {
                "text": "LOI",
                "box": [
                    418,
                    545,
                    445,
                    560
                ]
            },
            {
                "text": "OUT",
                "box": [
                    454,
                    543,
                    482,
                    558
                ]
            },
            {
                "text": "DE",
                "box": [
                    492,
                    545,
                    510,
                    559
                ]
            },
            {
                "text": "SPEC.",
                "box": [
                    518,
                    543,
                    563,
                    561
                ]
            },
            {
                "text": "ON",
                "box": [
                    573,
                    543,
                    593,
                    560
                ]
            },
            {
                "text": "ROLL",
                "box": [
                    602,
                    545,
                    637,
                    562
                ]
            },
            {
                "text": "34",
                "box": [
                    649,
                    546,
                    667,
                    560
                ]
            },
            {
                "text": "(AV",
                "box": [
                    74,
                    556,
                    110,
                    573
                ]
            },
            {
                "text": "2.",
                "box": [
                    112,
                    559,
                    127,
                    572
                ]
            },
            {
                "text": "49%)",
                "box": [
                    131,
                    559,
                    166,
                    573
                ]
            },
            {
                "text": "SPECIFICATIONS",
                "box": [
                    176,
                    559,
                    306,
                    576
                ]
            },
            {
                "text": "(2.6",
                "box": [
                    316,
                    559,
                    344,
                    576
                ]
            },
            {
                "text": "6-",
                "box": [
                    342,
                    560,
                    359,
                    573
                ]
            },
            {
                "text": "3.",
                "box": [
                    359,
                    560,
                    377,
                    574
                ]
            },
            {
                "text": "1%",
                "box": [
                    380,
                    559,
                    405,
                    574
                ]
            },
            {
                "text": ".",
                "box": [
                    409,
                    561,
                    416,
                    574
                ]
            }
        ],
        "id": 28,
        "neighbours": [
            "Report",
            "517",
            "ACCEPTED",
            "XX",
            "REJECTED",
            "Date",
            "Supplier",
            "Comments:",
            "Distribution:",
            "6926",
            "Telephone#",
            "",
            "By",
            "No",
            "436",
            "505991060",
            "Material Tested",
            "P- 830 GLASS FIBER",
            "10- NOV- 1986",
            "OWENS CORNING",
            "2 ROLLS",
            "Quantity Received",
            "Lot or Sample#",
            "ROLL 34 & 35",
            "11- 6- 86",
            "Date Received",
            "Following physical/ visual properties out of specifications:",
            "WEIGHT OUT OF",
            "Kwb Kenneth W. Smits Technologist - QA",
            "Mr. Lucien L. Bass, III",
            "Dr. L. H. O' Conner",
            "Mr. L. W. Peterson",
            "Mr. W. B. Scantland",
            "Ms. R. deLacy",
            "Mr. M. D. Shannon",
            "Mr. R. L. McGee",
            "RJR SECRET ADDRESSED ONLY"
        ]
    },
    {
        "text": "Kwb Kenneth W. Smits Technologist - QA",
        "box": [
            57,
            714,
            221,
            765
        ],
        "linking": [],
        "label": "other",
        "words": [
            {
                "text": "Kwb",
                "box": [
                    87,
                    714,
                    155,
                    742
                ]
            },
            {
                "text": "Kenneth",
                "box": [
                    60,
                    737,
                    126,
                    754
                ]
            },
            {
                "text": "W.",
                "box": [
                    134,
                    740,
                    149,
                    751
                ]
            },
            {
                "text": "Smits",
                "box": [
                    165,
                    739,
                    208,
                    752
                ]
            },
            {
                "text": "Technologist",
                "box": [
                    57,
                    754,
                    172,
                    765
                ]
            },
            {
                "text": "-",
                "box": [
                    180,
                    754,
                    190,
                    764
                ]
            },
            {
                "text": "QA",
                "box": [
                    200,
                    751,
                    221,
                    765
                ]
            }
        ],
        "id": 29,
        "neighbours": [
            "Report",
            "517",
            "ACCEPTED",
            "XX",
            "REJECTED",
            "Comments:",
            "Distribution:",
            "6926",
            "Telephone#",
            "505991060",
            "Material Tested",
            "P- 830 GLASS FIBER",
            "Lot or Sample#",
            "ROLL 34 & 35",
            "11- 6- 86",
            "Date Received",
            "Following physical/ visual properties out of specifications:",
            "SPECIFICATIONS ON ROLLS 34 & 35. WT. AV. ROLL 34 (183. 04) ; WT. AV. ROLL 35 (183. 44) : SPECS. 190 -210 GMS/ SQM. LOI OUT DE SPEC. ON ROLL 34 (AV 2. 49%) SPECIFICATIONS (2.6 6- 3. 1% .",
            "Mr. Lucien L. Bass, III",
            "Dr. L. H. O' Conner",
            "Mr. L. W. Peterson",
            "Mr. W. B. Scantland",
            "Ms. R. deLacy",
            "Mr. M. D. Shannon",
            "Mr. R. L. McGee",
            "RJR SECRET ADDRESSED ONLY"
        ]
    },
    {
        "text": "Mr. Lucien L. Bass, III",
        "box": [
            198,
            785,
            414,
            803
        ],
        "linking": [
            [
                8,
                30
            ]
        ],
        "label": "answer",
        "words": [
            {
                "text": "Mr.",
                "box": [
                    198,
                    785,
                    226,
                    798
                ]
            },
            {
                "text": "Lucien",
                "box": [
                    236,
                    785,
                    293,
                    800
                ]
            },
            {
                "text": "L.",
                "box": [
                    300,
                    785,
                    317,
                    798
                ]
            },
            {
                "text": "Bass,",
                "box": [
                    331,
                    785,
                    377,
                    803
                ]
            },
            {
                "text": "III",
                "box": [
                    385,
                    786,
                    414,
                    800
                ]
            }
        ],
        "id": 30,
        "neighbours": [
            "Report",
            "517",
            "ACCEPTED",
            "REJECTED",
            "Comments:",
            "Distribution:",
            "6926",
            "Telephone#",
            "No",
            "Material Tested",
            "P- 830 GLASS FIBER",
            "Lot or Sample#",
            "ROLL 34 & 35",
            "11- 6- 86",
            "Date Received",
            "Kwb Kenneth W. Smits Technologist - QA",
            "Dr. L. H. O' Conner",
            "Mr. L. W. Peterson",
            "Mr. W. B. Scantland",
            "Ms. R. deLacy",
            "Mr. M. D. Shannon",
            "Mr. R. L. McGee"
        ]
    },
    {
        "text": "Dr. L. H. O' Conner",
        "box": [
            198,
            797,
            359,
            815
        ],
        "linking": [
            [
                8,
                31
            ]
        ],
        "label": "answer",
        "words": [
            {
                "text": "Dr.",
                "box": [
                    198,
                    797,
                    223,
                    812
                ]
            },
            {
                "text": "L.",
                "box": [
                    235,
                    800,
                    256,
                    815
                ]
            },
            {
                "text": "H.",
                "box": [
                    254,
                    803,
                    274,
                    814
                ]
            },
            {
                "text": "O'",
                "box": [
                    284,
                    800,
                    301,
                    813
                ]
            },
            {
                "text": "Conner",
                "box": [
                    302,
                    803,
                    359,
                    814
                ]
            }
        ],
        "id": 31,
        "neighbours": [
            "Report",
            "517",
            "ACCEPTED",
            "REJECTED",
            "Comments:",
            "Distribution:",
            "6926",
            "Telephone#",
            "Material Tested",
            "P- 830 GLASS FIBER",
            "Lot or Sample#",
            "ROLL 34 & 35",
            "11- 6- 86",
            "Date Received",
            "Kwb Kenneth W. Smits Technologist - QA",
            "Mr. Lucien L. Bass, III",
            "Mr. L. W. Peterson",
            "Mr. W. B. Scantland",
            "Ms. R. deLacy",
            "Mr. M. D. Shannon",
            "Mr. R. L. McGee"
        ]
    },
    {
        "text": "Mr. L. W. Peterson",
        "box": [
            198,
            814,
            359,
            831
        ],
        "linking": [
            [
                8,
                32
            ]
        ],
        "label": "answer",
        "words": [
            {
                "text": "Mr.",
                "box": [
                    198,
                    816,
                    223,
                    829
                ]
            },
            {
                "text": "L.",
                "box": [
                    233,
                    814,
                    253,
                    828
                ]
            },
            {
                "text": "W.",
                "box": [
                    256,
                    816,
                    274,
                    827
                ]
            },
            {
                "text": "Peterson",
                "box": [
                    284,
                    816,
                    359,
                    831
                ]
            }
        ],
        "id": 32,
        "neighbours": [
            "Report",
            "517",
            "ACCEPTED",
            "REJECTED",
            "Comments:",
            "Distribution:",
            "6926",
            "Telephone#",
            "Material Tested",
            "P- 830 GLASS FIBER",
            "Lot or Sample#",
            "ROLL 34 & 35",
            "11- 6- 86",
            "Date Received",
            "Kwb Kenneth W. Smits Technologist - QA",
            "Mr. Lucien L. Bass, III",
            "Dr. L. H. O' Conner",
            "Mr. W. B. Scantland",
            "Ms. R. deLacy",
            "Mr. M. D. Shannon",
            "Mr. R. L. McGee"
        ]
    },
    {
        "text": "Mr. W. B. Scantland",
        "box": [
            197,
            832,
            369,
            845
        ],
        "linking": [
            [
                8,
                33
            ]
        ],
        "label": "answer",
        "words": [
            {
                "text": "Mr.",
                "box": [
                    197,
                    832,
                    225,
                    845
                ]
            },
            {
                "text": "W.",
                "box": [
                    235,
                    832,
                    255,
                    845
                ]
            },
            {
                "text": "B.",
                "box": [
                    256,
                    832,
                    271,
                    843
                ]
            },
            {
                "text": "Scantland",
                "box": [
                    284,
                    832,
                    369,
                    842
                ]
            }
        ],
        "id": 33,
        "neighbours": [
            "Report",
            "517",
            "ACCEPTED",
            "REJECTED",
            "Comments:",
            "Distribution:",
            "6926",
            "Telephone#",
            "",
            "No",
            "436",
            "505991060",
            "Material Tested",
            "P- 830 GLASS FIBER",
            "Lot or Sample#",
            "ROLL 34 & 35",
            "11- 6- 86",
            "Date Received",
            "Kwb Kenneth W. Smits Technologist - QA",
            "Mr. Lucien L. Bass, III",
            "Dr. L. H. O' Conner",
            "Mr. L. W. Peterson",
            "Ms. R. deLacy",
            "Mr. M. D. Shannon",
            "Mr. R. L. McGee",
            "RJR SECRET ADDRESSED ONLY"
        ]
    },
    {
        "text": "Ms. R. deLacy",
        "box": [
            197,
            845,
            321,
            859
        ],
        "linking": [
            [
                8,
                34
            ]
        ],
        "label": "answer",
        "words": [
            {
                "text": "Ms.",
                "box": [
                    197,
                    846,
                    225,
                    859
                ]
            },
            {
                "text": "R.",
                "box": [
                    235,
                    845,
                    249,
                    856
                ]
            },
            {
                "text": "deLacy",
                "box": [
                    264,
                    848,
                    321,
                    859
                ]
            }
        ],
        "id": 34,
        "neighbours": [
            "Report",
            "517",
            "ACCEPTED",
            "REJECTED",
            "Comments:",
            "Distribution:",
            "6926",
            "Telephone#",
            "",
            "By",
            "No",
            "436",
            "505991060",
            "Material Tested",
            "P- 830 GLASS FIBER",
            "Lot or Sample#",
            "ROLL 34 & 35",
            "11- 6- 86",
            "Date Received",
            "Kwb Kenneth W. Smits Technologist - QA",
            "Mr. Lucien L. Bass, III",
            "Dr. L. H. O' Conner",
            "Mr. L. W. Peterson",
            "Mr. W. B. Scantland",
            "Mr. M. D. Shannon",
            "Mr. R. L. McGee",
            "RJR SECRET ADDRESSED ONLY"
        ]
    },
    {
        "text": "Mr. M. D. Shannon",
        "box": [
            197,
            859,
            352,
            875
        ],
        "linking": [
            [
                8,
                35
            ]
        ],
        "label": "answer",
        "words": [
            {
                "text": "Mr.",
                "box": [
                    197,
                    859,
                    225,
                    873
                ]
            },
            {
                "text": "M.",
                "box": [
                    236,
                    862,
                    253,
                    875
                ]
            },
            {
                "text": "D.",
                "box": [
                    254,
                    863,
                    271,
                    873
                ]
            },
            {
                "text": "Shannon",
                "box": [
                    284,
                    862,
                    352,
                    875
                ]
            }
        ],
        "id": 35,
        "neighbours": [
            "Report",
            "517",
            "ACCEPTED",
            "REJECTED",
            "Comments:",
            "Distribution:",
            "6926",
            "Telephone#",
            "",
            "By",
            "No",
            "436",
            "505991060",
            "Material Tested",
            "P- 830 GLASS FIBER",
            "Lot or Sample#",
            "ROLL 34 & 35",
            "11- 6- 86",
            "Date Received",
            "Kwb Kenneth W. Smits Technologist - QA",
            "Mr. Lucien L. Bass, III",
            "Dr. L. H. O' Conner",
            "Mr. L. W. Peterson",
            "Mr. W. B. Scantland",
            "Ms. R. deLacy",
            "Mr. R. L. McGee",
            "RJR SECRET ADDRESSED ONLY"
        ]
    },
    {
        "text": "Mr. R. L. McGee",
        "box": [
            197,
            874,
            334,
            893
        ],
        "linking": [
            [
                8,
                36
            ]
        ],
        "label": "answer",
        "words": [
            {
                "text": "Mr.",
                "box": [
                    197,
                    874,
                    226,
                    888
                ]
            },
            {
                "text": "R.",
                "box": [
                    236,
                    874,
                    250,
                    889
                ]
            },
            {
                "text": "L.",
                "box": [
                    256,
                    874,
                    271,
                    888
                ]
            },
            {
                "text": "McGee",
                "box": [
                    282,
                    876,
                    334,
                    893
                ]
            }
        ],
        "id": 36,
        "neighbours": [
            "Report",
            "517",
            "ACCEPTED",
            "REJECTED",
            "Comments:",
            "Distribution:",
            "6926",
            "Telephone#",
            "",
            "By",
            "No",
            "436",
            "Material Tested",
            "P- 830 GLASS FIBER",
            "Lot or Sample#",
            "ROLL 34 & 35",
            "11- 6- 86",
            "Date Received",
            "Kwb Kenneth W. Smits Technologist - QA",
            "Mr. Lucien L. Bass, III",
            "Dr. L. H. O' Conner",
            "Mr. L. W. Peterson",
            "Mr. W. B. Scantland",
            "Ms. R. deLacy",
            "Mr. M. D. Shannon"
        ]
    },
    {
        "text": "RJR SECRET ADDRESSED ONLY",
        "box": [
            520,
            750,
            672,
            852
        ],
        "linking": [],
        "label": "other",
        "words": [
            {
                "text": "RJR",
                "box": [
                    554,
                    750,
                    635,
                    789
                ]
            },
            {
                "text": "SECRET",
                "box": [
                    542,
                    791,
                    645,
                    833
                ]
            },
            {
                "text": "ADDRESSED",
                "box": [
                    520,
                    838,
                    621,
                    849
                ]
            },
            {
                "text": "ONLY",
                "box": [
                    626,
                    838,
                    672,
                    852
                ]
            }
        ],
        "id": 37,
        "neighbours": [
            "Date",
            "Supplier",
            "Distribution:",
            "6926",
            "Telephone#",
            "",
            "By",
            "No",
            "436",
            "505991060",
            "10- NOV- 1986",
            "OWENS CORNING",
            "2 ROLLS",
            "Quantity Received",
            "Following physical/ visual properties out of specifications:",
            "WEIGHT OUT OF",
            "SPECIFICATIONS ON ROLLS 34 & 35. WT. AV. ROLL 34 (183. 04) ; WT. AV. ROLL 35 (183. 44) : SPECS. 190 -210 GMS/ SQM. LOI OUT DE SPEC. ON ROLL 34 (AV 2. 49%) SPECIFICATIONS (2.6 6- 3. 1% .",
            "Kwb Kenneth W. Smits Technologist - QA",
            "Mr. Lucien L. Bass, III",
            "Dr. L. H. O' Conner",
            "Mr. L. W. Peterson",
            "Mr. W. B. Scantland",
            "Ms. R. deLacy",
            "Mr. M. D. Shannon"
        ]
    }
]