[
    {
        "box": [
            56,
            455,
            121,
            468
        ],
        "text": "PROJECT",
        "label": "question",
        "words": [
            {
                "box": [
                    56,
                    455,
                    121,
                    468
                ],
                "text": "PROJECT"
            }
        ],
        "linking": [
            [
                0,
                19
            ]
        ],
        "id": 0,
        "neighbours": [
            "OBJECTIVE:",
            "To:",
            "Files",
            "EPB:",
            "cc:",
            "ODL",
            "PROJECT CODE:",
            "PROJECT NAME:",
            "PROJECT LEADER:",
            "WORK REQUESTED BY:",
            "To develop cigarette Cigarette to utilize a filter tip with longitudinal grooves from the mouth end to the tobacco end in con- junction with perforated tipping paper.",
            "OTHER PERSONNEL ASSIGNED:",
            "BMC/RMI/EPB JEM/DEC PRC/DRB"
        ]
    },
    {
        "box": [
            126,
            455,
            209,
            467
        ],
        "text": "OBJECTIVE:",
        "label": "question",
        "words": [
            {
                "box": [
                    126,
                    455,
                    209,
                    467
                ],
                "text": "OBJECTIVE:"
            }
        ],
        "linking": [],
        "id": 1,
        "neighbours": [
            "PROJECT",
            "BTF",
            "-",
            "To:",
            "Files",
            "EPB:",
            "cc:",
            "ODL",
            "PROJECT INITIATION FORM",
            "PROJECT CODE:",
            "PROJECT NAME:",
            "PROJECT LEADER:",
            "WORK REQUESTED BY:",
            "E. P. Barbee",
            "R. S. Sprinkle, III",
            "To develop cigarette Cigarette to utilize a filter tip with longitudinal grooves from the mouth end to the tobacco end in con- junction with perforated tipping paper.",
            "OTHER PERSONNEL ASSIGNED:",
            "J. E. Mann, Jr.",
            "D. E. Cawthon",
            "BMC/RMI/EPB JEM/DEC PRC/DRB"
        ]
    },
    {
        "box": [
            475,
            281,
            522,
            296
        ],
        "text": "DATE:",
        "label": "question",
        "words": [
            {
                "box": [
                    475,
                    281,
                    522,
                    296
                ],
                "text": "DATE:"
            }
        ],
        "linking": [
            [
                2,
                12
            ]
        ],
        "id": 2,
        "neighbours": [
            "BTF",
            "CONFIDENTIAL",
            "PROJECT INITIATION FORM",
            "September 16, 1980",
            "PROJECT CODE:",
            "Approved by:"
        ]
    },
    {
        "box": [
            248,
            271,
            280,
            289
        ],
        "text": "BTF",
        "label": "answer",
        "words": [
            {
                "box": [
                    248,
                    271,
                    280,
                    289
                ],
                "text": "BTF"
            }
        ],
        "linking": [
            [
                13,
                3
            ]
        ],
        "id": 3,
        "neighbours": [
            "OBJECTIVE:",
            "DATE:",
            "-",
            "PROJECT INITIATION FORM",
            "September 16, 1980",
            "PROJECT CODE:",
            "WORK REQUESTED BY:",
            "E. P. Barbee",
            "R. S. Sprinkle, III",
            "To develop cigarette Cigarette to utilize a filter tip with longitudinal grooves from the mouth end to the tobacco end in con- junction with perforated tipping paper.",
            "J. E. Mann, Jr.",
            "D. E. Cawthon",
            "BMC/RMI/EPB JEM/DEC PRC/DRB"
        ]
    },
    {
        "box": [
            249,
            321,
            264,
            329
        ],
        "text": "-",
        "label": "answer",
        "words": [
            {
                "box": [
                    249,
                    321,
                    264,
                    329
                ],
                "text": "-"
            }
        ],
        "linking": [
            [
                14,
                4
            ]
        ],
        "id": 4,
        "neighbours": [
            "OBJECTIVE:",
            "BTF",
            "PROJECT INITIATION FORM",
            "PROJECT NAME:",
            "WORK REQUESTED BY:",
            "E. P. Barbee",
            "R. S. Sprinkle, III",
            "To develop cigarette Cigarette to utilize a filter tip with longitudinal grooves from the mouth end to the tobacco end in con- junction with perforated tipping paper.",
            "J. E. Mann, Jr.",
            "D. E. Cawthon",
            "BMC/RMI/EPB JEM/DEC PRC/DRB"
        ]
    },
    {
        "box": [
            53,
            86,
            81,
            104
        ],
        "text": "To:",
        "label": "question",
        "words": [
            {
                "box": [
                    53,
                    86,
                    81,
                    104
                ],
                "text": "To:"
            }
        ],
        "linking": [
            [
                5,
                6
            ]
        ],
        "id": 5,
        "neighbours": [
            "PROJECT",
            "OBJECTIVE:",
            "Files",
            "CONFIDENTIAL",
            "EPB:",
            "cc:",
            "ODL",
            "PROJECT CODE:",
            "PROJECT NAME:",
            "PROJECT LEADER:",
            "WORK REQUESTED BY:",
            "OTHER PERSONNEL ASSIGNED:",
            "BMC/RMI/EPB JEM/DEC PRC/DRB"
        ]
    },
    {
        "box": [
            100,
            86,
            145,
            104
        ],
        "text": "Files",
        "label": "answer",
        "words": [
            {
                "box": [
                    100,
                    86,
                    145,
                    104
                ],
                "text": "Files"
            }
        ],
        "linking": [
            [
                5,
                6
            ]
        ],
        "id": 6,
        "neighbours": [
            "PROJECT",
            "OBJECTIVE:",
            "To:",
            "CONFIDENTIAL",
            "EPB:",
            "cc:",
            "ODL",
            "PROJECT CODE:",
            "PROJECT NAME:",
            "PROJECT LEADER:",
            "WORK REQUESTED BY:",
            "OTHER PERSONNEL ASSIGNED:",
            "BMC/RMI/EPB JEM/DEC PRC/DRB"
        ]
    },
    {
        "box": [
            555,
            90,
            658,
            105
        ],
        "text": "CONFIDENTIAL",
        "label": "other",
        "words": [
            {
                "box": [
                    555,
                    90,
                    658,
                    105
                ],
                "text": "CONFIDENTIAL"
            }
        ],
        "linking": [],
        "id": 7,
        "neighbours": [
            "DATE:",
            "To:",
            "Files",
            "September 16, 1980",
            "To develop cigarette Cigarette to utilize a filter tip with longitudinal grooves from the mouth end to the tobacco end in con- junction with perforated tipping paper.",
            "Approved by:",
            "R. S. Sprinkle, III"
        ]
    },
    {
        "box": [
            53,
            826,
            91,
            844
        ],
        "text": "EPB:",
        "label": "question",
        "words": [
            {
                "box": [
                    53,
                    826,
                    91,
                    844
                ],
                "text": "EPB:"
            }
        ],
        "linking": [
            [
                8,
                10
            ]
        ],
        "id": 8,
        "neighbours": [
            "PROJECT",
            "OBJECTIVE:",
            "To:",
            "Files",
            "cc:",
            "ODL",
            "PROJECT CODE:",
            "PROJECT NAME:",
            "PROJECT LEADER:",
            "WORK REQUESTED BY:",
            "OTHER PERSONNEL ASSIGNED:",
            "R. S. Sprinkle, III",
            "BMC/RMI/EPB JEM/DEC PRC/DRB"
        ]
    },
    {
        "box": [
            55,
            855,
            82,
            870
        ],
        "text": "cc:",
        "label": "question",
        "words": [
            {
                "box": [
                    55,
                    855,
                    82,
                    870
                ],
                "text": "cc:"
            }
        ],
        "linking": [
            [
                9,
                25
            ]
        ],
        "id": 9,
        "neighbours": [
            "PROJECT",
            "OBJECTIVE:",
            "To:",
            "Files",
            "EPB:",
            "ODL",
            "PROJECT CODE:",
            "PROJECT NAME:",
            "PROJECT LEADER:",
            "WORK REQUESTED BY:",
            "OTHER PERSONNEL ASSIGNED:",
            "R. S. Sprinkle, III",
            "BMC/RMI/EPB JEM/DEC PRC/DRB"
        ]
    },
    {
        "box": [
            88,
            826,
            120,
            843
        ],
        "text": "ODL",
        "label": "answer",
        "words": [
            {
                "box": [
                    88,
                    826,
                    120,
                    843
                ],
                "text": "ODL"
            }
        ],
        "linking": [
            [
                8,
                10
            ]
        ],
        "id": 10,
        "neighbours": [
            "PROJECT",
            "OBJECTIVE:",
            "To:",
            "Files",
            "EPB:",
            "cc:",
            "PROJECT CODE:",
            "PROJECT NAME:",
            "PROJECT LEADER:",
            "WORK REQUESTED BY:",
            "OTHER PERSONNEL ASSIGNED:",
            "R. S. Sprinkle, III",
            "BMC/RMI/EPB JEM/DEC PRC/DRB"
        ]
    },
    {
        "text": "PROJECT INITIATION FORM",
        "box": [
            259,
            166,
            460,
            183
        ],
        "linking": [],
        "label": "header",
        "words": [
            {
                "text": "PROJECT",
                "box": [
                    259,
                    169,
                    322,
                    182
                ]
            },
            {
                "text": "INITIATION",
                "box": [
                    327,
                    168,
                    412,
                    181
                ]
            },
            {
                "text": "FORM",
                "box": [
                    415,
                    166,
                    460,
                    183
                ]
            }
        ],
        "id": 11,
        "neighbours": [
            "OBJECTIVE:",
            "DATE:",
            "BTF",
            "-",
            "WORK REQUESTED BY:",
            "E. P. Barbee",
            "R. S. Sprinkle, III",
            "To develop cigarette Cigarette to utilize a filter tip with longitudinal grooves from the mouth end to the tobacco end in con- junction with perforated tipping paper.",
            "J. E. Mann, Jr.",
            "D. E. Cawthon",
            "Approved by:",
            "R. S. Sprinkle, III"
        ]
    },
    {
        "text": "September 16, 1980",
        "box": [
            527,
            269,
            685,
            292
        ],
        "linking": [
            [
                2,
                12
            ]
        ],
        "label": "answer",
        "words": [
            {
                "text": "September",
                "box": [
                    527,
                    269,
                    610,
                    292
                ]
            },
            {
                "text": "16,",
                "box": [
                    613,
                    271,
                    640,
                    291
                ]
            },
            {
                "text": "1980",
                "box": [
                    645,
                    274,
                    685,
                    292
                ]
            }
        ],
        "id": 12,
        "neighbours": [
            "DATE:",
            "BTF",
            "CONFIDENTIAL",
            "PROJECT CODE:",
            "To develop cigarette Cigarette to utilize a filter tip with longitudinal grooves from the mouth end to the tobacco end in con- junction with perforated tipping paper.",
            "Approved by:",
            "R. S. Sprinkle, III"
        ]
    },
    {
        "text": "PROJECT CODE:",
        "box": [
            53,
            281,
            166,
            298
        ],
        "linking": [
            [
                13,
                3
            ]
        ],
        "label": "question",
        "words": [
            {
                "text": "PROJECT",
                "box": [
                    53,
                    281,
                    118,
                    298
                ]
            },
            {
                "text": "CODE:",
                "box": [
                    121,
                    284,
                    166,
                    297
                ]
            }
        ],
        "id": 13,
        "neighbours": [
            "PROJECT",
            "OBJECTIVE:",
            "DATE:",
            "BTF",
            "To:",
            "Files",
            "EPB:",
            "cc:",
            "ODL",
            "September 16, 1980",
            "PROJECT NAME:",
            "PROJECT LEADER:",
            "WORK REQUESTED BY:",
            "OTHER PERSONNEL ASSIGNED:",
            "BMC/RMI/EPB JEM/DEC PRC/DRB"
        ]
    },
    {
        "text": "PROJECT NAME:",
        "box": [
            53,
            324,
            166,
            341
        ],
        "linking": [
            [
                14,
                4
            ]
        ],
        "label": "question",
        "words": [
            {
                "text": "PROJECT",
                "box": [
                    53,
                    324,
                    118,
                    341
                ]
            },
            {
                "text": "NAME:",
                "box": [
                    121,
                    327,
                    166,
                    340
                ]
            }
        ],
        "id": 14,
        "neighbours": [
            "PROJECT",
            "OBJECTIVE:",
            "-",
            "To:",
            "Files",
            "EPB:",
            "cc:",
            "ODL",
            "PROJECT CODE:",
            "PROJECT LEADER:",
            "WORK REQUESTED BY:",
            "OTHER PERSONNEL ASSIGNED:",
            "BMC/RMI/EPB JEM/DEC PRC/DRB"
        ]
    },
    {
        "text": "PROJECT LEADER:",
        "box": [
            56,
            367,
            183,
            382
        ],
        "linking": [
            [
                15,
                17
            ]
        ],
        "label": "question",
        "words": [
            {
                "text": "PROJECT",
                "box": [
                    56,
                    367,
                    119,
                    382
                ]
            },
            {
                "text": "LEADER:",
                "box": [
                    123,
                    367,
                    183,
                    382
                ]
            }
        ],
        "id": 15,
        "neighbours": [
            "PROJECT",
            "OBJECTIVE:",
            "To:",
            "Files",
            "EPB:",
            "cc:",
            "ODL",
            "PROJECT CODE:",
            "PROJECT NAME:",
            "WORK REQUESTED BY:",
            "E. P. Barbee",
            "OTHER PERSONNEL ASSIGNED:",
            "BMC/RMI/EPB JEM/DEC PRC/DRB"
        ]
    },
    {
        "text": "WORK REQUESTED BY:",
        "box": [
            55,
            410,
            212,
            425
        ],
        "linking": [
            [
                16,
                18
            ]
        ],
        "label": "question",
        "words": [
            {
                "text": "WORK",
                "box": [
                    55,
                    412,
                    93,
                    425
                ]
            },
            {
                "text": "REQUESTED",
                "box": [
                    95,
                    410,
                    176,
                    423
                ]
            },
            {
                "text": "BY:",
                "box": [
                    184,
                    412,
                    212,
                    424
                ]
            }
        ],
        "id": 16,
        "neighbours": [
            "PROJECT",
            "OBJECTIVE:",
            "BTF",
            "-",
            "To:",
            "Files",
            "EPB:",
            "cc:",
            "ODL",
            "PROJECT INITIATION FORM",
            "PROJECT CODE:",
            "PROJECT NAME:",
            "PROJECT LEADER:",
            "E. P. Barbee",
            "R. S. Sprinkle, III",
            "To develop cigarette Cigarette to utilize a filter tip with longitudinal grooves from the mouth end to the tobacco end in con- junction with perforated tipping paper.",
            "OTHER PERSONNEL ASSIGNED:",
            "J. E. Mann, Jr.",
            "D. E. Cawthon",
            "BMC/RMI/EPB JEM/DEC PRC/DRB"
        ]
    },
    {
        "text": "E. P. Barbee",
        "box": [
            249,
            355,
            353,
            377
        ],
        "linking": [
            [
                15,
                17
            ]
        ],
        "label": "answer",
        "words": [
            {
                "text": "E.",
                "box": [
                    249,
                    355,
                    266,
                    375
                ]
            },
            {
                "text": "P.",
                "box": [
                    274,
                    357,
                    292,
                    377
                ]
            },
            {
                "text": "Barbee",
                "box": [
                    297,
                    357,
                    353,
                    377
                ]
            }
        ],
        "id": 17,
        "neighbours": [
            "OBJECTIVE:",
            "BTF",
            "-",
            "PROJECT INITIATION FORM",
            "PROJECT LEADER:",
            "WORK REQUESTED BY:",
            "R. S. Sprinkle, III",
            "To develop cigarette Cigarette to utilize a filter tip with longitudinal grooves from the mouth end to the tobacco end in con- junction with perforated tipping paper.",
            "J. E. Mann, Jr.",
            "D. E. Cawthon",
            "Approved by:",
            "R. S. Sprinkle, III",
            "BMC/RMI/EPB JEM/DEC PRC/DRB"
        ]
    },
    {
        "text": "R. S. Sprinkle, III",
        "box": [
            248,
            402,
            410,
            420
        ],
        "linking": [
            [
                16,
                18
            ]
        ],
        "label": "answer",
        "words": [
            {
                "text": "R.",
                "box": [
                    248,
                    402,
                    266,
                    420
                ]
            },
            {
                "text": "S.",
                "box": [
                    272,
                    402,
                    294,
                    419
                ]
            },
            {
                "text": "Sprinkle,",
                "box": [
                    301,
                    402,
                    376,
                    420
                ]
            },
            {
                "text": "III",
                "box": [
                    385,
                    402,
                    410,
                    420
                ]
            }
        ],
        "id": 18,
        "neighbours": [
            "OBJECTIVE:",
            "BTF",
            "-",
            "PROJECT INITIATION FORM",
            "WORK REQUESTED BY:",
            "E. P. Barbee",
            "To develop cigarette Cigarette to utilize a filter tip with longitudinal grooves from the mouth end to the tobacco end in con- junction with perforated tipping paper.",
            "J. E. Mann, Jr.",
            "D. E. Cawthon",
            "Approved by:",
            "R. S. Sprinkle, III",
            "BMC/RMI/EPB JEM/DEC PRC/DRB"
        ]
    },
    {
        "text": "To develop cigarette Cigarette to utilize a filter tip with longitudinal grooves from the mouth end to the tobacco end in con- junction with perforated tipping paper.",
        "box": [
            249,
            444,
            643,
            577
        ],
        "linking": [
            [
                0,
                19
            ]
        ],
        "label": "answer",
        "words": [
            {
                "text": "To",
                "box": [
                    249,
                    445,
                    271,
                    460
                ]
            },
            {
                "text": "develop",
                "box": [
                    277,
                    444,
                    335,
                    461
                ]
            },
            {
                "text": "cigarette",
                "box": [
                    502,
                    445,
                    583,
                    462
                ]
            },
            {
                "text": "Cigarette",
                "box": [
                    493,
                    472,
                    571,
                    494
                ]
            },
            {
                "text": "to",
                "box": [
                    578,
                    473,
                    601,
                    490
                ]
            },
            {
                "text": "utilize",
                "box": [
                    249,
                    502,
                    312,
                    519
                ]
            },
            {
                "text": "a",
                "box": [
                    317,
                    502,
                    330,
                    514
                ]
            },
            {
                "text": "filter",
                "box": [
                    336,
                    500,
                    387,
                    518
                ]
            },
            {
                "text": "tip",
                "box": [
                    394,
                    502,
                    421,
                    517
                ]
            },
            {
                "text": "with",
                "box": [
                    425,
                    503,
                    465,
                    518
                ]
            },
            {
                "text": "longitudinal",
                "box": [
                    470,
                    500,
                    573,
                    522
                ]
            },
            {
                "text": "grooves",
                "box": [
                    580,
                    503,
                    643,
                    523
                ]
            },
            {
                "text": "from",
                "box": [
                    252,
                    530,
                    289,
                    547
                ]
            },
            {
                "text": "the",
                "box": [
                    292,
                    528,
                    322,
                    545
                ]
            },
            {
                "text": "mouth",
                "box": [
                    326,
                    532,
                    371,
                    547
                ]
            },
            {
                "text": "end",
                "box": [
                    379,
                    532,
                    404,
                    547
                ]
            },
            {
                "text": "to",
                "box": [
                    409,
                    532,
                    432,
                    545
                ]
            },
            {
                "text": "the",
                "box": [
                    434,
                    530,
                    464,
                    545
                ]
            },
            {
                "text": "tobacco",
                "box": [
                    470,
                    528,
                    530,
                    546
                ]
            },
            {
                "text": "end",
                "box": [
                    537,
                    528,
                    565,
                    546
                ]
            },
            {
                "text": "in",
                "box": [
                    570,
                    530,
                    593,
                    545
                ]
            },
            {
                "text": "con-",
                "box": [
                    595,
                    530,
                    630,
                    547
                ]
            },
            {
                "text": "junction",
                "box": [
                    249,
                    560,
                    325,
                    577
                ]
            },
            {
                "text": "with",
                "box": [
                    322,
                    555,
                    360,
                    575
                ]
            },
            {
                "text": "perforated",
                "box": [
                    364,
                    556,
                    457,
                    573
                ]
            },
            {
                "text": "tipping",
                "box": [
                    458,
                    556,
                    524,
                    573
                ]
            },
            {
                "text": "paper.",
                "box": [
                    527,
                    556,
                    580,
                    574
                ]
            }
        ],
        "id": 19,
        "neighbours": [
            "PROJECT",
            "OBJECTIVE:",
            "DATE:",
            "BTF",
            "-",
            "CONFIDENTIAL",
            "PROJECT INITIATION FORM",
            "September 16, 1980",
            "WORK REQUESTED BY:",
            "E. P. Barbee",
            "R. S. Sprinkle, III",
            "J. E. Mann, Jr.",
            "D. E. Cawthon",
            "Approved by:",
            "R. S. Sprinkle, III",
            "BMC/RMI/EPB JEM/DEC PRC/DRB"
        ]
    },
    {
        "text": "OTHER PERSONNEL ASSIGNED:",
        "box": [
            55,
            606,
            188,
            636
        ],
        "linking": [
            [
                20,
                21
            ],
            [
                20,
                22
            ]
        ],
        "label": "question",
        "words": [
            {
                "text": "OTHER",
                "box": [
                    55,
                    606,
                    105,
                    623
                ]
            },
            {
                "text": "PERSONNEL",
                "box": [
                    110,
                    610,
                    188,
                    625
                ]
            },
            {
                "text": "ASSIGNED:",
                "box": [
                    58,
                    621,
                    136,
                    636
                ]
            }
        ],
        "id": 20,
        "neighbours": [
            "PROJECT",
            "OBJECTIVE:",
            "To:",
            "Files",
            "EPB:",
            "cc:",
            "ODL",
            "PROJECT CODE:",
            "PROJECT NAME:",
            "PROJECT LEADER:",
            "WORK REQUESTED BY:",
            "J. E. Mann, Jr.",
            "D. E. Cawthon",
            "BMC/RMI/EPB JEM/DEC PRC/DRB"
        ]
    },
    {
        "text": "J. E. Mann, Jr.",
        "box": [
            251,
            613,
            377,
            635
        ],
        "linking": [
            [
                20,
                21
            ]
        ],
        "label": "answer",
        "words": [
            {
                "text": "J.",
                "box": [
                    251,
                    613,
                    266,
                    635
                ]
            },
            {
                "text": "E.",
                "box": [
                    274,
                    613,
                    292,
                    635
                ]
            },
            {
                "text": "Mann,",
                "box": [
                    299,
                    615,
                    344,
                    633
                ]
            },
            {
                "text": "Jr.",
                "box": [
                    350,
                    615,
                    377,
                    633
                ]
            }
        ],
        "id": 21,
        "neighbours": [
            "OBJECTIVE:",
            "BTF",
            "-",
            "PROJECT INITIATION FORM",
            "WORK REQUESTED BY:",
            "E. P. Barbee",
            "R. S. Sprinkle, III",
            "To develop cigarette Cigarette to utilize a filter tip with longitudinal grooves from the mouth end to the tobacco end in con- junction with perforated tipping paper.",
            "OTHER PERSONNEL ASSIGNED:",
            "D. E. Cawthon",
            "Approved by:",
            "R. S. Sprinkle, III"
        ]
    },
    {
        "text": "D. E. Cawthon",
        "box": [
            249,
            643,
            365,
            663
        ],
        "linking": [
            [
                20,
                22
            ]
        ],
        "label": "answer",
        "words": [
            {
                "text": "D.",
                "box": [
                    249,
                    645,
                    264,
                    662
                ]
            },
            {
                "text": "E.",
                "box": [
                    276,
                    643,
                    293,
                    663
                ]
            },
            {
                "text": "Cawthon",
                "box": [
                    299,
                    645,
                    365,
                    663
                ]
            }
        ],
        "id": 22,
        "neighbours": [
            "OBJECTIVE:",
            "BTF",
            "-",
            "PROJECT INITIATION FORM",
            "WORK REQUESTED BY:",
            "E. P. Barbee",
            "R. S. Sprinkle, III",
            "To develop cigarette Cigarette to utilize a filter tip with longitudinal grooves from the mouth end to the tobacco end in con- junction with perforated tipping paper.",
            "OTHER PERSONNEL ASSIGNED:",
            "J. E. Mann, Jr.",
            "Approved by:",
            "R. S. Sprinkle, III",
            "BMC/RMI/EPB JEM/DEC PRC/DRB"
        ]
    },
    {
        "text": "Approved by:",
        "box": [
            402,
            757,
            510,
            776
        ],
        "linking": [
            [
                23,
                24
            ]
        ],
        "label": "question",
        "words": [
            {
                "text": "Approved",
                "box": [
                    402,
                    757,
                    472,
                    774
                ]
            },
            {
                "text": "by:",
                "box": [
                    482,
                    759,
                    510,
                    776
                ]
            }
        ],
        "id": 23,
        "neighbours": [
            "DATE:",
            "CONFIDENTIAL",
            "PROJECT INITIATION FORM",
            "September 16, 1980",
            "E. P. Barbee",
            "R. S. Sprinkle, III",
            "J. E. Mann, Jr.",
            "D. E. Cawthon",
            "R. S. Sprinkle, III"
        ]
    },
    {
        "text": "R. S. Sprinkle, III",
        "box": [
            405,
            771,
            638,
            844
        ],
        "linking": [
            [
                23,
                24
            ]
        ],
        "label": "answer",
        "words": [
            {
                "text": "",
                "box": [
                    405,
                    771,
                    638,
                    826
                ]
            },
            {
                "text": "R.",
                "box": [
                    409,
                    831,
                    427,
                    843
                ]
            },
            {
                "text": "S.",
                "box": [
                    434,
                    829,
                    454,
                    844
                ]
            },
            {
                "text": "Sprinkle,",
                "box": [
                    460,
                    827,
                    540,
                    844
                ]
            },
            {
                "text": "III",
                "box": [
                    547,
                    827,
                    572,
                    844
                ]
            }
        ],
        "id": 24,
        "neighbours": [
            "DATE:",
            "CONFIDENTIAL",
            "EPB:",
            "cc:",
            "ODL",
            "PROJECT INITIATION FORM",
            "September 16, 1980",
            "E. P. Barbee",
            "R. S. Sprinkle, III",
            "To develop cigarette Cigarette to utilize a filter tip with longitudinal grooves from the mouth end to the tobacco end in con- junction with perforated tipping paper.",
            "J. E. Mann, Jr.",
            "D. E. Cawthon",
            "Approved by:",
            "BMC/RMI/EPB JEM/DEC PRC/DRB"
        ]
    },
    {
        "text": "BMC/RMI/EPB JEM/DEC PRC/DRB",
        "box": [
            98,
            855,
            196,
            902
        ],
        "linking": [
            [
                9,
                25
            ]
        ],
        "label": "answer",
        "words": [
            {
                "text": "BMC/RMI/EPB",
                "box": [
                    100,
                    855,
                    196,
                    872
                ]
            },
            {
                "text": "JEM/DEC",
                "box": [
                    100,
                    875,
                    161,
                    885
                ]
            },
            {
                "text": "PRC/DRB",
                "box": [
                    98,
                    887,
                    164,
                    902
                ]
            }
        ],
        "id": 25,
        "neighbours": [
            "PROJECT",
            "OBJECTIVE:",
            "BTF",
            "-",
            "To:",
            "Files",
            "EPB:",
            "cc:",
            "ODL",
            "PROJECT CODE:",
            "PROJECT NAME:",
            "PROJECT LEADER:",
            "WORK REQUESTED BY:",
            "E. P. Barbee",
            "R. S. Sprinkle, III",
            "To develop cigarette Cigarette to utilize a filter tip with longitudinal grooves from the mouth end to the tobacco end in con- junction with perforated tipping paper.",
            "OTHER PERSONNEL ASSIGNED:",
            "D. E. Cawthon",
            "R. S. Sprinkle, III"
        ]
    }
]