[
    {
        "box": [
            534,
            155,
            569,
            169
        ],
        "text": "Date",
        "label": "question",
        "words": [
            {
                "box": [
                    534,
                    155,
                    569,
                    169
                ],
                "text": "Date"
            }
        ],
        "linking": [
            [
                0,
                1
            ]
        ],
        "id": 0,
        "neighbours": [
            "5-13-81",
            "Date",
            "5-13-81",
            "Method",
            "decreased",
            "00851879",
            "Verbal Phone",
            "(Means of communication)",
            "not affected",
            "19 MAY 26 1981",
            "ADDENDUM I DAWSON RESEARCH CORPORATION Protocol Change Order No. 1",
            "Protocol LRC-5A",
            "Change in the time of the Pre- dose Biomicroscopic Examination",
            "Study Director Signature"
        ]
    },
    {
        "box": [
            571,
            152,
            630,
            165
        ],
        "text": "5-13-81",
        "label": "answer",
        "words": [
            {
                "box": [
                    571,
                    152,
                    630,
                    165
                ],
                "text": "5-13-81"
            }
        ],
        "linking": [
            [
                0,
                1
            ]
        ],
        "id": 1,
        "neighbours": [
            "Date",
            "5-13-81",
            "Method",
            "decreased",
            "00851879",
            "Verbal Phone",
            "(Means of communication)",
            "not affected",
            "The change was made so the protocol more closely conforms with the proposed regulations as stated in the Federal Register, Vol. 44, No. 145, 772.112-24 Primary Eye Irritation Study.",
            "Twenty- four to 30 hours prior to dosing, both eyes of each rabbit will be examined by an experienced investigator using a slit lamp biomicroscope.",
            "Section III A. 2nd paragraph- the first sentence is to be changed to read as follows:",
            "19 MAY 26 1981",
            "ADDENDUM I DAWSON RESEARCH CORPORATION Protocol Change Order No. 1",
            "Protocol LRC-5A",
            "Change in the time of the Pre- dose Biomicroscopic Examination"
        ]
    },
    {
        "box": [
            103,
            201,
            159,
            219
        ],
        "text": "Subject",
        "label": "question",
        "words": [
            {
                "box": [
                    103,
                    201,
                    159,
                    219
                ],
                "text": "Subject"
            }
        ],
        "linking": [
            [
                2,
                21
            ]
        ],
        "id": 2,
        "neighbours": [
            "Estimated cost of the study will be:",
            "Description of change order:",
            "The change was made so the protocol more closely conforms with the proposed regulations as stated in the Federal Register, Vol. 44, No. 145, 772.112-24 Primary Eye Irritation Study.",
            "Twenty- four to 30 hours prior to dosing, both eyes of each rabbit will be examined by an experienced investigator using a slit lamp biomicroscope.",
            "Section III A. 2nd paragraph- the first sentence is to be changed to read as follows:",
            "ADDENDUM I DAWSON RESEARCH CORPORATION Protocol Change Order No. 1",
            "Protocol LRC-5A",
            "Change in the time of the Pre- dose Biomicroscopic Examination",
            "Authorized by",
            "Dr. Connie Stone",
            "Authorized to",
            "Mr. Charles Burns",
            "Sponsor Signature"
        ]
    },
    {
        "box": [
            409,
            279,
            448,
            296
        ],
        "text": "Date",
        "label": "question",
        "words": [
            {
                "box": [
                    409,
                    279,
                    448,
                    296
                ],
                "text": "Date"
            }
        ],
        "linking": [
            [
                3,
                4
            ]
        ],
        "id": 3,
        "neighbours": [
            "Date",
            "5-13-81",
            "Method",
            "increased",
            "decreased",
            "Verbal Phone",
            "(Means of communication)",
            "Estimated cost of the study will be:",
            "Description of change order:",
            "ADDENDUM I DAWSON RESEARCH CORPORATION Protocol Change Order No. 1",
            "Authorized by",
            "Dr. Connie Stone",
            "Mr. Charles Burns",
            "Sponsor Signature",
            "Study Director Signature"
        ]
    },
    {
        "box": [
            454,
            275,
            515,
            295
        ],
        "text": "5-13-81",
        "label": "answer",
        "words": [
            {
                "box": [
                    454,
                    275,
                    515,
                    295
                ],
                "text": "5-13-81"
            }
        ],
        "linking": [
            [
                3,
                4
            ]
        ],
        "id": 4,
        "neighbours": [
            "Date",
            "5-13-81",
            "Date",
            "Method",
            "increased",
            "decreased",
            "Verbal Phone",
            "(Means of communication)",
            "Estimated cost of the study will be:",
            "19 MAY 26 1981",
            "ADDENDUM I DAWSON RESEARCH CORPORATION Protocol Change Order No. 1",
            "Authorized by",
            "Dr. Connie Stone",
            "Mr. Charles Burns",
            "Sponsor Signature",
            "Study Director Signature"
        ]
    },
    {
        "box": [
            532,
            282,
            586,
            296
        ],
        "text": "Method",
        "label": "question",
        "words": [
            {
                "box": [
                    532,
                    282,
                    586,
                    296
                ],
                "text": "Method"
            }
        ],
        "linking": [
            [
                5,
                10
            ],
            [
                5,
                11
            ]
        ],
        "id": 5,
        "neighbours": [
            "Date",
            "5-13-81",
            "Date",
            "5-13-81",
            "decreased",
            "00851879",
            "Verbal Phone",
            "(Means of communication)",
            "not affected",
            "19 MAY 26 1981",
            "ADDENDUM I DAWSON RESEARCH CORPORATION Protocol Change Order No. 1",
            "Change in the time of the Pre- dose Biomicroscopic Examination",
            "Authorized by",
            "Dr. Connie Stone",
            "Study Director Signature"
        ]
    },
    {
        "box": [
            279,
            392,
            292,
            407
        ],
        "text": "\u2611",
        "label": "answer",
        "words": [
            {
                "box": [
                    279,
                    392,
                    292,
                    407
                ],
                "text": "\u2611"
            }
        ],
        "linking": [
            [
                7,
                6
            ]
        ],
        "id": 6,
        "neighbours": [
            "increased",
            "decreased",
            "Estimated cost of the study will be:",
            "not affected",
            "Description of change order:",
            "ADDENDUM I DAWSON RESEARCH CORPORATION Protocol Change Order No. 1",
            "Protocol LRC-5A",
            "Authorized by",
            "Dr. Connie Stone",
            "Authorized to",
            "Mr. Charles Burns"
        ]
    },
    {
        "box": [
            317,
            394,
            397,
            408
        ],
        "text": "increased",
        "label": "question",
        "words": [
            {
                "box": [
                    317,
                    394,
                    397,
                    408
                ],
                "text": "increased"
            }
        ],
        "linking": [
            [
                12,
                7
            ],
            [
                7,
                6
            ]
        ],
        "id": 7,
        "neighbours": [
            "Date",
            "5-13-81",
            "\u2611",
            "decreased",
            "Estimated cost of the study will be:",
            "not affected",
            "Description of change order:",
            "ADDENDUM I DAWSON RESEARCH CORPORATION Protocol Change Order No. 1",
            "Protocol LRC-5A",
            "Dr. Connie Stone",
            "Mr. Charles Burns",
            "Sponsor Signature",
            "Study Director Signature"
        ]
    },
    {
        "box": [
            487,
            392,
            564,
            407
        ],
        "text": "decreased",
        "label": "question",
        "words": [
            {
                "box": [
                    487,
                    392,
                    564,
                    407
                ],
                "text": "decreased"
            }
        ],
        "linking": [
            [
                12,
                8
            ]
        ],
        "id": 8,
        "neighbours": [
            "Date",
            "5-13-81",
            "Date",
            "5-13-81",
            "Method",
            "\u2611",
            "increased",
            "00851879",
            "Verbal Phone",
            "(Means of communication)",
            "Estimated cost of the study will be:",
            "not affected",
            "Description of change order:",
            "19 MAY 26 1981",
            "ADDENDUM I DAWSON RESEARCH CORPORATION Protocol Change Order No. 1",
            "Change in the time of the Pre- dose Biomicroscopic Examination",
            "Sponsor Signature",
            "Study Director Signature"
        ]
    },
    {
        "box": [
            622,
            693,
            639,
            788
        ],
        "text": "00851879",
        "label": "other",
        "words": [
            {
                "box": [
                    622,
                    693,
                    639,
                    788
                ],
                "text": "00851879"
            }
        ],
        "linking": [],
        "id": 9,
        "neighbours": [
            "Date",
            "5-13-81",
            "Method",
            "decreased",
            "Verbal Phone",
            "(Means of communication)",
            "not affected",
            "The change was made so the protocol more closely conforms with the proposed regulations as stated in the Federal Register, Vol. 44, No. 145, 772.112-24 Primary Eye Irritation Study.",
            "Twenty- four to 30 hours prior to dosing, both eyes of each rabbit will be examined by an experienced investigator using a slit lamp biomicroscope.",
            "Section III A. 2nd paragraph- the first sentence is to be changed to read as follows:",
            "19 MAY 26 1981",
            "Change in the time of the Pre- dose Biomicroscopic Examination"
        ]
    },
    {
        "text": "Verbal Phone",
        "box": [
            587,
            278,
            691,
            296
        ],
        "linking": [
            [
                5,
                10
            ]
        ],
        "label": "answer",
        "words": [
            {
                "text": "Verbal",
                "box": [
                    587,
                    278,
                    644,
                    293
                ]
            },
            {
                "text": "Phone",
                "box": [
                    645,
                    278,
                    691,
                    296
                ]
            }
        ],
        "id": 10,
        "neighbours": [
            "Date",
            "5-13-81",
            "Date",
            "5-13-81",
            "Method",
            "decreased",
            "00851879",
            "(Means of communication)",
            "not affected",
            "The change was made so the protocol more closely conforms with the proposed regulations as stated in the Federal Register, Vol. 44, No. 145, 772.112-24 Primary Eye Irritation Study.",
            "Twenty- four to 30 hours prior to dosing, both eyes of each rabbit will be examined by an experienced investigator using a slit lamp biomicroscope.",
            "Section III A. 2nd paragraph- the first sentence is to be changed to read as follows:",
            "19 MAY 26 1981",
            "Change in the time of the Pre- dose Biomicroscopic Examination",
            "Authorized by",
            "Dr. Connie Stone",
            "Study Director Signature"
        ]
    },
    {
        "text": "(Means of communication)",
        "box": [
            536,
            297,
            732,
            313
        ],
        "linking": [
            [
                5,
                11
            ]
        ],
        "label": "answer",
        "words": [
            {
                "text": "(Means",
                "box": [
                    536,
                    299,
                    588,
                    313
                ]
            },
            {
                "text": "of",
                "box": [
                    591,
                    297,
                    611,
                    312
                ]
            },
            {
                "text": "communication)",
                "box": [
                    615,
                    299,
                    732,
                    312
                ]
            }
        ],
        "id": 11,
        "neighbours": [
            "Date",
            "5-13-81",
            "Date",
            "5-13-81",
            "Method",
            "decreased",
            "00851879",
            "Verbal Phone",
            "not affected",
            "The change was made so the protocol more closely conforms with the proposed regulations as stated in the Federal Register, Vol. 44, No. 145, 772.112-24 Primary Eye Irritation Study.",
            "Twenty- four to 30 hours prior to dosing, both eyes of each rabbit will be examined by an experienced investigator using a slit lamp biomicroscope.",
            "Section III A. 2nd paragraph- the first sentence is to be changed to read as follows:",
            "19 MAY 26 1981",
            "ADDENDUM I DAWSON RESEARCH CORPORATION Protocol Change Order No. 1",
            "Change in the time of the Pre- dose Biomicroscopic Examination",
            "Authorized by",
            "Dr. Connie Stone",
            "Mr. Charles Burns",
            "Study Director Signature"
        ]
    },
    {
        "text": "Estimated cost of the study will be:",
        "box": [
            102,
            358,
            400,
            377
        ],
        "linking": [
            [
                12,
                7
            ],
            [
                12,
                8
            ],
            [
                12,
                13
            ]
        ],
        "label": "header",
        "words": [
            {
                "text": "Estimated",
                "box": [
                    102,
                    360,
                    177,
                    375
                ]
            },
            {
                "text": "cost",
                "box": [
                    186,
                    362,
                    222,
                    376
                ]
            },
            {
                "text": "of",
                "box": [
                    226,
                    358,
                    244,
                    376
                ]
            },
            {
                "text": "the",
                "box": [
                    251,
                    360,
                    275,
                    373
                ]
            },
            {
                "text": "study",
                "box": [
                    284,
                    358,
                    325,
                    376
                ]
            },
            {
                "text": "will",
                "box": [
                    330,
                    360,
                    364,
                    375
                ]
            },
            {
                "text": "be:",
                "box": [
                    373,
                    359,
                    400,
                    377
                ]
            }
        ],
        "id": 12,
        "neighbours": [
            "Subject",
            "Date",
            "5-13-81",
            "\u2611",
            "increased",
            "decreased",
            "not affected",
            "Description of change order:",
            "The change was made so the protocol more closely conforms with the proposed regulations as stated in the Federal Register, Vol. 44, No. 145, 772.112-24 Primary Eye Irritation Study.",
            "Twenty- four to 30 hours prior to dosing, both eyes of each rabbit will be examined by an experienced investigator using a slit lamp biomicroscope.",
            "Section III A. 2nd paragraph- the first sentence is to be changed to read as follows:",
            "ADDENDUM I DAWSON RESEARCH CORPORATION Protocol Change Order No. 1",
            "Protocol LRC-5A",
            "Change in the time of the Pre- dose Biomicroscopic Examination",
            "Authorized by",
            "Dr. Connie Stone",
            "Authorized to",
            "Mr. Charles Burns",
            "Sponsor Signature",
            "Study Director Signature"
        ]
    },
    {
        "text": "not affected",
        "box": [
            633,
            392,
            736,
            407
        ],
        "linking": [
            [
                12,
                13
            ]
        ],
        "label": "question",
        "words": [
            {
                "text": "not",
                "box": [
                    633,
                    392,
                    657,
                    407
                ]
            },
            {
                "text": "affected",
                "box": [
                    666,
                    392,
                    736,
                    406
                ]
            }
        ],
        "id": 13,
        "neighbours": [
            "Date",
            "5-13-81",
            "Method",
            "\u2611",
            "increased",
            "decreased",
            "00851879",
            "Verbal Phone",
            "(Means of communication)",
            "Estimated cost of the study will be:",
            "Description of change order:",
            "The change was made so the protocol more closely conforms with the proposed regulations as stated in the Federal Register, Vol. 44, No. 145, 772.112-24 Primary Eye Irritation Study.",
            "Twenty- four to 30 hours prior to dosing, both eyes of each rabbit will be examined by an experienced investigator using a slit lamp biomicroscope.",
            "Section III A. 2nd paragraph- the first sentence is to be changed to read as follows:",
            "19 MAY 26 1981",
            "Change in the time of the Pre- dose Biomicroscopic Examination",
            "Study Director Signature"
        ]
    },
    {
        "text": "Description of change order:",
        "box": [
            103,
            422,
            334,
            441
        ],
        "linking": [],
        "label": "question",
        "words": [
            {
                "text": "Description",
                "box": [
                    103,
                    426,
                    192,
                    440
                ]
            },
            {
                "text": "of",
                "box": [
                    203,
                    422,
                    220,
                    439
                ]
            },
            {
                "text": "change",
                "box": [
                    228,
                    422,
                    278,
                    440
                ]
            },
            {
                "text": "order:",
                "box": [
                    285,
                    426,
                    334,
                    441
                ]
            }
        ],
        "id": 14,
        "neighbours": [
            "Subject",
            "Date",
            "\u2611",
            "increased",
            "decreased",
            "Estimated cost of the study will be:",
            "not affected",
            "The change was made so the protocol more closely conforms with the proposed regulations as stated in the Federal Register, Vol. 44, No. 145, 772.112-24 Primary Eye Irritation Study.",
            "Twenty- four to 30 hours prior to dosing, both eyes of each rabbit will be examined by an experienced investigator using a slit lamp biomicroscope.",
            "Section III A. 2nd paragraph- the first sentence is to be changed to read as follows:",
            "ADDENDUM I DAWSON RESEARCH CORPORATION Protocol Change Order No. 1",
            "Protocol LRC-5A",
            "Change in the time of the Pre- dose Biomicroscopic Examination",
            "Authorized by",
            "Dr. Connie Stone",
            "Authorized to",
            "Mr. Charles Burns",
            "Sponsor Signature"
        ]
    },
    {
        "text": "The change was made so the protocol more closely conforms with the proposed regulations as stated in the Federal Register, Vol. 44, No. 145, 772.112-24 Primary Eye Irritation Study.",
        "box": [
            108,
            566,
            705,
            615
        ],
        "linking": [],
        "label": "other",
        "words": [
            {
                "text": "The",
                "box": [
                    108,
                    570,
                    133,
                    583
                ]
            },
            {
                "text": "change",
                "box": [
                    138,
                    571,
                    184,
                    586
                ]
            },
            {
                "text": "was",
                "box": [
                    190,
                    571,
                    221,
                    582
                ]
            },
            {
                "text": "made",
                "box": [
                    225,
                    570,
                    259,
                    585
                ]
            },
            {
                "text": "so",
                "box": [
                    263,
                    571,
                    281,
                    584
                ]
            },
            {
                "text": "the",
                "box": [
                    289,
                    570,
                    314,
                    583
                ]
            },
            {
                "text": "protocol",
                "box": [
                    323,
                    570,
                    384,
                    583
                ]
            },
            {
                "text": "more",
                "box": [
                    391,
                    571,
                    426,
                    585
                ]
            },
            {
                "text": "closely",
                "box": [
                    434,
                    566,
                    488,
                    584
                ]
            },
            {
                "text": "conforms",
                "box": [
                    496,
                    566,
                    564,
                    584
                ]
            },
            {
                "text": "with",
                "box": [
                    567,
                    566,
                    602,
                    581
                ]
            },
            {
                "text": "the",
                "box": [
                    609,
                    567,
                    631,
                    581
                ]
            },
            {
                "text": "proposed",
                "box": [
                    638,
                    568,
                    705,
                    581
                ]
            },
            {
                "text": "regulations",
                "box": [
                    108,
                    588,
                    197,
                    599
                ]
            },
            {
                "text": "as",
                "box": [
                    203,
                    588,
                    220,
                    599
                ]
            },
            {
                "text": "stated",
                "box": [
                    226,
                    588,
                    279,
                    601
                ]
            },
            {
                "text": "in",
                "box": [
                    282,
                    584,
                    300,
                    598
                ]
            },
            {
                "text": "the",
                "box": [
                    304,
                    584,
                    331,
                    599
                ]
            },
            {
                "text": "Federal",
                "box": [
                    338,
                    587,
                    397,
                    597
                ]
            },
            {
                "text": "Register,",
                "box": [
                    402,
                    587,
                    470,
                    601
                ]
            },
            {
                "text": "Vol.",
                "box": [
                    479,
                    584,
                    510,
                    598
                ]
            },
            {
                "text": "44,",
                "box": [
                    522,
                    585,
                    544,
                    599
                ]
            },
            {
                "text": "No.",
                "box": [
                    546,
                    584,
                    575,
                    597
                ]
            },
            {
                "text": "145,",
                "box": [
                    578,
                    582,
                    614,
                    599
                ]
            },
            {
                "text": "772.112-24",
                "box": [
                    112,
                    601,
                    190,
                    615
                ]
            },
            {
                "text": "Primary",
                "box": [
                    191,
                    602,
                    252,
                    615
                ]
            },
            {
                "text": "Eye",
                "box": [
                    257,
                    603,
                    286,
                    614
                ]
            },
            {
                "text": "Irritation",
                "box": [
                    288,
                    601,
                    370,
                    615
                ]
            },
            {
                "text": "Study.",
                "box": [
                    374,
                    599,
                    424,
                    613
                ]
            }
        ],
        "id": 15,
        "neighbours": [
            "Date",
            "5-13-81",
            "Subject",
            "Date",
            "5-13-81",
            "Method",
            "\u2611",
            "increased",
            "decreased",
            "00851879",
            "Verbal Phone",
            "(Means of communication)",
            "Estimated cost of the study will be:",
            "not affected",
            "Description of change order:",
            "Twenty- four to 30 hours prior to dosing, both eyes of each rabbit will be examined by an experienced investigator using a slit lamp biomicroscope.",
            "Section III A. 2nd paragraph- the first sentence is to be changed to read as follows:",
            "19 MAY 26 1981",
            "ADDENDUM I DAWSON RESEARCH CORPORATION Protocol Change Order No. 1",
            "Protocol LRC-5A",
            "Change in the time of the Pre- dose Biomicroscopic Examination",
            "Authorized by",
            "Dr. Connie Stone",
            "Authorized to",
            "Mr. Charles Burns",
            "Sponsor Signature",
            "Study Director Signature"
        ]
    },
    {
        "text": "Twenty- four to 30 hours prior to dosing, both eyes of each rabbit will be examined by an experienced investigator using a slit lamp biomicroscope.",
        "box": [
            144,
            503,
            705,
            554
        ],
        "linking": [],
        "label": "other",
        "words": [
            {
                "text": "Twenty-",
                "box": [
                    144,
                    510,
                    203,
                    524
                ]
            },
            {
                "text": "four",
                "box": [
                    204,
                    507,
                    236,
                    521
                ]
            },
            {
                "text": "to",
                "box": [
                    242,
                    507,
                    260,
                    522
                ]
            },
            {
                "text": "30",
                "box": [
                    268,
                    507,
                    283,
                    521
                ]
            },
            {
                "text": "hours",
                "box": [
                    288,
                    508,
                    333,
                    521
                ]
            },
            {
                "text": "prior",
                "box": [
                    338,
                    510,
                    380,
                    524
                ]
            },
            {
                "text": "to",
                "box": [
                    383,
                    507,
                    403,
                    521
                ]
            },
            {
                "text": "dosing,",
                "box": [
                    409,
                    507,
                    463,
                    524
                ]
            },
            {
                "text": "both",
                "box": [
                    468,
                    504,
                    507,
                    524
                ]
            },
            {
                "text": "eyes",
                "box": [
                    511,
                    508,
                    545,
                    521
                ]
            },
            {
                "text": "of",
                "box": [
                    550,
                    506,
                    568,
                    521
                ]
            },
            {
                "text": "each",
                "box": [
                    573,
                    504,
                    609,
                    519
                ]
            },
            {
                "text": "rabbit",
                "box": [
                    612,
                    503,
                    665,
                    523
                ]
            },
            {
                "text": "will",
                "box": [
                    670,
                    504,
                    705,
                    517
                ]
            },
            {
                "text": "be",
                "box": [
                    145,
                    525,
                    163,
                    538
                ]
            },
            {
                "text": "examined",
                "box": [
                    169,
                    527,
                    237,
                    537
                ]
            },
            {
                "text": "by",
                "box": [
                    240,
                    525,
                    262,
                    538
                ]
            },
            {
                "text": "an",
                "box": [
                    267,
                    525,
                    284,
                    536
                ]
            },
            {
                "text": "experienced",
                "box": [
                    289,
                    525,
                    381,
                    538
                ]
            },
            {
                "text": "investigator",
                "box": [
                    384,
                    524,
                    480,
                    535
                ]
            },
            {
                "text": "using",
                "box": [
                    487,
                    525,
                    529,
                    536
                ]
            },
            {
                "text": "a",
                "box": [
                    535,
                    525,
                    545,
                    536
                ]
            },
            {
                "text": "slit",
                "box": [
                    549,
                    522,
                    584,
                    537
                ]
            },
            {
                "text": "lamp",
                "box": [
                    589,
                    525,
                    625,
                    539
                ]
            },
            {
                "text": "biomicroscope.",
                "box": [
                    145,
                    541,
                    258,
                    554
                ]
            }
        ],
        "id": 16,
        "neighbours": [
            "Date",
            "5-13-81",
            "Subject",
            "Date",
            "5-13-81",
            "Method",
            "\u2611",
            "increased",
            "decreased",
            "00851879",
            "Verbal Phone",
            "(Means of communication)",
            "Estimated cost of the study will be:",
            "not affected",
            "Description of change order:",
            "The change was made so the protocol more closely conforms with the proposed regulations as stated in the Federal Register, Vol. 44, No. 145, 772.112-24 Primary Eye Irritation Study.",
            "Section III A. 2nd paragraph- the first sentence is to be changed to read as follows:",
            "19 MAY 26 1981",
            "ADDENDUM I DAWSON RESEARCH CORPORATION Protocol Change Order No. 1",
            "Protocol LRC-5A",
            "Change in the time of the Pre- dose Biomicroscopic Examination",
            "Authorized by",
            "Dr. Connie Stone",
            "Authorized to",
            "Mr. Charles Burns",
            "Sponsor Signature",
            "Study Director Signature"
        ]
    },
    {
        "text": "Section III A. 2nd paragraph- the first sentence is to be changed to read as follows:",
        "box": [
            102,
            450,
            705,
            493
        ],
        "linking": [],
        "label": "question",
        "words": [
            {
                "text": "Section",
                "box": [
                    108,
                    462,
                    165,
                    477
                ]
            },
            {
                "text": "III",
                "box": [
                    168,
                    461,
                    197,
                    476
                ]
            },
            {
                "text": "A.",
                "box": [
                    205,
                    459,
                    220,
                    476
                ]
            },
            {
                "text": "2nd",
                "box": [
                    228,
                    450,
                    262,
                    478
                ]
            },
            {
                "text": "paragraph-",
                "box": [
                    267,
                    458,
                    356,
                    475
                ]
            },
            {
                "text": "the",
                "box": [
                    359,
                    457,
                    381,
                    475
                ]
            },
            {
                "text": "first",
                "box": [
                    391,
                    461,
                    434,
                    474
                ]
            },
            {
                "text": "sentence",
                "box": [
                    440,
                    464,
                    504,
                    475
                ]
            },
            {
                "text": "is",
                "box": [
                    511,
                    455,
                    528,
                    472
                ]
            },
            {
                "text": "to",
                "box": [
                    535,
                    461,
                    548,
                    474
                ]
            },
            {
                "text": "be",
                "box": [
                    556,
                    459,
                    576,
                    472
                ]
            },
            {
                "text": "changed",
                "box": [
                    581,
                    455,
                    645,
                    475
                ]
            },
            {
                "text": "to",
                "box": [
                    647,
                    458,
                    662,
                    472
                ]
            },
            {
                "text": "read",
                "box": [
                    666,
                    457,
                    705,
                    470
                ]
            },
            {
                "text": "as",
                "box": [
                    102,
                    479,
                    127,
                    490
                ]
            },
            {
                "text": "follows:",
                "box": [
                    128,
                    476,
                    195,
                    493
                ]
            }
        ],
        "id": 17,
        "neighbours": [
            "Date",
            "5-13-81",
            "Subject",
            "Date",
            "5-13-81",
            "Method",
            "\u2611",
            "increased",
            "decreased",
            "00851879",
            "Verbal Phone",
            "(Means of communication)",
            "Estimated cost of the study will be:",
            "not affected",
            "Description of change order:",
            "The change was made so the protocol more closely conforms with the proposed regulations as stated in the Federal Register, Vol. 44, No. 145, 772.112-24 Primary Eye Irritation Study.",
            "Twenty- four to 30 hours prior to dosing, both eyes of each rabbit will be examined by an experienced investigator using a slit lamp biomicroscope.",
            "19 MAY 26 1981",
            "ADDENDUM I DAWSON RESEARCH CORPORATION Protocol Change Order No. 1",
            "Protocol LRC-5A",
            "Change in the time of the Pre- dose Biomicroscopic Examination",
            "Authorized by",
            "Dr. Connie Stone",
            "Authorized to",
            "Mr. Charles Burns",
            "Sponsor Signature",
            "Study Director Signature"
        ]
    },
    {
        "text": "19 MAY 26 1981",
        "box": [
            589,
            8,
            745,
            58
        ],
        "linking": [],
        "label": "other",
        "words": [
            {
                "text": "19",
                "box": [
                    725,
                    8,
                    745,
                    28
                ]
            },
            {
                "text": "MAY",
                "box": [
                    589,
                    29,
                    630,
                    56
                ]
            },
            {
                "text": "26",
                "box": [
                    633,
                    34,
                    661,
                    58
                ]
            },
            {
                "text": "1981",
                "box": [
                    665,
                    31,
                    704,
                    53
                ]
            }
        ],
        "id": 18,
        "neighbours": [
            "Date",
            "5-13-81",
            "5-13-81",
            "Method",
            "decreased",
            "00851879",
            "Verbal Phone",
            "(Means of communication)",
            "not affected",
            "The change was made so the protocol more closely conforms with the proposed regulations as stated in the Federal Register, Vol. 44, No. 145, 772.112-24 Primary Eye Irritation Study.",
            "Twenty- four to 30 hours prior to dosing, both eyes of each rabbit will be examined by an experienced investigator using a slit lamp biomicroscope.",
            "Section III A. 2nd paragraph- the first sentence is to be changed to read as follows:",
            "ADDENDUM I DAWSON RESEARCH CORPORATION Protocol Change Order No. 1",
            "Change in the time of the Pre- dose Biomicroscopic Examination",
            "Study Director Signature"
        ]
    },
    {
        "text": "ADDENDUM I DAWSON RESEARCH CORPORATION Protocol Change Order No. 1",
        "box": [
            251,
            45,
            491,
            127
        ],
        "linking": [],
        "label": "header",
        "words": [
            {
                "text": "ADDENDUM",
                "box": [
                    337,
                    47,
                    403,
                    60
                ]
            },
            {
                "text": "I",
                "box": [
                    408,
                    45,
                    418,
                    60
                ]
            },
            {
                "text": "DAWSON",
                "box": [
                    265,
                    89,
                    318,
                    102
                ]
            },
            {
                "text": "RESEARCH",
                "box": [
                    324,
                    92,
                    391,
                    102
                ]
            },
            {
                "text": "CORPORATION",
                "box": [
                    398,
                    88,
                    490,
                    101
                ]
            },
            {
                "text": "Protocol",
                "box": [
                    251,
                    113,
                    317,
                    127
                ]
            },
            {
                "text": "Change",
                "box": [
                    331,
                    112,
                    387,
                    127
                ]
            },
            {
                "text": "Order",
                "box": [
                    391,
                    110,
                    427,
                    127
                ]
            },
            {
                "text": "No.",
                "box": [
                    437,
                    113,
                    461,
                    126
                ]
            },
            {
                "text": "1",
                "box": [
                    478,
                    110,
                    491,
                    124
                ]
            }
        ],
        "id": 19,
        "neighbours": [
            "Date",
            "5-13-81",
            "Subject",
            "Date",
            "5-13-81",
            "Method",
            "\u2611",
            "increased",
            "decreased",
            "(Means of communication)",
            "Estimated cost of the study will be:",
            "Description of change order:",
            "19 MAY 26 1981",
            "Protocol LRC-5A",
            "Change in the time of the Pre- dose Biomicroscopic Examination",
            "Authorized by",
            "Dr. Connie Stone",
            "Authorized to",
            "Mr. Charles Burns",
            "Sponsor Signature",
            "Study Director Signature"
        ]
    },
    {
        "text": "Protocol LRC-5A",
        "box": [
            105,
            162,
            229,
            177
        ],
        "linking": [],
        "label": "other",
        "words": [
            {
                "text": "Protocol",
                "box": [
                    105,
                    162,
                    169,
                    176
                ]
            },
            {
                "text": "LRC-5A",
                "box": [
                    175,
                    162,
                    229,
                    177
                ]
            }
        ],
        "id": 20,
        "neighbours": [
            "Date",
            "5-13-81",
            "Subject",
            "\u2611",
            "increased",
            "Estimated cost of the study will be:",
            "Description of change order:",
            "The change was made so the protocol more closely conforms with the proposed regulations as stated in the Federal Register, Vol. 44, No. 145, 772.112-24 Primary Eye Irritation Study.",
            "Twenty- four to 30 hours prior to dosing, both eyes of each rabbit will be examined by an experienced investigator using a slit lamp biomicroscope.",
            "Section III A. 2nd paragraph- the first sentence is to be changed to read as follows:",
            "ADDENDUM I DAWSON RESEARCH CORPORATION Protocol Change Order No. 1",
            "Change in the time of the Pre- dose Biomicroscopic Examination",
            "Authorized by",
            "Dr. Connie Stone",
            "Authorized to",
            "Mr. Charles Burns",
            "Sponsor Signature"
        ]
    },
    {
        "text": "Change in the time of the Pre- dose Biomicroscopic Examination",
        "box": [
            165,
            190,
            655,
            215
        ],
        "linking": [
            [
                2,
                21
            ]
        ],
        "label": "answer",
        "words": [
            {
                "text": "Change",
                "box": [
                    165,
                    197,
                    214,
                    215
                ]
            },
            {
                "text": "in",
                "box": [
                    221,
                    197,
                    241,
                    211
                ]
            },
            {
                "text": "the",
                "box": [
                    249,
                    194,
                    271,
                    211
                ]
            },
            {
                "text": "time",
                "box": [
                    278,
                    196,
                    312,
                    213
                ]
            },
            {
                "text": "of",
                "box": [
                    320,
                    194,
                    334,
                    211
                ]
            },
            {
                "text": "the",
                "box": [
                    338,
                    190,
                    366,
                    210
                ]
            },
            {
                "text": "Pre-",
                "box": [
                    374,
                    194,
                    405,
                    211
                ]
            },
            {
                "text": "dose",
                "box": [
                    405,
                    194,
                    439,
                    211
                ]
            },
            {
                "text": "Biomicroscopic",
                "box": [
                    444,
                    194,
                    554,
                    209
                ]
            },
            {
                "text": "Examination",
                "box": [
                    559,
                    193,
                    655,
                    211
                ]
            }
        ],
        "id": 21,
        "neighbours": [
            "Date",
            "5-13-81",
            "Subject",
            "Date",
            "5-13-81",
            "Method",
            "\u2611",
            "increased",
            "decreased",
            "00851879",
            "Verbal Phone",
            "(Means of communication)",
            "Estimated cost of the study will be:",
            "not affected",
            "Description of change order:",
            "The change was made so the protocol more closely conforms with the proposed regulations as stated in the Federal Register, Vol. 44, No. 145, 772.112-24 Primary Eye Irritation Study.",
            "Twenty- four to 30 hours prior to dosing, both eyes of each rabbit will be examined by an experienced investigator using a slit lamp biomicroscope.",
            "Section III A. 2nd paragraph- the first sentence is to be changed to read as follows:",
            "19 MAY 26 1981",
            "ADDENDUM I DAWSON RESEARCH CORPORATION Protocol Change Order No. 1",
            "Protocol LRC-5A",
            "Authorized by",
            "Dr. Connie Stone",
            "Authorized to",
            "Mr. Charles Burns",
            "Sponsor Signature",
            "Study Director Signature"
        ]
    },
    {
        "text": "Authorized by",
        "box": [
            105,
            281,
            210,
            296
        ],
        "linking": [
            [
                22,
                23
            ]
        ],
        "label": "question",
        "words": [
            {
                "text": "Authorized",
                "box": [
                    105,
                    285,
                    186,
                    295
                ]
            },
            {
                "text": "by",
                "box": [
                    193,
                    281,
                    210,
                    296
                ]
            }
        ],
        "id": 22,
        "neighbours": [
            "Subject",
            "Date",
            "5-13-81",
            "Method",
            "\u2611",
            "Verbal Phone",
            "(Means of communication)",
            "Estimated cost of the study will be:",
            "Description of change order:",
            "The change was made so the protocol more closely conforms with the proposed regulations as stated in the Federal Register, Vol. 44, No. 145, 772.112-24 Primary Eye Irritation Study.",
            "Twenty- four to 30 hours prior to dosing, both eyes of each rabbit will be examined by an experienced investigator using a slit lamp biomicroscope.",
            "Section III A. 2nd paragraph- the first sentence is to be changed to read as follows:",
            "ADDENDUM I DAWSON RESEARCH CORPORATION Protocol Change Order No. 1",
            "Protocol LRC-5A",
            "Change in the time of the Pre- dose Biomicroscopic Examination",
            "Dr. Connie Stone",
            "Authorized to",
            "Mr. Charles Burns",
            "Sponsor Signature"
        ]
    },
    {
        "text": "Dr. Connie Stone",
        "box": [
            221,
            281,
            352,
            296
        ],
        "linking": [
            [
                22,
                23
            ]
        ],
        "label": "answer",
        "words": [
            {
                "text": "Dr.",
                "box": [
                    221,
                    281,
                    248,
                    296
                ]
            },
            {
                "text": "Connie",
                "box": [
                    253,
                    281,
                    306,
                    296
                ]
            },
            {
                "text": "Stone",
                "box": [
                    310,
                    281,
                    352,
                    295
                ]
            }
        ],
        "id": 23,
        "neighbours": [
            "Subject",
            "Date",
            "5-13-81",
            "Method",
            "\u2611",
            "increased",
            "Verbal Phone",
            "(Means of communication)",
            "Estimated cost of the study will be:",
            "Description of change order:",
            "Twenty- four to 30 hours prior to dosing, both eyes of each rabbit will be examined by an experienced investigator using a slit lamp biomicroscope.",
            "ADDENDUM I DAWSON RESEARCH CORPORATION Protocol Change Order No. 1",
            "Protocol LRC-5A",
            "Change in the time of the Pre- dose Biomicroscopic Examination",
            "Authorized by",
            "Authorized to",
            "Mr. Charles Burns",
            "Sponsor Signature",
            "Study Director Signature"
        ]
    },
    {
        "text": "Authorized to",
        "box": [
            102,
            331,
            213,
            344
        ],
        "linking": [
            [
                24,
                25
            ]
        ],
        "label": "question",
        "words": [
            {
                "text": "Authorized",
                "box": [
                    102,
                    331,
                    183,
                    342
                ]
            },
            {
                "text": "to",
                "box": [
                    193,
                    331,
                    213,
                    344
                ]
            }
        ],
        "id": 24,
        "neighbours": [
            "Subject",
            "\u2611",
            "Estimated cost of the study will be:",
            "Description of change order:",
            "The change was made so the protocol more closely conforms with the proposed regulations as stated in the Federal Register, Vol. 44, No. 145, 772.112-24 Primary Eye Irritation Study.",
            "Twenty- four to 30 hours prior to dosing, both eyes of each rabbit will be examined by an experienced investigator using a slit lamp biomicroscope.",
            "Section III A. 2nd paragraph- the first sentence is to be changed to read as follows:",
            "ADDENDUM I DAWSON RESEARCH CORPORATION Protocol Change Order No. 1",
            "Protocol LRC-5A",
            "Change in the time of the Pre- dose Biomicroscopic Examination",
            "Authorized by",
            "Dr. Connie Stone",
            "Mr. Charles Burns",
            "Sponsor Signature"
        ]
    },
    {
        "text": "Mr. Charles Burns",
        "box": [
            219,
            324,
            360,
            344
        ],
        "linking": [
            [
                24,
                25
            ]
        ],
        "label": "answer",
        "words": [
            {
                "text": "Mr.",
                "box": [
                    219,
                    324,
                    246,
                    344
                ]
            },
            {
                "text": "Charles",
                "box": [
                    256,
                    327,
                    312,
                    342
                ]
            },
            {
                "text": "Burns",
                "box": [
                    313,
                    324,
                    360,
                    342
                ]
            }
        ],
        "id": 25,
        "neighbours": [
            "Subject",
            "Date",
            "5-13-81",
            "\u2611",
            "increased",
            "(Means of communication)",
            "Estimated cost of the study will be:",
            "Description of change order:",
            "Twenty- four to 30 hours prior to dosing, both eyes of each rabbit will be examined by an experienced investigator using a slit lamp biomicroscope.",
            "ADDENDUM I DAWSON RESEARCH CORPORATION Protocol Change Order No. 1",
            "Protocol LRC-5A",
            "Change in the time of the Pre- dose Biomicroscopic Examination",
            "Authorized by",
            "Dr. Connie Stone",
            "Authorized to",
            "Sponsor Signature",
            "Study Director Signature"
        ]
    },
    {
        "text": "Sponsor Signature",
        "box": [
            123,
            848,
            409,
            947
        ],
        "linking": [],
        "label": "other",
        "words": [
            {
                "text": "",
                "box": [
                    123,
                    848,
                    409,
                    923
                ]
            },
            {
                "text": "Sponsor",
                "box": [
                    151,
                    926,
                    215,
                    947
                ]
            },
            {
                "text": "Signature",
                "box": [
                    222,
                    925,
                    296,
                    945
                ]
            }
        ],
        "id": 26,
        "neighbours": [
            "Subject",
            "Date",
            "5-13-81",
            "\u2611",
            "increased",
            "decreased",
            "Estimated cost of the study will be:",
            "Description of change order:",
            "The change was made so the protocol more closely conforms with the proposed regulations as stated in the Federal Register, Vol. 44, No. 145, 772.112-24 Primary Eye Irritation Study.",
            "Twenty- four to 30 hours prior to dosing, both eyes of each rabbit will be examined by an experienced investigator using a slit lamp biomicroscope.",
            "Section III A. 2nd paragraph- the first sentence is to be changed to read as follows:",
            "ADDENDUM I DAWSON RESEARCH CORPORATION Protocol Change Order No. 1",
            "Protocol LRC-5A",
            "Change in the time of the Pre- dose Biomicroscopic Examination",
            "Authorized by",
            "Dr. Connie Stone",
            "Authorized to",
            "Mr. Charles Burns",
            "Study Director Signature"
        ]
    },
    {
        "text": "Study Director Signature",
        "box": [
            444,
            842,
            754,
            946
        ],
        "linking": [],
        "label": "other",
        "words": [
            {
                "text": "",
                "box": [
                    444,
                    842,
                    754,
                    924
                ]
            },
            {
                "text": "Study",
                "box": [
                    500,
                    926,
                    541,
                    946
                ]
            },
            {
                "text": "Director",
                "box": [
                    547,
                    925,
                    617,
                    945
                ]
            },
            {
                "text": "Signature",
                "box": [
                    622,
                    925,
                    702,
                    945
                ]
            }
        ],
        "id": 27,
        "neighbours": [
            "Date",
            "5-13-81",
            "Date",
            "5-13-81",
            "Method",
            "increased",
            "decreased",
            "00851879",
            "Verbal Phone",
            "(Means of communication)",
            "Estimated cost of the study will be:",
            "not affected",
            "The change was made so the protocol more closely conforms with the proposed regulations as stated in the Federal Register, Vol. 44, No. 145, 772.112-24 Primary Eye Irritation Study.",
            "Twenty- four to 30 hours prior to dosing, both eyes of each rabbit will be examined by an experienced investigator using a slit lamp biomicroscope.",
            "Section III A. 2nd paragraph- the first sentence is to be changed to read as follows:",
            "19 MAY 26 1981",
            "ADDENDUM I DAWSON RESEARCH CORPORATION Protocol Change Order No. 1",
            "Change in the time of the Pre- dose Biomicroscopic Examination",
            "Dr. Connie Stone",
            "Mr. Charles Burns",
            "Sponsor Signature"
        ]
    }
]