[
    {
        "box": [
            172,
            429,
            229,
            444
        ],
        "text": "Date:",
        "label": "question",
        "words": [
            {
                "box": [
                    172,
                    429,
                    229,
                    444
                ],
                "text": "Date:"
            }
        ],
        "linking": [
            [
                0,
                24
            ]
        ],
        "id": 0,
        "neighbours": [
            "To:",
            "From:",
            "Room:",
            "Message:",
            "803E",
            "",
            "TELEPHONE:",
            "COVINGTON & BURLING",
            "1201 PENNSYLVANIA AVENUE N. W. P. O. BOX 7566 WASHINGTON D. C. 20044 7566 (202) 562 5000",
            "LECONFIELD HOUSE CURZON STREET LONDON WIYIAS ENGLAND",
            "44 71 495 5655",
            "THIS FACSIMILE TRANSMISSION IS INTENDED ONLY FOR THE ADDRESSEE SHOWN BELOW. IT MAY CONTAIN INFORMATION THAT IS PRIVILEGED, CONFIDENTIAL OR OTHER WISE PROTECTED FROM DISCLOSURE. ANY REVIEW, DISSEMINATION OR USE OF THIS TRANSMISSION OR ITS CONTENTS BY PERSONS OTHER THAN THE ADDRESSEE IS STRICTLY PROHIBITED. OF YOU HAVE RECEIVED THIS TRANSMISSION IN ERROR, PLEASE NOTIFY IMMEDIATELY BY TRIEPHONE AND MAIL THE ORIGINAL TO US AT THE ABOVE ADDRESS.",
            "January 15, 1997",
            "Mark Berlind",
            "David H. Remes",
            "7 Pages ",
            "(202) 662 -6280 Telecommunications",
            "(202) 662 -5942 Leslie L. Daniels - Secretary",
            ""
        ]
    },
    {
        "box": [
            196,
            465,
            227,
            486
        ],
        "text": "To:",
        "label": "question",
        "words": [
            {
                "box": [
                    196,
                    465,
                    227,
                    486
                ],
                "text": "To:"
            }
        ],
        "linking": [
            [
                1,
                25
            ]
        ],
        "id": 1,
        "neighbours": [
            "Date:",
            "From:",
            "Room:",
            "Message:",
            "803E",
            "TELEPHONE:",
            "COVINGTON & BURLING",
            "1201 PENNSYLVANIA AVENUE N. W. P. O. BOX 7566 WASHINGTON D. C. 20044 7566 (202) 562 5000",
            "LECONFIELD HOUSE CURZON STREET LONDON WIYIAS ENGLAND",
            "44 71 495 5655",
            "January 15, 1997",
            "Mark Berlind",
            "David H. Remes",
            "7 Pages ",
            "(202) 662 -6280 Telecommunications",
            "(202) 662 -5942 Leslie L. Daniels - Secretary",
            ""
        ]
    },
    {
        "box": [
            175,
            507,
            231,
            529
        ],
        "text": "From:",
        "label": "question",
        "words": [
            {
                "box": [
                    175,
                    507,
                    231,
                    529
                ],
                "text": "From:"
            }
        ],
        "linking": [
            [
                2,
                26
            ]
        ],
        "id": 2,
        "neighbours": [
            "Date:",
            "To:",
            "Room:",
            "Message:",
            "803E",
            "TELEPHONE:",
            "COVINGTON & BURLING",
            "1201 PENNSYLVANIA AVENUE N. W. P. O. BOX 7566 WASHINGTON D. C. 20044 7566 (202) 562 5000",
            "LECONFIELD HOUSE CURZON STREET LONDON WIYIAS ENGLAND",
            "44 71 495 5655",
            "THIS FACSIMILE TRANSMISSION IS INTENDED ONLY FOR THE ADDRESSEE SHOWN BELOW. IT MAY CONTAIN INFORMATION THAT IS PRIVILEGED, CONFIDENTIAL OR OTHER WISE PROTECTED FROM DISCLOSURE. ANY REVIEW, DISSEMINATION OR USE OF THIS TRANSMISSION OR ITS CONTENTS BY PERSONS OTHER THAN THE ADDRESSEE IS STRICTLY PROHIBITED. OF YOU HAVE RECEIVED THIS TRANSMISSION IN ERROR, PLEASE NOTIFY IMMEDIATELY BY TRIEPHONE AND MAIL THE ORIGINAL TO US AT THE ABOVE ADDRESS.",
            "January 15, 1997",
            "Mark Berlind",
            "David H. Remes",
            "7 Pages ",
            "(202) 662 -6280 Telecommunications",
            "(202) 662 -5942 Leslie L. Daniels - Secretary",
            ""
        ]
    },
    {
        "box": [
            168,
            549,
            228,
            573
        ],
        "text": "Room:",
        "label": "question",
        "words": [
            {
                "box": [
                    168,
                    549,
                    228,
                    573
                ],
                "text": "Room:"
            }
        ],
        "linking": [
            [
                3,
                5
            ]
        ],
        "id": 3,
        "neighbours": [
            "Date:",
            "To:",
            "From:",
            "Message:",
            "803E",
            "",
            "TELEPHONE:",
            "COVINGTON & BURLING",
            "1201 PENNSYLVANIA AVENUE N. W. P. O. BOX 7566 WASHINGTON D. C. 20044 7566 (202) 562 5000",
            "LECONFIELD HOUSE CURZON STREET LONDON WIYIAS ENGLAND",
            "44 71 495 5655",
            "THIS FACSIMILE TRANSMISSION IS INTENDED ONLY FOR THE ADDRESSEE SHOWN BELOW. IT MAY CONTAIN INFORMATION THAT IS PRIVILEGED, CONFIDENTIAL OR OTHER WISE PROTECTED FROM DISCLOSURE. ANY REVIEW, DISSEMINATION OR USE OF THIS TRANSMISSION OR ITS CONTENTS BY PERSONS OTHER THAN THE ADDRESSEE IS STRICTLY PROHIBITED. OF YOU HAVE RECEIVED THIS TRANSMISSION IN ERROR, PLEASE NOTIFY IMMEDIATELY BY TRIEPHONE AND MAIL THE ORIGINAL TO US AT THE ABOVE ADDRESS.",
            "January 15, 1997",
            "Mark Berlind",
            "David H. Remes",
            "7 Pages ",
            "(202) 662 -6280 Telecommunications",
            "(202) 662 -5942 Leslie L. Daniels - Secretary",
            ""
        ]
    },
    {
        "box": [
            87,
            654,
            179,
            672
        ],
        "text": "Message:",
        "label": "question",
        "words": [
            {
                "box": [
                    87,
                    654,
                    179,
                    672
                ],
                "text": "Message:"
            }
        ],
        "linking": [],
        "id": 4,
        "neighbours": [
            "Date:",
            "To:",
            "From:",
            "Room:",
            "",
            "TELEPHONE:",
            "COVINGTON & BURLING",
            "LECONFIELD HOUSE CURZON STREET LONDON WIYIAS ENGLAND",
            "44 71 495 5655",
            "THIS FACSIMILE TRANSMISSION IS INTENDED ONLY FOR THE ADDRESSEE SHOWN BELOW. IT MAY CONTAIN INFORMATION THAT IS PRIVILEGED, CONFIDENTIAL OR OTHER WISE PROTECTED FROM DISCLOSURE. ANY REVIEW, DISSEMINATION OR USE OF THIS TRANSMISSION OR ITS CONTENTS BY PERSONS OTHER THAN THE ADDRESSEE IS STRICTLY PROHIBITED. OF YOU HAVE RECEIVED THIS TRANSMISSION IN ERROR, PLEASE NOTIFY IMMEDIATELY BY TRIEPHONE AND MAIL THE ORIGINAL TO US AT THE ABOVE ADDRESS.",
            "If there is a transmission problem, please call:",
            "(202) 662 -6280 Telecommunications",
            "(202) 662 -5942 Leslie L. Daniels - Secretary",
            ""
        ]
    },
    {
        "box": [
            257,
            549,
            302,
            569
        ],
        "text": "803E",
        "label": "answer",
        "words": [
            {
                "box": [
                    257,
                    549,
                    302,
                    569
                ],
                "text": "803E"
            }
        ],
        "linking": [
            [
                3,
                5
            ]
        ],
        "id": 5,
        "neighbours": [
            "Date:",
            "To:",
            "From:",
            "Room:",
            "",
            "TELEFAX",
            "TELEX",
            "CABLE",
            "COVLING",
            "COVINGTON & BURLING",
            "1201 PENNSYLVANIA AVENUE N. W. P. O. BOX 7566 WASHINGTON D. C. 20044 7566 (202) 562 5000",
            "LECONFIELD HOUSE CURZON STREET LONDON WIYIAS ENGLAND",
            "44 71 495 5655",
            "89- 193 COVLING WSH",
            "(202) 662-6291",
            "January 15, 1997",
            "Mark Berlind",
            "David H. Remes",
            "7 Pages ",
            ""
        ]
    },
    {
        "box": [
            687,
            800,
            704,
            894
        ],
        "text": "2064782104",
        "label": "other",
        "words": [
            {
                "box": [
                    687,
                    800,
                    704,
                    894
                ],
                "text": "2064782104"
            }
        ],
        "linking": [],
        "id": 6,
        "neighbours": [
            "",
            "BRUSSELS CORRESPONDENT OFFICE 44 AVENUE DES ARTS BRUSSELS 1040 BELGIUM",
            "32 512 7890",
            "THIS FACSIMILE TRANSMISSION IS INTENDED ONLY FOR THE ADDRESSEE SHOWN BELOW. IT MAY CONTAIN INFORMATION THAT IS PRIVILEGED, CONFIDENTIAL OR OTHER WISE PROTECTED FROM DISCLOSURE. ANY REVIEW, DISSEMINATION OR USE OF THIS TRANSMISSION OR ITS CONTENTS BY PERSONS OTHER THAN THE ADDRESSEE IS STRICTLY PROHIBITED. OF YOU HAVE RECEIVED THIS TRANSMISSION IN ERROR, PLEASE NOTIFY IMMEDIATELY BY TRIEPHONE AND MAIL THE ORIGINAL TO US AT THE ABOVE ADDRESS.",
            "(202) 662 -6280 Telecommunications",
            "(202) 662 -5942 Leslie L. Daniels - Secretary",
            ""
        ]
    },
    {
        "box": [
            482,
            443,
            650,
            555
        ],
        "text": "",
        "label": "other",
        "words": [
            {
                "box": [
                    482,
                    443,
                    650,
                    555
                ],
                "text": ""
            }
        ],
        "linking": [],
        "id": 7,
        "neighbours": [
            "Date:",
            "To:",
            "From:",
            "Room:",
            "803E",
            "2064782104",
            "COVLING",
            "COVINGTON & BURLING",
            "1201 PENNSYLVANIA AVENUE N. W. P. O. BOX 7566 WASHINGTON D. C. 20044 7566 (202) 562 5000",
            "89- 193 COVLING WSH",
            "(202) 662-6291",
            "BRUSSELS CORRESPONDENT OFFICE 44 AVENUE DES ARTS BRUSSELS 1040 BELGIUM",
            "32 512 7890",
            "TELEPHONE:",
            "THIS FACSIMILE TRANSMISSION IS INTENDED ONLY FOR THE ADDRESSEE SHOWN BELOW. IT MAY CONTAIN INFORMATION THAT IS PRIVILEGED, CONFIDENTIAL OR OTHER WISE PROTECTED FROM DISCLOSURE. ANY REVIEW, DISSEMINATION OR USE OF THIS TRANSMISSION OR ITS CONTENTS BY PERSONS OTHER THAN THE ADDRESSEE IS STRICTLY PROHIBITED. OF YOU HAVE RECEIVED THIS TRANSMISSION IN ERROR, PLEASE NOTIFY IMMEDIATELY BY TRIEPHONE AND MAIL THE ORIGINAL TO US AT THE ABOVE ADDRESS.",
            "January 15, 1997",
            "Mark Berlind",
            "David H. Remes",
            "7 Pages ",
            "If there is a transmission problem, please call:",
            "(202) 662 -6280 Telecommunications",
            "(202) 662 -5942 Leslie L. Daniels - Secretary",
            ""
        ]
    },
    {
        "box": [
            64,
            950,
            91,
            964
        ],
        "text": "",
        "label": "other",
        "words": [
            {
                "box": [
                    64,
                    950,
                    91,
                    964
                ],
                "text": ""
            }
        ],
        "linking": [],
        "id": 8,
        "neighbours": [
            "Message:",
            "TELEPHONE:",
            "LECONFIELD HOUSE CURZON STREET LONDON WIYIAS ENGLAND",
            "44 71 495 5655",
            "THIS FACSIMILE TRANSMISSION IS INTENDED ONLY FOR THE ADDRESSEE SHOWN BELOW. IT MAY CONTAIN INFORMATION THAT IS PRIVILEGED, CONFIDENTIAL OR OTHER WISE PROTECTED FROM DISCLOSURE. ANY REVIEW, DISSEMINATION OR USE OF THIS TRANSMISSION OR ITS CONTENTS BY PERSONS OTHER THAN THE ADDRESSEE IS STRICTLY PROHIBITED. OF YOU HAVE RECEIVED THIS TRANSMISSION IN ERROR, PLEASE NOTIFY IMMEDIATELY BY TRIEPHONE AND MAIL THE ORIGINAL TO US AT THE ABOVE ADDRESS.",
            "If there is a transmission problem, please call:",
            "(202) 662 -6280 Telecommunications",
            "(202) 662 -5942 Leslie L. Daniels - Secretary",
            "",
            ""
        ]
    },
    {
        "box": [
            88,
            282,
            152,
            295
        ],
        "text": "TELEPHONE:",
        "label": "question",
        "words": [
            {
                "box": [
                    88,
                    282,
                    152,
                    295
                ],
                "text": "TELEPHONE:"
            }
        ],
        "linking": [
            [
                9,
                17
            ]
        ],
        "id": 9,
        "neighbours": [
            "Date:",
            "To:",
            "From:",
            "Room:",
            "Message:",
            "",
            "TELEX",
            "CABLE",
            "COVLING",
            "COVINGTON & BURLING",
            "LECONFIELD HOUSE CURZON STREET LONDON WIYIAS ENGLAND",
            "44 71 495 5655",
            "89- 193 COVLING WSH",
            "(202) 662-6291",
            "BRUSSELS CORRESPONDENT OFFICE 44 AVENUE DES ARTS BRUSSELS 1040 BELGIUM",
            "32 512 7890",
            "TELEPHONE:",
            "THIS FACSIMILE TRANSMISSION IS INTENDED ONLY FOR THE ADDRESSEE SHOWN BELOW. IT MAY CONTAIN INFORMATION THAT IS PRIVILEGED, CONFIDENTIAL OR OTHER WISE PROTECTED FROM DISCLOSURE. ANY REVIEW, DISSEMINATION OR USE OF THIS TRANSMISSION OR ITS CONTENTS BY PERSONS OTHER THAN THE ADDRESSEE IS STRICTLY PROHIBITED. OF YOU HAVE RECEIVED THIS TRANSMISSION IN ERROR, PLEASE NOTIFY IMMEDIATELY BY TRIEPHONE AND MAIL THE ORIGINAL TO US AT THE ABOVE ADDRESS.",
            "If there is a transmission problem, please call:",
            "(202) 662 -6280 Telecommunications",
            "(202) 662 -5942 Leslie L. Daniels - Secretary"
        ]
    },
    {
        "box": [
            328,
            257,
            374,
            268
        ],
        "text": "TELEFAX",
        "label": "question",
        "words": [
            {
                "box": [
                    328,
                    257,
                    374,
                    268
                ],
                "text": "TELEFAX"
            }
        ],
        "linking": [
            [
                10,
                19
            ]
        ],
        "id": 10,
        "neighbours": [
            "803E",
            "TELEX",
            "CABLE",
            "COVLING",
            "1201 PENNSYLVANIA AVENUE N. W. P. O. BOX 7566 WASHINGTON D. C. 20044 7566 (202) 562 5000",
            "89- 193 COVLING WSH",
            "(202) 662-6291",
            "January 15, 1997",
            "Mark Berlind",
            "David H. Remes",
            "7 Pages ",
            ""
        ]
    },
    {
        "box": [
            311,
            268,
            345,
            281
        ],
        "text": "TELEX",
        "label": "question",
        "words": [
            {
                "box": [
                    311,
                    268,
                    345,
                    281
                ],
                "text": "TELEX"
            }
        ],
        "linking": [
            [
                11,
                18
            ]
        ],
        "id": 11,
        "neighbours": [
            "803E",
            "TELEPHONE:",
            "TELEFAX",
            "CABLE",
            "COVLING",
            "1201 PENNSYLVANIA AVENUE N. W. P. O. BOX 7566 WASHINGTON D. C. 20044 7566 (202) 562 5000",
            "LECONFIELD HOUSE CURZON STREET LONDON WIYIAS ENGLAND",
            "44 71 495 5655",
            "89- 193 COVLING WSH",
            "(202) 662-6291",
            "BRUSSELS CORRESPONDENT OFFICE 44 AVENUE DES ARTS BRUSSELS 1040 BELGIUM",
            "32 512 7890",
            "TELEPHONE:",
            "January 15, 1997",
            "Mark Berlind",
            "David H. Remes",
            "7 Pages ",
            ""
        ]
    },
    {
        "box": [
            337,
            285,
            371,
            295
        ],
        "text": "CABLE",
        "label": "question",
        "words": [
            {
                "box": [
                    337,
                    285,
                    371,
                    295
                ],
                "text": "CABLE"
            }
        ],
        "linking": [
            [
                12,
                13
            ]
        ],
        "id": 12,
        "neighbours": [
            "803E",
            "TELEPHONE:",
            "TELEFAX",
            "TELEX",
            "COVLING",
            "1201 PENNSYLVANIA AVENUE N. W. P. O. BOX 7566 WASHINGTON D. C. 20044 7566 (202) 562 5000",
            "LECONFIELD HOUSE CURZON STREET LONDON WIYIAS ENGLAND",
            "44 71 495 5655",
            "89- 193 COVLING WSH",
            "(202) 662-6291",
            "BRUSSELS CORRESPONDENT OFFICE 44 AVENUE DES ARTS BRUSSELS 1040 BELGIUM",
            "32 512 7890",
            "TELEPHONE:",
            "January 15, 1997",
            "Mark Berlind",
            "David H. Remes",
            ""
        ]
    },
    {
        "box": [
            372,
            284,
            419,
            295
        ],
        "text": "COVLING",
        "label": "answer",
        "words": [
            {
                "box": [
                    372,
                    284,
                    419,
                    295
                ],
                "text": "COVLING"
            }
        ],
        "linking": [
            [
                12,
                13
            ]
        ],
        "id": 13,
        "neighbours": [
            "803E",
            "",
            "TELEPHONE:",
            "TELEFAX",
            "TELEX",
            "CABLE",
            "1201 PENNSYLVANIA AVENUE N. W. P. O. BOX 7566 WASHINGTON D. C. 20044 7566 (202) 562 5000",
            "LECONFIELD HOUSE CURZON STREET LONDON WIYIAS ENGLAND",
            "44 71 495 5655",
            "89- 193 COVLING WSH",
            "(202) 662-6291",
            "BRUSSELS CORRESPONDENT OFFICE 44 AVENUE DES ARTS BRUSSELS 1040 BELGIUM",
            "32 512 7890",
            "TELEPHONE:",
            "January 15, 1997",
            "Mark Berlind",
            "David H. Remes",
            ""
        ]
    },
    {
        "text": "COVINGTON & BURLING",
        "box": [
            214,
            148,
            541,
            179
        ],
        "linking": [],
        "label": "header",
        "words": [
            {
                "text": "COVINGTON",
                "box": [
                    214,
                    149,
                    383,
                    176
                ]
            },
            {
                "text": "&",
                "box": [
                    390,
                    152,
                    412,
                    177
                ]
            },
            {
                "text": "BURLING",
                "box": [
                    418,
                    148,
                    541,
                    179
                ]
            }
        ],
        "id": 14,
        "neighbours": [
            "Date:",
            "To:",
            "From:",
            "Room:",
            "Message:",
            "803E",
            "",
            "TELEPHONE:",
            "TELEFAX",
            "TELEX",
            "CABLE",
            "COVLING",
            "1201 PENNSYLVANIA AVENUE N. W. P. O. BOX 7566 WASHINGTON D. C. 20044 7566 (202) 562 5000",
            "LECONFIELD HOUSE CURZON STREET LONDON WIYIAS ENGLAND",
            "44 71 495 5655",
            "89- 193 COVLING WSH",
            "(202) 662-6291",
            "BRUSSELS CORRESPONDENT OFFICE 44 AVENUE DES ARTS BRUSSELS 1040 BELGIUM",
            "32 512 7890",
            "TELEPHONE:",
            "January 15, 1997",
            "Mark Berlind",
            "David H. Remes",
            "7 Pages ",
            "If there is a transmission problem, please call:",
            "(202) 662 -6280 Telecommunications",
            "(202) 662 -5942 Leslie L. Daniels - Secretary",
            "",
            ""
        ]
    },
    {
        "text": "1201 PENNSYLVANIA AVENUE N. W. P. O. BOX 7566 WASHINGTON D. C. 20044 7566 (202) 562 5000",
        "box": [
            295,
            189,
            462,
            240
        ],
        "linking": [],
        "label": "other",
        "words": [
            {
                "text": "1201",
                "box": [
                    295,
                    190,
                    315,
                    198
                ]
            },
            {
                "text": "PENNSYLVANIA",
                "box": [
                    317,
                    189,
                    391,
                    200
                ]
            },
            {
                "text": "AVENUE",
                "box": [
                    394,
                    189,
                    436,
                    200
                ]
            },
            {
                "text": "N.",
                "box": [
                    439,
                    189,
                    450,
                    199
                ]
            },
            {
                "text": "W.",
                "box": [
                    451,
                    189,
                    462,
                    200
                ]
            },
            {
                "text": "P.",
                "box": [
                    346,
                    203,
                    356,
                    213
                ]
            },
            {
                "text": "O.",
                "box": [
                    356,
                    203,
                    366,
                    213
                ]
            },
            {
                "text": "BOX",
                "box": [
                    367,
                    203,
                    389,
                    213
                ]
            },
            {
                "text": "7566",
                "box": [
                    390,
                    203,
                    411,
                    213
                ]
            },
            {
                "text": "WASHINGTON",
                "box": [
                    309,
                    215,
                    379,
                    226
                ]
            },
            {
                "text": "D.",
                "box": [
                    381,
                    216,
                    392,
                    226
                ]
            },
            {
                "text": "C.",
                "box": [
                    391,
                    215,
                    404,
                    226
                ]
            },
            {
                "text": "20044",
                "box": [
                    404,
                    215,
                    426,
                    225
                ]
            },
            {
                "text": "7566",
                "box": [
                    426,
                    215,
                    448,
                    228
                ]
            },
            {
                "text": "(202)",
                "box": [
                    349,
                    229,
                    369,
                    240
                ]
            },
            {
                "text": "562",
                "box": [
                    373,
                    230,
                    388,
                    238
                ]
            },
            {
                "text": "5000",
                "box": [
                    388,
                    230,
                    406,
                    238
                ]
            }
        ],
        "id": 15,
        "neighbours": [
            "Date:",
            "To:",
            "From:",
            "Room:",
            "803E",
            "",
            "TELEFAX",
            "TELEX",
            "CABLE",
            "COVLING",
            "COVINGTON & BURLING",
            "LECONFIELD HOUSE CURZON STREET LONDON WIYIAS ENGLAND",
            "89- 193 COVLING WSH",
            "(202) 662-6291",
            "BRUSSELS CORRESPONDENT OFFICE 44 AVENUE DES ARTS BRUSSELS 1040 BELGIUM",
            "January 15, 1997",
            "Mark Berlind",
            "David H. Remes",
            "7 Pages ",
            "(202) 662 -6280 Telecommunications",
            "",
            ""
        ]
    },
    {
        "text": "LECONFIELD HOUSE CURZON STREET LONDON WIYIAS ENGLAND",
        "box": [
            92,
            243,
            229,
            282
        ],
        "linking": [],
        "label": "other",
        "words": [
            {
                "text": "LECONFIELD",
                "box": [
                    101,
                    243,
                    165,
                    254
                ]
            },
            {
                "text": "HOUSE",
                "box": [
                    168,
                    243,
                    202,
                    254
                ]
            },
            {
                "text": "CURZON",
                "box": [
                    105,
                    257,
                    151,
                    267
                ]
            },
            {
                "text": "STREET",
                "box": [
                    151,
                    258,
                    189,
                    268
                ]
            },
            {
                "text": "LONDON",
                "box": [
                    92,
                    271,
                    137,
                    282
                ]
            },
            {
                "text": "WIYIAS",
                "box": [
                    140,
                    271,
                    179,
                    282
                ]
            },
            {
                "text": "ENGLAND",
                "box": [
                    180,
                    271,
                    229,
                    282
                ]
            }
        ],
        "id": 16,
        "neighbours": [
            "Date:",
            "To:",
            "From:",
            "Room:",
            "Message:",
            "803E",
            "",
            "TELEPHONE:",
            "TELEFAX",
            "TELEX",
            "CABLE",
            "COVLING",
            "COVINGTON & BURLING",
            "1201 PENNSYLVANIA AVENUE N. W. P. O. BOX 7566 WASHINGTON D. C. 20044 7566 (202) 562 5000",
            "44 71 495 5655",
            "89- 193 COVLING WSH",
            "(202) 662-6291",
            "BRUSSELS CORRESPONDENT OFFICE 44 AVENUE DES ARTS BRUSSELS 1040 BELGIUM",
            "32 512 7890",
            "TELEPHONE:",
            "THIS FACSIMILE TRANSMISSION IS INTENDED ONLY FOR THE ADDRESSEE SHOWN BELOW. IT MAY CONTAIN INFORMATION THAT IS PRIVILEGED, CONFIDENTIAL OR OTHER WISE PROTECTED FROM DISCLOSURE. ANY REVIEW, DISSEMINATION OR USE OF THIS TRANSMISSION OR ITS CONTENTS BY PERSONS OTHER THAN THE ADDRESSEE IS STRICTLY PROHIBITED. OF YOU HAVE RECEIVED THIS TRANSMISSION IN ERROR, PLEASE NOTIFY IMMEDIATELY BY TRIEPHONE AND MAIL THE ORIGINAL TO US AT THE ABOVE ADDRESS.",
            "January 15, 1997",
            "Mark Berlind",
            "David H. Remes",
            "7 Pages ",
            "If there is a transmission problem, please call:",
            "(202) 662 -6280 Telecommunications",
            "(202) 662 -5942 Leslie L. Daniels - Secretary",
            ""
        ]
    },
    {
        "text": "44 71 495 5655",
        "box": [
            154,
            284,
            212,
            295
        ],
        "linking": [
            [
                9,
                17
            ]
        ],
        "label": "answer",
        "words": [
            {
                "text": "44",
                "box": [
                    154,
                    285,
                    167,
                    293
                ]
            },
            {
                "text": "71",
                "box": [
                    165,
                    284,
                    175,
                    295
                ]
            },
            {
                "text": "495",
                "box": [
                    175,
                    285,
                    190,
                    295
                ]
            },
            {
                "text": "5655",
                "box": [
                    190,
                    285,
                    212,
                    295
                ]
            }
        ],
        "id": 17,
        "neighbours": [
            "Date:",
            "To:",
            "From:",
            "Room:",
            "Message:",
            "803E",
            "",
            "TELEPHONE:",
            "TELEX",
            "CABLE",
            "COVLING",
            "COVINGTON & BURLING",
            "LECONFIELD HOUSE CURZON STREET LONDON WIYIAS ENGLAND",
            "89- 193 COVLING WSH",
            "BRUSSELS CORRESPONDENT OFFICE 44 AVENUE DES ARTS BRUSSELS 1040 BELGIUM",
            "32 512 7890",
            "TELEPHONE:",
            "THIS FACSIMILE TRANSMISSION IS INTENDED ONLY FOR THE ADDRESSEE SHOWN BELOW. IT MAY CONTAIN INFORMATION THAT IS PRIVILEGED, CONFIDENTIAL OR OTHER WISE PROTECTED FROM DISCLOSURE. ANY REVIEW, DISSEMINATION OR USE OF THIS TRANSMISSION OR ITS CONTENTS BY PERSONS OTHER THAN THE ADDRESSEE IS STRICTLY PROHIBITED. OF YOU HAVE RECEIVED THIS TRANSMISSION IN ERROR, PLEASE NOTIFY IMMEDIATELY BY TRIEPHONE AND MAIL THE ORIGINAL TO US AT THE ABOVE ADDRESS.",
            "January 15, 1997",
            "Mark Berlind",
            "David H. Remes",
            "7 Pages ",
            "If there is a transmission problem, please call:",
            "(202) 662 -6280 Telecommunications",
            "(202) 662 -5942 Leslie L. Daniels - Secretary",
            ""
        ]
    },
    {
        "text": "89- 193 COVLING WSH",
        "box": [
            345,
            270,
            445,
            283
        ],
        "linking": [
            [
                11,
                18
            ]
        ],
        "label": "answer",
        "words": [
            {
                "text": "89-",
                "box": [
                    345,
                    272,
                    358,
                    280
                ]
            },
            {
                "text": "193",
                "box": [
                    358,
                    271,
                    369,
                    282
                ]
            },
            {
                "text": "COVLING",
                "box": [
                    369,
                    270,
                    418,
                    283
                ]
            },
            {
                "text": "WSH",
                "box": [
                    420,
                    271,
                    445,
                    282
                ]
            }
        ],
        "id": 18,
        "neighbours": [
            "803E",
            "",
            "TELEPHONE:",
            "TELEFAX",
            "TELEX",
            "CABLE",
            "COVLING",
            "1201 PENNSYLVANIA AVENUE N. W. P. O. BOX 7566 WASHINGTON D. C. 20044 7566 (202) 562 5000",
            "LECONFIELD HOUSE CURZON STREET LONDON WIYIAS ENGLAND",
            "44 71 495 5655",
            "(202) 662-6291",
            "BRUSSELS CORRESPONDENT OFFICE 44 AVENUE DES ARTS BRUSSELS 1040 BELGIUM",
            "32 512 7890",
            "TELEPHONE:",
            "January 15, 1997",
            "Mark Berlind",
            "David H. Remes",
            "(202) 662 -6280 Telecommunications",
            ""
        ]
    },
    {
        "text": "(202) 662-6291",
        "box": [
            374,
            257,
            426,
            270
        ],
        "linking": [
            [
                10,
                19
            ]
        ],
        "label": "answer",
        "words": [
            {
                "text": "(202)",
                "box": [
                    374,
                    257,
                    394,
                    268
                ]
            },
            {
                "text": "662-6291",
                "box": [
                    392,
                    257,
                    426,
                    270
                ]
            }
        ],
        "id": 19,
        "neighbours": [
            "803E",
            "",
            "TELEPHONE:",
            "TELEFAX",
            "TELEX",
            "CABLE",
            "COVLING",
            "1201 PENNSYLVANIA AVENUE N. W. P. O. BOX 7566 WASHINGTON D. C. 20044 7566 (202) 562 5000",
            "LECONFIELD HOUSE CURZON STREET LONDON WIYIAS ENGLAND",
            "89- 193 COVLING WSH",
            "BRUSSELS CORRESPONDENT OFFICE 44 AVENUE DES ARTS BRUSSELS 1040 BELGIUM",
            "32 512 7890",
            "TELEPHONE:",
            "January 15, 1997",
            "Mark Berlind",
            "David H. Remes",
            "(202) 662 -6280 Telecommunications",
            ""
        ]
    },
    {
        "text": "BRUSSELS CORRESPONDENT OFFICE 44 AVENUE DES ARTS BRUSSELS 1040 BELGIUM",
        "box": [
            492,
            242,
            665,
            282
        ],
        "linking": [],
        "label": "other",
        "words": [
            {
                "text": "BRUSSELS",
                "box": [
                    492,
                    242,
                    538,
                    255
                ]
            },
            {
                "text": "CORRESPONDENT",
                "box": [
                    539,
                    243,
                    626,
                    254
                ]
            },
            {
                "text": "OFFICE",
                "box": [
                    630,
                    242,
                    665,
                    253
                ]
            },
            {
                "text": "44",
                "box": [
                    543,
                    258,
                    556,
                    266
                ]
            },
            {
                "text": "",
                "box": [
                    557,
                    257,
                    564,
                    267
                ]
            },
            {
                "text": "AVENUE",
                "box": [
                    564,
                    257,
                    599,
                    267
                ]
            },
            {
                "text": "DES",
                "box": [
                    602,
                    257,
                    619,
                    268
                ]
            },
            {
                "text": "ARTS",
                "box": [
                    623,
                    257,
                    648,
                    267
                ]
            },
            {
                "text": "BRUSSELS",
                "box": [
                    541,
                    270,
                    586,
                    281
                ]
            },
            {
                "text": "1040",
                "box": [
                    588,
                    270,
                    608,
                    281
                ]
            },
            {
                "text": "BELGIUM",
                "box": [
                    609,
                    271,
                    654,
                    282
                ]
            }
        ],
        "id": 20,
        "neighbours": [
            "2064782104",
            "",
            "TELEPHONE:",
            "TELEFAX",
            "TELEX",
            "CABLE",
            "COVLING",
            "COVINGTON & BURLING",
            "1201 PENNSYLVANIA AVENUE N. W. P. O. BOX 7566 WASHINGTON D. C. 20044 7566 (202) 562 5000",
            "LECONFIELD HOUSE CURZON STREET LONDON WIYIAS ENGLAND",
            "44 71 495 5655",
            "89- 193 COVLING WSH",
            "(202) 662-6291",
            "32 512 7890",
            "TELEPHONE:",
            "THIS FACSIMILE TRANSMISSION IS INTENDED ONLY FOR THE ADDRESSEE SHOWN BELOW. IT MAY CONTAIN INFORMATION THAT IS PRIVILEGED, CONFIDENTIAL OR OTHER WISE PROTECTED FROM DISCLOSURE. ANY REVIEW, DISSEMINATION OR USE OF THIS TRANSMISSION OR ITS CONTENTS BY PERSONS OTHER THAN THE ADDRESSEE IS STRICTLY PROHIBITED. OF YOU HAVE RECEIVED THIS TRANSMISSION IN ERROR, PLEASE NOTIFY IMMEDIATELY BY TRIEPHONE AND MAIL THE ORIGINAL TO US AT THE ABOVE ADDRESS.",
            "January 15, 1997",
            "7 Pages ",
            "If there is a transmission problem, please call:",
            "(202) 662 -6280 Telecommunications",
            "(202) 662 -5942 Leslie L. Daniels - Secretary",
            ""
        ]
    },
    {
        "text": "32 512 7890",
        "box": [
            606,
            282,
            659,
            296
        ],
        "linking": [
            [
                22,
                21
            ]
        ],
        "label": "answer",
        "words": [
            {
                "text": "32",
                "box": [
                    606,
                    282,
                    619,
                    296
                ]
            },
            {
                "text": "",
                "box": [
                    617,
                    285,
                    623,
                    293
                ]
            },
            {
                "text": "512",
                "box": [
                    622,
                    284,
                    639,
                    294
                ]
            },
            {
                "text": "7890",
                "box": [
                    638,
                    285,
                    659,
                    293
                ]
            }
        ],
        "id": 21,
        "neighbours": [
            "2064782104",
            "",
            "TELEPHONE:",
            "TELEX",
            "CABLE",
            "COVLING",
            "COVINGTON & BURLING",
            "LECONFIELD HOUSE CURZON STREET LONDON WIYIAS ENGLAND",
            "44 71 495 5655",
            "89- 193 COVLING WSH",
            "(202) 662-6291",
            "BRUSSELS CORRESPONDENT OFFICE 44 AVENUE DES ARTS BRUSSELS 1040 BELGIUM",
            "TELEPHONE:",
            "THIS FACSIMILE TRANSMISSION IS INTENDED ONLY FOR THE ADDRESSEE SHOWN BELOW. IT MAY CONTAIN INFORMATION THAT IS PRIVILEGED, CONFIDENTIAL OR OTHER WISE PROTECTED FROM DISCLOSURE. ANY REVIEW, DISSEMINATION OR USE OF THIS TRANSMISSION OR ITS CONTENTS BY PERSONS OTHER THAN THE ADDRESSEE IS STRICTLY PROHIBITED. OF YOU HAVE RECEIVED THIS TRANSMISSION IN ERROR, PLEASE NOTIFY IMMEDIATELY BY TRIEPHONE AND MAIL THE ORIGINAL TO US AT THE ABOVE ADDRESS.",
            "7 Pages ",
            "If there is a transmission problem, please call:",
            "(202) 662 -5942 Leslie L. Daniels - Secretary",
            ""
        ]
    },
    {
        "text": "TELEPHONE:",
        "box": [
            542,
            282,
            605,
            296
        ],
        "linking": [
            [
                22,
                21
            ]
        ],
        "label": "question",
        "words": [
            {
                "text": "TELEPHONE:",
                "box": [
                    542,
                    282,
                    605,
                    296
                ]
            }
        ],
        "id": 22,
        "neighbours": [
            "",
            "TELEPHONE:",
            "TELEX",
            "CABLE",
            "COVLING",
            "COVINGTON & BURLING",
            "LECONFIELD HOUSE CURZON STREET LONDON WIYIAS ENGLAND",
            "44 71 495 5655",
            "89- 193 COVLING WSH",
            "(202) 662-6291",
            "BRUSSELS CORRESPONDENT OFFICE 44 AVENUE DES ARTS BRUSSELS 1040 BELGIUM",
            "32 512 7890",
            "THIS FACSIMILE TRANSMISSION IS INTENDED ONLY FOR THE ADDRESSEE SHOWN BELOW. IT MAY CONTAIN INFORMATION THAT IS PRIVILEGED, CONFIDENTIAL OR OTHER WISE PROTECTED FROM DISCLOSURE. ANY REVIEW, DISSEMINATION OR USE OF THIS TRANSMISSION OR ITS CONTENTS BY PERSONS OTHER THAN THE ADDRESSEE IS STRICTLY PROHIBITED. OF YOU HAVE RECEIVED THIS TRANSMISSION IN ERROR, PLEASE NOTIFY IMMEDIATELY BY TRIEPHONE AND MAIL THE ORIGINAL TO US AT THE ABOVE ADDRESS.",
            "7 Pages ",
            "If there is a transmission problem, please call:",
            "(202) 662 -6280 Telecommunications",
            "(202) 662 -5942 Leslie L. Daniels - Secretary",
            ""
        ]
    },
    {
        "text": "THIS FACSIMILE TRANSMISSION IS INTENDED ONLY FOR THE ADDRESSEE SHOWN BELOW. IT MAY CONTAIN INFORMATION THAT IS PRIVILEGED, CONFIDENTIAL OR OTHER WISE PROTECTED FROM DISCLOSURE. ANY REVIEW, DISSEMINATION OR USE OF THIS TRANSMISSION OR ITS CONTENTS BY PERSONS OTHER THAN THE ADDRESSEE IS STRICTLY PROHIBITED. OF YOU HAVE RECEIVED THIS TRANSMISSION IN ERROR, PLEASE NOTIFY IMMEDIATELY BY TRIEPHONE AND MAIL THE ORIGINAL TO US AT THE ABOVE ADDRESS.",
        "box": [
            115,
            323,
            645,
            384
        ],
        "linking": [],
        "label": "other",
        "words": [
            {
                "text": "THIS",
                "box": [
                    115,
                    323,
                    136,
                    333
                ]
            },
            {
                "text": "FACSIMILE",
                "box": [
                    137,
                    323,
                    183,
                    333
                ]
            },
            {
                "text": "TRANSMISSION",
                "box": [
                    186,
                    324,
                    247,
                    332
                ]
            },
            {
                "text": "IS",
                "box": [
                    250,
                    324,
                    258,
                    334
                ]
            },
            {
                "text": "INTENDED",
                "box": [
                    258,
                    324,
                    304,
                    332
                ]
            },
            {
                "text": "ONLY",
                "box": [
                    307,
                    324,
                    332,
                    332
                ]
            },
            {
                "text": "FOR",
                "box": [
                    334,
                    324,
                    352,
                    332
                ]
            },
            {
                "text": "THE",
                "box": [
                    356,
                    324,
                    373,
                    332
                ]
            },
            {
                "text": "ADDRESSEE",
                "box": [
                    376,
                    324,
                    423,
                    334
                ]
            },
            {
                "text": "SHOWN",
                "box": [
                    425,
                    324,
                    459,
                    334
                ]
            },
            {
                "text": "BELOW.",
                "box": [
                    461,
                    324,
                    493,
                    334
                ]
            },
            {
                "text": "IT",
                "box": [
                    497,
                    324,
                    507,
                    334
                ]
            },
            {
                "text": "MAY",
                "box": [
                    507,
                    324,
                    527,
                    334
                ]
            },
            {
                "text": "CONTAIN",
                "box": [
                    529,
                    324,
                    572,
                    332
                ]
            },
            {
                "text": "INFORMATION",
                "box": [
                    574,
                    323,
                    638,
                    333
                ]
            },
            {
                "text": "THAT",
                "box": [
                    116,
                    337,
                    140,
                    345
                ]
            },
            {
                "text": "IS",
                "box": [
                    142,
                    337,
                    150,
                    345
                ]
            },
            {
                "text": "PRIVILEGED,",
                "box": [
                    152,
                    337,
                    205,
                    347
                ]
            },
            {
                "text": "CONFIDENTIAL",
                "box": [
                    208,
                    337,
                    272,
                    345
                ]
            },
            {
                "text": "OR",
                "box": [
                    277,
                    335,
                    288,
                    345
                ]
            },
            {
                "text": "OTHER",
                "box": [
                    291,
                    335,
                    322,
                    345
                ]
            },
            {
                "text": "WISE",
                "box": [
                    321,
                    337,
                    341,
                    345
                ]
            },
            {
                "text": "PROTECTED",
                "box": [
                    344,
                    337,
                    394,
                    345
                ]
            },
            {
                "text": "FROM",
                "box": [
                    397,
                    337,
                    422,
                    345
                ]
            },
            {
                "text": "DISCLOSURE.",
                "box": [
                    425,
                    337,
                    478,
                    344
                ]
            },
            {
                "text": "ANY",
                "box": [
                    485,
                    337,
                    505,
                    345
                ]
            },
            {
                "text": "REVIEW,",
                "box": [
                    506,
                    337,
                    541,
                    345
                ]
            },
            {
                "text": "DISSEMINATION",
                "box": [
                    542,
                    335,
                    612,
                    345
                ]
            },
            {
                "text": "OR",
                "box": [
                    615,
                    335,
                    628,
                    345
                ]
            },
            {
                "text": "USE",
                "box": [
                    115,
                    348,
                    133,
                    359
                ]
            },
            {
                "text": "OF",
                "box": [
                    133,
                    348,
                    146,
                    358
                ]
            },
            {
                "text": "THIS",
                "box": [
                    148,
                    349,
                    168,
                    357
                ]
            },
            {
                "text": "TRANSMISSION",
                "box": [
                    170,
                    348,
                    234,
                    358
                ]
            },
            {
                "text": "OR",
                "box": [
                    236,
                    349,
                    249,
                    357
                ]
            },
            {
                "text": "ITS",
                "box": [
                    251,
                    348,
                    265,
                    358
                ]
            },
            {
                "text": "CONTENTS",
                "box": [
                    268,
                    348,
                    315,
                    358
                ]
            },
            {
                "text": "BY",
                "box": [
                    317,
                    348,
                    328,
                    358
                ]
            },
            {
                "text": "PERSONS",
                "box": [
                    330,
                    348,
                    368,
                    358
                ]
            },
            {
                "text": "OTHER",
                "box": [
                    370,
                    348,
                    401,
                    358
                ]
            },
            {
                "text": "THAN",
                "box": [
                    404,
                    346,
                    428,
                    356
                ]
            },
            {
                "text": "THE",
                "box": [
                    430,
                    348,
                    450,
                    356
                ]
            },
            {
                "text": "ADDRESSEE",
                "box": [
                    451,
                    346,
                    498,
                    357
                ]
            },
            {
                "text": "IS",
                "box": [
                    500,
                    348,
                    508,
                    358
                ]
            },
            {
                "text": "STRICTLY",
                "box": [
                    511,
                    348,
                    552,
                    359
                ]
            },
            {
                "text": "PROHIBITED.",
                "box": [
                    554,
                    348,
                    608,
                    359
                ]
            },
            {
                "text": "OF",
                "box": [
                    613,
                    348,
                    623,
                    356
                ]
            },
            {
                "text": "YOU",
                "box": [
                    624,
                    348,
                    645,
                    359
                ]
            },
            {
                "text": "HAVE",
                "box": [
                    115,
                    362,
                    142,
                    370
                ]
            },
            {
                "text": "RECEIVED",
                "box": [
                    142,
                    360,
                    184,
                    371
                ]
            },
            {
                "text": "THIS",
                "box": [
                    187,
                    360,
                    208,
                    370
                ]
            },
            {
                "text": "TRANSMISSION",
                "box": [
                    211,
                    360,
                    274,
                    371
                ]
            },
            {
                "text": "IN",
                "box": [
                    275,
                    360,
                    286,
                    370
                ]
            },
            {
                "text": "ERROR,",
                "box": [
                    289,
                    360,
                    318,
                    371
                ]
            },
            {
                "text": "PLEASE",
                "box": [
                    321,
                    360,
                    352,
                    370
                ]
            },
            {
                "text": "NOTIFY",
                "box": [
                    355,
                    360,
                    387,
                    370
                ]
            },
            {
                "text": "",
                "box": [
                    390,
                    360,
                    400,
                    368
                ]
            },
            {
                "text": "IMMEDIATELY",
                "box": [
                    402,
                    362,
                    462,
                    370
                ]
            },
            {
                "text": "BY",
                "box": [
                    464,
                    360,
                    475,
                    370
                ]
            },
            {
                "text": "TRIEPHONE",
                "box": [
                    478,
                    360,
                    530,
                    368
                ]
            },
            {
                "text": "AND",
                "box": [
                    532,
                    360,
                    552,
                    370
                ]
            },
            {
                "text": "MAIL",
                "box": [
                    553,
                    360,
                    577,
                    368
                ]
            },
            {
                "text": "THE",
                "box": [
                    578,
                    359,
                    598,
                    370
                ]
            },
            {
                "text": "ORIGINAL",
                "box": [
                    598,
                    360,
                    643,
                    370
                ]
            },
            {
                "text": "TO",
                "box": [
                    115,
                    374,
                    129,
                    384
                ]
            },
            {
                "text": "US",
                "box": [
                    131,
                    373,
                    141,
                    383
                ]
            },
            {
                "text": "AT",
                "box": [
                    144,
                    373,
                    158,
                    384
                ]
            },
            {
                "text": "THE",
                "box": [
                    159,
                    373,
                    179,
                    383
                ]
            },
            {
                "text": "ABOVE",
                "box": [
                    180,
                    373,
                    209,
                    383
                ]
            },
            {
                "text": "ADDRESS.",
                "box": [
                    212,
                    373,
                    251,
                    383
                ]
            }
        ],
        "id": 23,
        "neighbours": [
            "Date:",
            "To:",
            "From:",
            "Room:",
            "Message:",
            "803E",
            "2064782104",
            "",
            "",
            "TELEPHONE:",
            "TELEFAX",
            "TELEX",
            "CABLE",
            "COVLING",
            "COVINGTON & BURLING",
            "1201 PENNSYLVANIA AVENUE N. W. P. O. BOX 7566 WASHINGTON D. C. 20044 7566 (202) 562 5000",
            "LECONFIELD HOUSE CURZON STREET LONDON WIYIAS ENGLAND",
            "44 71 495 5655",
            "89- 193 COVLING WSH",
            "(202) 662-6291",
            "BRUSSELS CORRESPONDENT OFFICE 44 AVENUE DES ARTS BRUSSELS 1040 BELGIUM",
            "32 512 7890",
            "TELEPHONE:",
            "January 15, 1997",
            "Mark Berlind",
            "David H. Remes",
            "7 Pages ",
            "If there is a transmission problem, please call:",
            "(202) 662 -6280 Telecommunications",
            "(202) 662 -5942 Leslie L. Daniels - Secretary",
            "",
            ""
        ]
    },
    {
        "text": "January 15, 1997",
        "box": [
            256,
            420,
            426,
            449
        ],
        "linking": [
            [
                0,
                24
            ]
        ],
        "label": "answer",
        "words": [
            {
                "text": "January",
                "box": [
                    256,
                    420,
                    334,
                    448
                ]
            },
            {
                "text": "15,",
                "box": [
                    342,
                    425,
                    371,
                    449
                ]
            },
            {
                "text": "1997",
                "box": [
                    384,
                    426,
                    426,
                    446
                ]
            }
        ],
        "id": 24,
        "neighbours": [
            "Date:",
            "To:",
            "From:",
            "Room:",
            "803E",
            "",
            "TELEFAX",
            "TELEX",
            "CABLE",
            "COVLING",
            "COVINGTON & BURLING",
            "1201 PENNSYLVANIA AVENUE N. W. P. O. BOX 7566 WASHINGTON D. C. 20044 7566 (202) 562 5000",
            "LECONFIELD HOUSE CURZON STREET LONDON WIYIAS ENGLAND",
            "44 71 495 5655",
            "89- 193 COVLING WSH",
            "(202) 662-6291",
            "BRUSSELS CORRESPONDENT OFFICE 44 AVENUE DES ARTS BRUSSELS 1040 BELGIUM",
            "Mark Berlind",
            "David H. Remes",
            "7 Pages ",
            "(202) 662 -6280 Telecommunications",
            ""
        ]
    },
    {
        "text": "Mark Berlind",
        "box": [
            258,
            465,
            385,
            487
        ],
        "linking": [
            [
                1,
                25
            ]
        ],
        "label": "answer",
        "words": [
            {
                "text": "Mark",
                "box": [
                    258,
                    468,
                    307,
                    485
                ]
            },
            {
                "text": "Berlind",
                "box": [
                    311,
                    465,
                    385,
                    487
                ]
            }
        ],
        "id": 25,
        "neighbours": [
            "Date:",
            "To:",
            "From:",
            "Room:",
            "803E",
            "TELEFAX",
            "TELEX",
            "CABLE",
            "COVLING",
            "COVINGTON & BURLING",
            "1201 PENNSYLVANIA AVENUE N. W. P. O. BOX 7566 WASHINGTON D. C. 20044 7566 (202) 562 5000",
            "LECONFIELD HOUSE CURZON STREET LONDON WIYIAS ENGLAND",
            "44 71 495 5655",
            "89- 193 COVLING WSH",
            "(202) 662-6291",
            "January 15, 1997",
            "David H. Remes",
            "7 Pages ",
            ""
        ]
    },
    {
        "text": "David H. Remes",
        "box": [
            253,
            503,
            406,
            528
        ],
        "linking": [
            [
                2,
                26
            ]
        ],
        "label": "answer",
        "words": [
            {
                "text": "David",
                "box": [
                    253,
                    504,
                    314,
                    526
                ]
            },
            {
                "text": "H.",
                "box": [
                    320,
                    503,
                    342,
                    527
                ]
            },
            {
                "text": "Remes",
                "box": [
                    349,
                    504,
                    406,
                    528
                ]
            }
        ],
        "id": 26,
        "neighbours": [
            "Date:",
            "To:",
            "From:",
            "Room:",
            "803E",
            "TELEFAX",
            "TELEX",
            "CABLE",
            "COVLING",
            "COVINGTON & BURLING",
            "1201 PENNSYLVANIA AVENUE N. W. P. O. BOX 7566 WASHINGTON D. C. 20044 7566 (202) 562 5000",
            "LECONFIELD HOUSE CURZON STREET LONDON WIYIAS ENGLAND",
            "44 71 495 5655",
            "89- 193 COVLING WSH",
            "(202) 662-6291",
            "January 15, 1997",
            "Mark Berlind",
            "7 Pages ",
            ""
        ]
    },
    {
        "text": "7 Pages ",
        "box": [
            264,
            599,
            566,
            630
        ],
        "linking": [],
        "label": "other",
        "words": [
            {
                "text": "7",
                "box": [
                    264,
                    599,
                    295,
                    627
                ]
            },
            {
                "text": "Pages",
                "box": [
                    323,
                    612,
                    376,
                    627
                ]
            },
            {
                "text": "",
                "box": [
                    388,
                    612,
                    490,
                    629
                ]
            },
            {
                "text": "",
                "box": [
                    499,
                    613,
                    566,
                    630
                ]
            }
        ],
        "id": 27,
        "neighbours": [
            "Date:",
            "To:",
            "From:",
            "Room:",
            "803E",
            "",
            "TELEFAX",
            "TELEX",
            "CABLE",
            "COVLING",
            "COVINGTON & BURLING",
            "1201 PENNSYLVANIA AVENUE N. W. P. O. BOX 7566 WASHINGTON D. C. 20044 7566 (202) 562 5000",
            "LECONFIELD HOUSE CURZON STREET LONDON WIYIAS ENGLAND",
            "44 71 495 5655",
            "89- 193 COVLING WSH",
            "(202) 662-6291",
            "BRUSSELS CORRESPONDENT OFFICE 44 AVENUE DES ARTS BRUSSELS 1040 BELGIUM",
            "32 512 7890",
            "TELEPHONE:",
            "January 15, 1997",
            "Mark Berlind",
            "David H. Remes",
            "If there is a transmission problem, please call:",
            "(202) 662 -6280 Telecommunications",
            "(202) 662 -5942 Leslie L. Daniels - Secretary",
            "",
            ""
        ]
    },
    {
        "text": "If there is a transmission problem, please call:",
        "box": [
            88,
            753,
            597,
            778
        ],
        "linking": [],
        "label": "question",
        "words": [
            {
                "text": "If",
                "box": [
                    88,
                    753,
                    115,
                    777
                ]
            },
            {
                "text": "there",
                "box": [
                    120,
                    753,
                    174,
                    778
                ]
            },
            {
                "text": "is",
                "box": [
                    184,
                    758,
                    211,
                    778
                ]
            },
            {
                "text": "a",
                "box": [
                    216,
                    757,
                    231,
                    775
                ]
            },
            {
                "text": "transmission",
                "box": [
                    236,
                    756,
                    366,
                    776
                ]
            },
            {
                "text": "problem,",
                "box": [
                    374,
                    756,
                    458,
                    778
                ]
            },
            {
                "text": "please",
                "box": [
                    468,
                    756,
                    534,
                    776
                ]
            },
            {
                "text": "call:",
                "box": [
                    545,
                    757,
                    597,
                    775
                ]
            }
        ],
        "id": 28,
        "neighbours": [
            "Date:",
            "To:",
            "From:",
            "Room:",
            "Message:",
            "803E",
            "",
            "",
            "TELEPHONE:",
            "TELEFAX",
            "TELEX",
            "CABLE",
            "COVLING",
            "COVINGTON & BURLING",
            "1201 PENNSYLVANIA AVENUE N. W. P. O. BOX 7566 WASHINGTON D. C. 20044 7566 (202) 562 5000",
            "LECONFIELD HOUSE CURZON STREET LONDON WIYIAS ENGLAND",
            "44 71 495 5655",
            "89- 193 COVLING WSH",
            "(202) 662-6291",
            "BRUSSELS CORRESPONDENT OFFICE 44 AVENUE DES ARTS BRUSSELS 1040 BELGIUM",
            "32 512 7890",
            "TELEPHONE:",
            "THIS FACSIMILE TRANSMISSION IS INTENDED ONLY FOR THE ADDRESSEE SHOWN BELOW. IT MAY CONTAIN INFORMATION THAT IS PRIVILEGED, CONFIDENTIAL OR OTHER WISE PROTECTED FROM DISCLOSURE. ANY REVIEW, DISSEMINATION OR USE OF THIS TRANSMISSION OR ITS CONTENTS BY PERSONS OTHER THAN THE ADDRESSEE IS STRICTLY PROHIBITED. OF YOU HAVE RECEIVED THIS TRANSMISSION IN ERROR, PLEASE NOTIFY IMMEDIATELY BY TRIEPHONE AND MAIL THE ORIGINAL TO US AT THE ABOVE ADDRESS.",
            "January 15, 1997",
            "Mark Berlind",
            "David H. Remes",
            "7 Pages ",
            "(202) 662 -6280 Telecommunications",
            "(202) 662 -5942 Leslie L. Daniels - Secretary",
            "",
            ""
        ]
    },
    {
        "text": "(202) 662 -6280 Telecommunications",
        "box": [
            138,
            792,
            496,
            815
        ],
        "linking": [],
        "label": "other",
        "words": [
            {
                "text": "(202)",
                "box": [
                    138,
                    792,
                    184,
                    813
                ]
            },
            {
                "text": "662",
                "box": [
                    196,
                    795,
                    230,
                    815
                ]
            },
            {
                "text": "-6280",
                "box": [
                    232,
                    795,
                    282,
                    815
                ]
            },
            {
                "text": "Telecommunications",
                "box": [
                    300,
                    795,
                    496,
                    812
                ]
            }
        ],
        "id": 29,
        "neighbours": [
            "Date:",
            "To:",
            "From:",
            "Room:",
            "Message:",
            "803E",
            "2064782104",
            "",
            "",
            "TELEPHONE:",
            "TELEFAX",
            "TELEX",
            "CABLE",
            "COVLING",
            "COVINGTON & BURLING",
            "1201 PENNSYLVANIA AVENUE N. W. P. O. BOX 7566 WASHINGTON D. C. 20044 7566 (202) 562 5000",
            "LECONFIELD HOUSE CURZON STREET LONDON WIYIAS ENGLAND",
            "44 71 495 5655",
            "89- 193 COVLING WSH",
            "(202) 662-6291",
            "BRUSSELS CORRESPONDENT OFFICE 44 AVENUE DES ARTS BRUSSELS 1040 BELGIUM",
            "TELEPHONE:",
            "THIS FACSIMILE TRANSMISSION IS INTENDED ONLY FOR THE ADDRESSEE SHOWN BELOW. IT MAY CONTAIN INFORMATION THAT IS PRIVILEGED, CONFIDENTIAL OR OTHER WISE PROTECTED FROM DISCLOSURE. ANY REVIEW, DISSEMINATION OR USE OF THIS TRANSMISSION OR ITS CONTENTS BY PERSONS OTHER THAN THE ADDRESSEE IS STRICTLY PROHIBITED. OF YOU HAVE RECEIVED THIS TRANSMISSION IN ERROR, PLEASE NOTIFY IMMEDIATELY BY TRIEPHONE AND MAIL THE ORIGINAL TO US AT THE ABOVE ADDRESS.",
            "January 15, 1997",
            "Mark Berlind",
            "David H. Remes",
            "7 Pages ",
            "If there is a transmission problem, please call:",
            "(202) 662 -5942 Leslie L. Daniels - Secretary",
            "",
            ""
        ]
    },
    {
        "text": "(202) 662 -5942 Leslie L. Daniels - Secretary",
        "box": [
            135,
            817,
            610,
            839
        ],
        "linking": [],
        "label": "other",
        "words": [
            {
                "text": "(202)",
                "box": [
                    135,
                    818,
                    184,
                    839
                ]
            },
            {
                "text": "662",
                "box": [
                    196,
                    820,
                    228,
                    837
                ]
            },
            {
                "text": "-5942",
                "box": [
                    230,
                    820,
                    284,
                    837
                ]
            },
            {
                "text": "Leslie",
                "box": [
                    303,
                    817,
                    370,
                    835
                ]
            },
            {
                "text": "L.",
                "box": [
                    376,
                    817,
                    394,
                    834
                ]
            },
            {
                "text": "Daniels",
                "box": [
                    406,
                    818,
                    481,
                    835
                ]
            },
            {
                "text": "-",
                "box": [
                    487,
                    820,
                    502,
                    834
                ]
            },
            {
                "text": "Secretary",
                "box": [
                    511,
                    817,
                    610,
                    837
                ]
            }
        ],
        "id": 30,
        "neighbours": [
            "Date:",
            "To:",
            "From:",
            "Room:",
            "Message:",
            "803E",
            "",
            "",
            "TELEPHONE:",
            "TELEFAX",
            "TELEX",
            "CABLE",
            "COVLING",
            "COVINGTON & BURLING",
            "1201 PENNSYLVANIA AVENUE N. W. P. O. BOX 7566 WASHINGTON D. C. 20044 7566 (202) 562 5000",
            "LECONFIELD HOUSE CURZON STREET LONDON WIYIAS ENGLAND",
            "44 71 495 5655",
            "89- 193 COVLING WSH",
            "(202) 662-6291",
            "BRUSSELS CORRESPONDENT OFFICE 44 AVENUE DES ARTS BRUSSELS 1040 BELGIUM",
            "32 512 7890",
            "TELEPHONE:",
            "THIS FACSIMILE TRANSMISSION IS INTENDED ONLY FOR THE ADDRESSEE SHOWN BELOW. IT MAY CONTAIN INFORMATION THAT IS PRIVILEGED, CONFIDENTIAL OR OTHER WISE PROTECTED FROM DISCLOSURE. ANY REVIEW, DISSEMINATION OR USE OF THIS TRANSMISSION OR ITS CONTENTS BY PERSONS OTHER THAN THE ADDRESSEE IS STRICTLY PROHIBITED. OF YOU HAVE RECEIVED THIS TRANSMISSION IN ERROR, PLEASE NOTIFY IMMEDIATELY BY TRIEPHONE AND MAIL THE ORIGINAL TO US AT THE ABOVE ADDRESS.",
            "January 15, 1997",
            "Mark Berlind",
            "David H. Remes",
            "7 Pages ",
            "If there is a transmission problem, please call:",
            "(202) 662 -6280 Telecommunications",
            "",
            ""
        ]
    },
    {
        "text": "",
        "box": [
            524,
            947,
            683,
            961
        ],
        "linking": [],
        "label": "other",
        "words": [
            {
                "text": "",
                "box": [
                    524,
                    950,
                    570,
                    961
                ]
            },
            {
                "text": "",
                "box": [
                    575,
                    950,
                    583,
                    958
                ]
            },
            {
                "text": "",
                "box": [
                    588,
                    948,
                    648,
                    961
                ]
            },
            {
                "text": "",
                "box": [
                    652,
                    947,
                    683,
                    960
                ]
            }
        ],
        "id": 31,
        "neighbours": [
            "2064782104",
            "",
            "",
            "COVINGTON & BURLING",
            "1201 PENNSYLVANIA AVENUE N. W. P. O. BOX 7566 WASHINGTON D. C. 20044 7566 (202) 562 5000",
            "BRUSSELS CORRESPONDENT OFFICE 44 AVENUE DES ARTS BRUSSELS 1040 BELGIUM",
            "32 512 7890",
            "TELEPHONE:",
            "THIS FACSIMILE TRANSMISSION IS INTENDED ONLY FOR THE ADDRESSEE SHOWN BELOW. IT MAY CONTAIN INFORMATION THAT IS PRIVILEGED, CONFIDENTIAL OR OTHER WISE PROTECTED FROM DISCLOSURE. ANY REVIEW, DISSEMINATION OR USE OF THIS TRANSMISSION OR ITS CONTENTS BY PERSONS OTHER THAN THE ADDRESSEE IS STRICTLY PROHIBITED. OF YOU HAVE RECEIVED THIS TRANSMISSION IN ERROR, PLEASE NOTIFY IMMEDIATELY BY TRIEPHONE AND MAIL THE ORIGINAL TO US AT THE ABOVE ADDRESS.",
            "7 Pages ",
            "If there is a transmission problem, please call:",
            "(202) 662 -6280 Telecommunications",
            "(202) 662 -5942 Leslie L. Daniels - Secretary",
            ""
        ]
    },
    {
        "text": "",
        "box": [
            229,
            950,
            343,
            964
        ],
        "linking": [],
        "label": "other",
        "words": [
            {
                "text": "",
                "box": [
                    229,
                    950,
                    243,
                    963
                ]
            },
            {
                "text": "",
                "box": [
                    244,
                    950,
                    261,
                    964
                ]
            },
            {
                "text": "",
                "box": [
                    272,
                    950,
                    300,
                    964
                ]
            },
            {
                "text": "",
                "box": [
                    303,
                    953,
                    320,
                    964
                ]
            },
            {
                "text": "",
                "box": [
                    323,
                    951,
                    343,
                    962
                ]
            }
        ],
        "id": 32,
        "neighbours": [
            "Date:",
            "To:",
            "From:",
            "Room:",
            "Message:",
            "803E",
            "",
            "TELEFAX",
            "TELEX",
            "CABLE",
            "COVLING",
            "COVINGTON & BURLING",
            "1201 PENNSYLVANIA AVENUE N. W. P. O. BOX 7566 WASHINGTON D. C. 20044 7566 (202) 562 5000",
            "LECONFIELD HOUSE CURZON STREET LONDON WIYIAS ENGLAND",
            "44 71 495 5655",
            "89- 193 COVLING WSH",
            "(202) 662-6291",
            "January 15, 1997",
            "Mark Berlind",
            "David H. Remes",
            "7 Pages ",
            ""
        ]
    }
]