[
    {
        "box": [
            54,
            41,
            100,
            54
        ],
        "text": "KOOL",
        "label": "question",
        "words": [
            {
                "box": [
                    54,
                    41,
                    100,
                    54
                ],
                "text": "KOOL"
            }
        ],
        "linking": [
            [
                0,
                9
            ]
        ],
        "id": 0,
        "neighbours": [
            "DESCRIPTION:",
            "SUPPLIER:",
            "PROJECT NO.",
            "1987- 144- K",
            "0595- 529- 1510 -0",
            "MR PERSONNEL:",
            "AUTHORIZED COST:",
            "RELEASED TO ACCTG",
            "PRODUCED FROM B&W WEB SITE"
        ]
    },
    {
        "box": [
            54,
            107,
            155,
            126
        ],
        "text": "DESCRIPTION:",
        "label": "question",
        "words": [
            {
                "box": [
                    54,
                    107,
                    155,
                    126
                ],
                "text": "DESCRIPTION:"
            }
        ],
        "linking": [
            [
                1,
                10
            ]
        ],
        "id": 1,
        "neighbours": [
            "KOOL",
            "SUPPLIER:",
            "JAN",
            "0595- 529- 1510 -0",
            "KMDP ANALYSIS UTILIZING BLACK SWITCHING STUDY DATA",
            "C. B. Pugh",
            "Market Facts",
            "12, 500 (10- 15- 87)",
            "MR PERSONNEL:",
            "AUTHORIZED COST:",
            "RELEASED TO ACCTG",
            "PRODUCED FROM B&W WEB SITE"
        ]
    },
    {
        "box": [
            54,
            224,
            132,
            238
        ],
        "text": "SUPPLIER:",
        "label": "question",
        "words": [
            {
                "box": [
                    54,
                    224,
                    132,
                    238
                ],
                "text": "SUPPLIER:"
            }
        ],
        "linking": [
            [
                2,
                12
            ]
        ],
        "id": 2,
        "neighbours": [
            "KOOL",
            "DESCRIPTION:",
            "0595- 529- 1510 -0",
            "Market Facts",
            "MR PERSONNEL:",
            "AUTHORIZED COST:",
            "RELEASED TO ACCTG",
            "PRODUCED FROM B&W WEB SITE"
        ]
    },
    {
        "box": [
            553,
            527,
            637,
            545
        ],
        "text": "CUMULATIVE",
        "label": "question",
        "words": [
            {
                "box": [
                    553,
                    527,
                    637,
                    545
                ],
                "text": "CUMULATIVE"
            }
        ],
        "linking": [],
        "id": 3,
        "neighbours": [
            "466024372",
            "466024372",
            "PROJECT NO.",
            "1987- 144- K",
            "KMDP ANALYSIS UTILIZING BLACK SWITCHING STUDY DATA",
            "CARRYOVER TO 1988 -- 0",
            "RELEASED TO ACCTG",
            "PAID OUT OF 1987 BUDGET"
        ]
    },
    {
        "box": [
            195,
            568,
            227,
            583
        ],
        "text": "JAN",
        "label": "answer",
        "words": [
            {
                "box": [
                    195,
                    568,
                    227,
                    583
                ],
                "text": "JAN"
            }
        ],
        "linking": [
            [
                18,
                4
            ]
        ],
        "id": 4,
        "neighbours": [
            "DESCRIPTION:",
            "0595- 529- 1510 -0",
            "KMDP ANALYSIS UTILIZING BLACK SWITCHING STUDY DATA",
            "C. B. Pugh",
            "Market Facts",
            "12, 500 (10- 15- 87)",
            "MR PERSONNEL:",
            "AUTHORIZED COST:",
            "RELEASED TO ACCTG",
            "PRODUCED FROM B&W WEB SITE"
        ]
    },
    {
        "box": [
            678,
            950,
            744,
            968
        ],
        "text": "466024372",
        "label": "other",
        "words": [
            {
                "box": [
                    678,
                    950,
                    744,
                    968
                ],
                "text": "466024372"
            }
        ],
        "linking": [],
        "id": 5,
        "neighbours": [
            "CUMULATIVE",
            "466024372",
            "1987- 144- K",
            "KMDP ANALYSIS UTILIZING BLACK SWITCHING STUDY DATA",
            "CARRYOVER TO 1988 -- 0",
            "PRODUCED FROM B&W WEB SITE"
        ]
    },
    {
        "box": [
            548,
            884,
            671,
            906
        ],
        "text": "466024372",
        "label": "other",
        "words": [
            {
                "box": [
                    548,
                    884,
                    671,
                    906
                ],
                "text": "466024372"
            }
        ],
        "linking": [],
        "id": 6,
        "neighbours": [
            "CUMULATIVE",
            "466024372",
            "PROJECT NO.",
            "1987- 144- K",
            "KMDP ANALYSIS UTILIZING BLACK SWITCHING STUDY DATA",
            "CARRYOVER TO 1988 -- 0"
        ]
    },
    {
        "text": "PROJECT NO.",
        "box": [
            430,
            35,
            527,
            55
        ],
        "linking": [
            [
                7,
                8
            ]
        ],
        "label": "question",
        "words": [
            {
                "text": "PROJECT",
                "box": [
                    430,
                    35,
                    496,
                    54
                ]
            },
            {
                "text": "NO.",
                "box": [
                    501,
                    38,
                    527,
                    55
                ]
            }
        ],
        "id": 7,
        "neighbours": [
            "KOOL",
            "CUMULATIVE",
            "466024372",
            "1987- 144- K",
            "0595- 529- 1510 -0",
            "12, 500 (10- 15- 87)",
            "CARRYOVER TO 1988 -- 0",
            "PAID OUT OF 1987 BUDGET"
        ]
    },
    {
        "text": "1987- 144- K",
        "box": [
            558,
            31,
            653,
            51
        ],
        "linking": [
            [
                7,
                8
            ]
        ],
        "label": "other",
        "words": [
            {
                "text": "1987-",
                "box": [
                    558,
                    33,
                    600,
                    48
                ]
            },
            {
                "text": "144-",
                "box": [
                    603,
                    34,
                    636,
                    51
                ]
            },
            {
                "text": "K",
                "box": [
                    634,
                    31,
                    653,
                    49
                ]
            }
        ],
        "id": 8,
        "neighbours": [
            "KOOL",
            "CUMULATIVE",
            "466024372",
            "466024372",
            "PROJECT NO.",
            "0595- 529- 1510 -0",
            "KMDP ANALYSIS UTILIZING BLACK SWITCHING STUDY DATA",
            "CARRYOVER TO 1988 -- 0"
        ]
    },
    {
        "text": "0595- 529- 1510 -0",
        "box": [
            58,
            55,
            193,
            72
        ],
        "linking": [
            [
                0,
                9
            ]
        ],
        "label": "answer",
        "words": [
            {
                "text": "0595-",
                "box": [
                    58,
                    58,
                    100,
                    69
                ]
            },
            {
                "text": "529-",
                "box": [
                    103,
                    58,
                    134,
                    72
                ]
            },
            {
                "text": "1510",
                "box": [
                    137,
                    55,
                    169,
                    72
                ]
            },
            {
                "text": "-0",
                "box": [
                    171,
                    57,
                    193,
                    71
                ]
            }
        ],
        "id": 9,
        "neighbours": [
            "KOOL",
            "DESCRIPTION:",
            "SUPPLIER:",
            "JAN",
            "PROJECT NO.",
            "1987- 144- K",
            "KMDP ANALYSIS UTILIZING BLACK SWITCHING STUDY DATA",
            "C. B. Pugh",
            "Market Facts",
            "12, 500 (10- 15- 87)",
            "MR PERSONNEL:",
            "AUTHORIZED COST:",
            "RELEASED TO ACCTG",
            "PRODUCED FROM B&W WEB SITE"
        ]
    },
    {
        "text": "KMDP ANALYSIS UTILIZING BLACK SWITCHING STUDY DATA",
        "box": [
            197,
            100,
            625,
            125
        ],
        "linking": [
            [
                1,
                10
            ]
        ],
        "label": "answer",
        "words": [
            {
                "text": "KMDP",
                "box": [
                    197,
                    107,
                    236,
                    124
                ]
            },
            {
                "text": "ANALYSIS",
                "box": [
                    245,
                    108,
                    315,
                    123
                ]
            },
            {
                "text": "UTILIZING",
                "box": [
                    322,
                    106,
                    400,
                    125
                ]
            },
            {
                "text": "BLACK",
                "box": [
                    403,
                    104,
                    444,
                    122
                ]
            },
            {
                "text": "SWITCHING",
                "box": [
                    453,
                    100,
                    531,
                    121
                ]
            },
            {
                "text": "STUDY",
                "box": [
                    538,
                    104,
                    583,
                    121
                ]
            },
            {
                "text": "DATA",
                "box": [
                    587,
                    103,
                    625,
                    117
                ]
            }
        ],
        "id": 10,
        "neighbours": [
            "DESCRIPTION:",
            "CUMULATIVE",
            "JAN",
            "466024372",
            "466024372",
            "PROJECT NO.",
            "1987- 144- K",
            "0595- 529- 1510 -0",
            "C. B. Pugh",
            "Market Facts",
            "12, 500 (10- 15- 87)",
            "CARRYOVER TO 1988 -- 0",
            "MR PERSONNEL:",
            "AUTHORIZED COST:",
            "RELEASED TO ACCTG",
            "PAID OUT OF 1987 BUDGET",
            "PRODUCED FROM B&W WEB SITE"
        ]
    },
    {
        "text": "C. B. Pugh",
        "box": [
            200,
            177,
            278,
            195
        ],
        "linking": [
            [
                15,
                11
            ]
        ],
        "label": "answer",
        "words": [
            {
                "text": "C.",
                "box": [
                    200,
                    177,
                    217,
                    192
                ]
            },
            {
                "text": "B.",
                "box": [
                    218,
                    178,
                    236,
                    192
                ]
            },
            {
                "text": "Pugh",
                "box": [
                    245,
                    180,
                    278,
                    195
                ]
            }
        ],
        "id": 11,
        "neighbours": [
            "DESCRIPTION:",
            "JAN",
            "0595- 529- 1510 -0",
            "KMDP ANALYSIS UTILIZING BLACK SWITCHING STUDY DATA",
            "Market Facts",
            "12, 500 (10- 15- 87)",
            "MR PERSONNEL:",
            "AUTHORIZED COST:",
            "RELEASED TO ACCTG",
            "PAID OUT OF 1987 BUDGET",
            "PRODUCED FROM B&W WEB SITE"
        ]
    },
    {
        "text": "Market Facts",
        "box": [
            200,
            218,
            308,
            235
        ],
        "linking": [
            [
                2,
                12
            ]
        ],
        "label": "answer",
        "words": [
            {
                "text": "Market",
                "box": [
                    200,
                    221,
                    257,
                    235
                ]
            },
            {
                "text": "Facts",
                "box": [
                    261,
                    218,
                    308,
                    235
                ]
            }
        ],
        "id": 12,
        "neighbours": [
            "DESCRIPTION:",
            "SUPPLIER:",
            "JAN",
            "0595- 529- 1510 -0",
            "KMDP ANALYSIS UTILIZING BLACK SWITCHING STUDY DATA",
            "C. B. Pugh",
            "12, 500 (10- 15- 87)",
            "MR PERSONNEL:",
            "AUTHORIZED COST:",
            "RELEASED TO ACCTG",
            "PAID OUT OF 1987 BUDGET",
            "PRODUCED FROM B&W WEB SITE"
        ]
    },
    {
        "text": "12, 500 (10- 15- 87)",
        "box": [
            198,
            258,
            372,
            280
        ],
        "linking": [
            [
                16,
                13
            ]
        ],
        "label": "answer",
        "words": [
            {
                "text": "12,",
                "box": [
                    198,
                    262,
                    226,
                    280
                ]
            },
            {
                "text": "500",
                "box": [
                    231,
                    262,
                    259,
                    279
                ]
            },
            {
                "text": "(10-",
                "box": [
                    283,
                    258,
                    323,
                    277
                ]
            },
            {
                "text": "15-",
                "box": [
                    322,
                    261,
                    344,
                    279
                ]
            },
            {
                "text": "87)",
                "box": [
                    344,
                    262,
                    372,
                    276
                ]
            }
        ],
        "id": 13,
        "neighbours": [
            "DESCRIPTION:",
            "JAN",
            "PROJECT NO.",
            "0595- 529- 1510 -0",
            "KMDP ANALYSIS UTILIZING BLACK SWITCHING STUDY DATA",
            "C. B. Pugh",
            "Market Facts",
            "CARRYOVER TO 1988 -- 0",
            "MR PERSONNEL:",
            "AUTHORIZED COST:",
            "RELEASED TO ACCTG",
            "PAID OUT OF 1987 BUDGET",
            "PRODUCED FROM B&W WEB SITE"
        ]
    },
    {
        "text": "CARRYOVER TO 1988 -- 0",
        "box": [
            460,
            275,
            659,
            296
        ],
        "linking": [],
        "label": "other",
        "words": [
            {
                "text": "CARRYOVER",
                "box": [
                    460,
                    277,
                    547,
                    296
                ]
            },
            {
                "text": "TO",
                "box": [
                    553,
                    276,
                    571,
                    294
                ]
            },
            {
                "text": "1988",
                "box": [
                    577,
                    275,
                    608,
                    294
                ]
            },
            {
                "text": "--",
                "box": [
                    619,
                    277,
                    638,
                    292
                ]
            },
            {
                "text": "0",
                "box": [
                    639,
                    276,
                    659,
                    290
                ]
            }
        ],
        "id": 14,
        "neighbours": [
            "CUMULATIVE",
            "466024372",
            "466024372",
            "PROJECT NO.",
            "1987- 144- K",
            "KMDP ANALYSIS UTILIZING BLACK SWITCHING STUDY DATA",
            "12, 500 (10- 15- 87)",
            "AUTHORIZED COST:"
        ]
    },
    {
        "text": "MR PERSONNEL:",
        "box": [
            55,
            179,
            165,
            196
        ],
        "linking": [
            [
                15,
                11
            ]
        ],
        "label": "question",
        "words": [
            {
                "text": "MR",
                "box": [
                    55,
                    179,
                    76,
                    196
                ]
            },
            {
                "text": "PERSONNEL:",
                "box": [
                    81,
                    179,
                    165,
                    196
                ]
            }
        ],
        "id": 15,
        "neighbours": [
            "KOOL",
            "DESCRIPTION:",
            "SUPPLIER:",
            "JAN",
            "0595- 529- 1510 -0",
            "KMDP ANALYSIS UTILIZING BLACK SWITCHING STUDY DATA",
            "C. B. Pugh",
            "Market Facts",
            "12, 500 (10- 15- 87)",
            "AUTHORIZED COST:",
            "RELEASED TO ACCTG",
            "PRODUCED FROM B&W WEB SITE"
        ]
    },
    {
        "text": "AUTHORIZED COST:",
        "box": [
            55,
            262,
            194,
            279
        ],
        "linking": [
            [
                16,
                13
            ]
        ],
        "label": "question",
        "words": [
            {
                "text": "AUTHORIZED",
                "box": [
                    55,
                    262,
                    141,
                    277
                ]
            },
            {
                "text": "COST:",
                "box": [
                    146,
                    262,
                    194,
                    279
                ]
            }
        ],
        "id": 16,
        "neighbours": [
            "KOOL",
            "DESCRIPTION:",
            "SUPPLIER:",
            "JAN",
            "0595- 529- 1510 -0",
            "KMDP ANALYSIS UTILIZING BLACK SWITCHING STUDY DATA",
            "C. B. Pugh",
            "Market Facts",
            "12, 500 (10- 15- 87)",
            "CARRYOVER TO 1988 -- 0",
            "MR PERSONNEL:",
            "RELEASED TO ACCTG",
            "PRODUCED FROM B&W WEB SITE"
        ]
    },
    {
        "text": "RELEASED TO ACCTG",
        "box": [
            75,
            517,
            151,
            551
        ],
        "linking": [],
        "label": "question",
        "words": [
            {
                "text": "RELEASED",
                "box": [
                    78,
                    517,
                    151,
                    530
                ]
            },
            {
                "text": "TO",
                "box": [
                    75,
                    534,
                    100,
                    546
                ]
            },
            {
                "text": "ACCTG",
                "box": [
                    106,
                    534,
                    148,
                    551
                ]
            }
        ],
        "id": 17,
        "neighbours": [
            "KOOL",
            "DESCRIPTION:",
            "SUPPLIER:",
            "CUMULATIVE",
            "JAN",
            "0595- 529- 1510 -0",
            "KMDP ANALYSIS UTILIZING BLACK SWITCHING STUDY DATA",
            "C. B. Pugh",
            "Market Facts",
            "12, 500 (10- 15- 87)",
            "MR PERSONNEL:",
            "AUTHORIZED COST:",
            "PAID OUT OF 1987 BUDGET"
        ]
    },
    {
        "text": "PAID OUT OF 1987 BUDGET",
        "box": [
            292,
            509,
            389,
            548
        ],
        "linking": [
            [
                18,
                4
            ]
        ],
        "label": "question",
        "words": [
            {
                "text": "PAID",
                "box": [
                    292,
                    514,
                    330,
                    528
                ]
            },
            {
                "text": "OUT",
                "box": [
                    334,
                    514,
                    360,
                    528
                ]
            },
            {
                "text": "OF",
                "box": [
                    367,
                    509,
                    389,
                    528
                ]
            },
            {
                "text": "1987",
                "box": [
                    292,
                    531,
                    332,
                    544
                ]
            },
            {
                "text": "BUDGET",
                "box": [
                    337,
                    527,
                    385,
                    548
                ]
            }
        ],
        "id": 18,
        "neighbours": [
            "CUMULATIVE",
            "PROJECT NO.",
            "C. B. Pugh",
            "Market Facts",
            "12, 500 (10- 15- 87)",
            "RELEASED TO ACCTG"
        ]
    },
    {
        "text": "PRODUCED FROM B&W WEB SITE",
        "box": [
            5,
            950,
            228,
            970
        ],
        "linking": [],
        "label": "other",
        "words": [
            {
                "text": "PRODUCED",
                "box": [
                    5,
                    950,
                    85,
                    969
                ]
            },
            {
                "text": "FROM",
                "box": [
                    86,
                    950,
                    125,
                    970
                ]
            },
            {
                "text": "B&W",
                "box": [
                    127,
                    954,
                    160,
                    969
                ]
            },
            {
                "text": "WEB",
                "box": [
                    163,
                    950,
                    191,
                    969
                ]
            },
            {
                "text": "SITE",
                "box": [
                    195,
                    950,
                    228,
                    969
                ]
            }
        ],
        "id": 19,
        "neighbours": [
            "KOOL",
            "DESCRIPTION:",
            "SUPPLIER:",
            "JAN",
            "466024372",
            "0595- 529- 1510 -0",
            "KMDP ANALYSIS UTILIZING BLACK SWITCHING STUDY DATA",
            "C. B. Pugh",
            "Market Facts",
            "12, 500 (10- 15- 87)",
            "MR PERSONNEL:",
            "AUTHORIZED COST:",
            "RELEASED TO ACCTG"
        ]
    }
]