[
    {
        "box": [
            383,
            112,
            422,
            126
        ],
        "text": "DATE:",
        "label": "question",
        "words": [
            {
                "box": [
                    383,
                    112,
                    422,
                    126
                ],
                "text": "DATE:"
            }
        ],
        "linking": [
            [
                0,
                17
            ]
        ],
        "id": 0,
        "neighbours": [
            "PLACE:",
            "NO.",
            "CLIENT:",
            "PRODUCT:",
            "CONFIDENTIAL",
            "Telephone",
            "Viceroy",
            "Brown & Williamson",
            "1/ 19/ 82",
            "482 -2 R1",
            "DATE OF REPORT:",
            "Written by:"
        ]
    },
    {
        "box": [
            383,
            140,
            428,
            154
        ],
        "text": "PLACE:",
        "label": "question",
        "words": [
            {
                "box": [
                    383,
                    140,
                    428,
                    154
                ],
                "text": "PLACE:"
            }
        ],
        "linking": [
            [
                1,
                12
            ]
        ],
        "id": 1,
        "neighbours": [
            "DATE:",
            "NO.",
            "PRODUCT:",
            "PRESENT:",
            "CONFIDENTIAL",
            "Telephone",
            "Viceroy",
            "1/ 19/ 82",
            "482 -2 R1",
            "(For the client)",
            "DATE OF REPORT:",
            "2/ 17/ 82",
            "Written by:"
        ]
    },
    {
        "box": [
            520,
            117,
            542,
            130
        ],
        "text": "NO.",
        "label": "question",
        "words": [
            {
                "box": [
                    520,
                    117,
                    542,
                    130
                ],
                "text": "NO."
            }
        ],
        "linking": [
            [
                2,
                18
            ]
        ],
        "id": 2,
        "neighbours": [
            "DATE:",
            "PLACE:",
            "CLIENT:",
            "PRODUCT:",
            "CONFIDENTIAL",
            "Telephone",
            "Viceroy",
            "GREY ADVERTISING INC. - MEETING REPORT",
            "Brown & Williamson",
            "1/ 19/ 82",
            "482 -2 R1",
            "DATE OF REPORT:",
            "2/ 17/ 82",
            "Written by:",
            "P. Hendricks",
            "Client confirmed agreement for Agency to pay advance to with official photographer, signed estimate to follow, for 1/ 25/ 82. This was Viceroy Shoot week of agreed to by T. and January Parrack A. 18 pre- Forsythe production at the meeting"
        ]
    },
    {
        "box": [
            106,
            105,
            155,
            119
        ],
        "text": "CLIENT:",
        "label": "question",
        "words": [
            {
                "box": [
                    106,
                    105,
                    155,
                    119
                ],
                "text": "CLIENT:"
            }
        ],
        "linking": [
            [
                3,
                16
            ]
        ],
        "id": 3,
        "neighbours": [
            "DATE:",
            "NO.",
            "PRODUCT:",
            "PRESENT:",
            "SUMMARY:",
            "PH:",
            "cc:",
            "mg",
            "Viceroy",
            "GREY ADVERTISING INC. - MEETING REPORT",
            "Brown & Williamson",
            "1/ 19/ 82",
            "482 -2 R1",
            "(For the client)",
            "T. Parrack",
            "(For the agency)",
            "P. Hendricks",
            "Client confirmed agreement for Agency to pay advance to with official photographer, signed estimate to follow, for 1/ 25/ 82. This was Viceroy Shoot week of agreed to by T. and January Parrack A. 18 pre- Forsythe production at the meeting",
            "R. Schoenfein S. Dammers P. Hendricks"
        ]
    },
    {
        "box": [
            103,
            131,
            167,
            146
        ],
        "text": "PRODUCT:",
        "label": "question",
        "words": [
            {
                "box": [
                    103,
                    131,
                    167,
                    146
                ],
                "text": "PRODUCT:"
            }
        ],
        "linking": [
            [
                4,
                13
            ]
        ],
        "id": 4,
        "neighbours": [
            "DATE:",
            "PLACE:",
            "NO.",
            "CLIENT:",
            "PRESENT:",
            "SUMMARY:",
            "PH:",
            "cc:",
            "mg",
            "Telephone",
            "Viceroy",
            "GREY ADVERTISING INC. - MEETING REPORT",
            "Brown & Williamson",
            "1/ 19/ 82",
            "482 -2 R1",
            "(For the client)",
            "T. Parrack",
            "(For the agency)",
            "P. Hendricks",
            "Client confirmed agreement for Agency to pay advance to with official photographer, signed estimate to follow, for 1/ 25/ 82. This was Viceroy Shoot week of agreed to by T. and January Parrack A. 18 pre- Forsythe production at the meeting",
            "R. Schoenfein S. Dammers P. Hendricks"
        ]
    },
    {
        "box": [
            105,
            159,
            165,
            176
        ],
        "text": "PRESENT:",
        "label": "question",
        "words": [
            {
                "box": [
                    105,
                    159,
                    165,
                    176
                ],
                "text": "PRESENT:"
            }
        ],
        "linking": [
            [
                5,
                19
            ],
            [
                5,
                20
            ]
        ],
        "id": 5,
        "neighbours": [
            "PLACE:",
            "CLIENT:",
            "PRODUCT:",
            "SUMMARY:",
            "PH:",
            "cc:",
            "mg",
            "Telephone",
            "Viceroy",
            "GREY ADVERTISING INC. - MEETING REPORT",
            "Brown & Williamson",
            "(For the client)",
            "T. Parrack",
            "DATE OF REPORT:",
            "2/ 17/ 82",
            "(For the agency)",
            "P. Hendricks",
            "Client confirmed agreement for Agency to pay advance to with official photographer, signed estimate to follow, for 1/ 25/ 82. This was Viceroy Shoot week of agreed to by T. and January Parrack A. 18 pre- Forsythe production at the meeting",
            "R. Schoenfein S. Dammers P. Hendricks"
        ]
    },
    {
        "box": [
            99,
            282,
            166,
            300
        ],
        "text": "SUMMARY:",
        "label": "question",
        "words": [
            {
                "box": [
                    99,
                    282,
                    166,
                    300
                ],
                "text": "SUMMARY:"
            }
        ],
        "linking": [
            [
                6,
                27
            ]
        ],
        "id": 6,
        "neighbours": [
            "CLIENT:",
            "PRODUCT:",
            "PRESENT:",
            "PH:",
            "cc:",
            "mg",
            "Viceroy",
            "GREY ADVERTISING INC. - MEETING REPORT",
            "Brown & Williamson",
            "(For the client)",
            "T. Parrack",
            "(For the agency)",
            "P. Hendricks",
            "Written by:",
            "P. Hendricks",
            "Client confirmed agreement for Agency to pay advance to with official photographer, signed estimate to follow, for 1/ 25/ 82. This was Viceroy Shoot week of agreed to by T. and January Parrack A. 18 pre- Forsythe production at the meeting",
            "R. Schoenfein S. Dammers P. Hendricks"
        ]
    },
    {
        "box": [
            447,
            328,
            546,
            343
        ],
        "text": "CONFIDENTIAL",
        "label": "question",
        "words": [
            {
                "box": [
                    447,
                    328,
                    546,
                    343
                ],
                "text": "CONFIDENTIAL"
            }
        ],
        "linking": [],
        "id": 7,
        "neighbours": [
            "DATE:",
            "PLACE:",
            "NO.",
            "Telephone",
            "GREY ADVERTISING INC. - MEETING REPORT",
            "1/ 19/ 82",
            "482 -2 R1",
            "DATE OF REPORT:",
            "2/ 17/ 82",
            "Written by:",
            "P. Hendricks",
            "Client confirmed agreement for Agency to pay advance to with official photographer, signed estimate to follow, for 1/ 25/ 82. This was Viceroy Shoot week of agreed to by T. and January Parrack A. 18 pre- Forsythe production at the meeting"
        ]
    },
    {
        "box": [
            95,
            501,
            113,
            514
        ],
        "text": "PH:",
        "label": "question",
        "words": [
            {
                "box": [
                    95,
                    501,
                    113,
                    514
                ],
                "text": "PH:"
            }
        ],
        "linking": [
            [
                8,
                11
            ]
        ],
        "id": 8,
        "neighbours": [
            "CLIENT:",
            "PRODUCT:",
            "PRESENT:",
            "SUMMARY:",
            "cc:",
            "mg",
            "GREY ADVERTISING INC. - MEETING REPORT",
            "T. Parrack",
            "P. Hendricks",
            "Client confirmed agreement for Agency to pay advance to with official photographer, signed estimate to follow, for 1/ 25/ 82. This was Viceroy Shoot week of agreed to by T. and January Parrack A. 18 pre- Forsythe production at the meeting",
            "R. Schoenfein S. Dammers P. Hendricks"
        ]
    },
    {
        "box": [
            94,
            532,
            114,
            543
        ],
        "text": "cc:",
        "label": "question",
        "words": [
            {
                "box": [
                    94,
                    532,
                    114,
                    543
                ],
                "text": "cc:"
            }
        ],
        "linking": [
            [
                9,
                28
            ]
        ],
        "id": 9,
        "neighbours": [
            "CLIENT:",
            "PRODUCT:",
            "PRESENT:",
            "SUMMARY:",
            "PH:",
            "mg",
            "GREY ADVERTISING INC. - MEETING REPORT",
            "T. Parrack",
            "P. Hendricks",
            "Client confirmed agreement for Agency to pay advance to with official photographer, signed estimate to follow, for 1/ 25/ 82. This was Viceroy Shoot week of agreed to by T. and January Parrack A. 18 pre- Forsythe production at the meeting",
            "R. Schoenfein S. Dammers P. Hendricks"
        ]
    },
    {
        "box": [
            623,
            714,
            643,
            829
        ],
        "text": "670121460",
        "label": "other",
        "words": [
            {
                "box": [
                    623,
                    714,
                    643,
                    829
                ],
                "text": "670121460"
            }
        ],
        "linking": [],
        "id": 10,
        "neighbours": [
            "FEB 23 1982",
            "482 -2 R1",
            "P. Hendricks",
            "Client confirmed agreement for Agency to pay advance to with official photographer, signed estimate to follow, for 1/ 25/ 82. This was Viceroy Shoot week of agreed to by T. and January Parrack A. 18 pre- Forsythe production at the meeting"
        ]
    },
    {
        "box": [
            115,
            506,
            130,
            517
        ],
        "text": "mg",
        "label": "answer",
        "words": [
            {
                "box": [
                    115,
                    506,
                    130,
                    517
                ],
                "text": "mg"
            }
        ],
        "linking": [
            [
                8,
                11
            ]
        ],
        "id": 11,
        "neighbours": [
            "CLIENT:",
            "PRODUCT:",
            "PRESENT:",
            "SUMMARY:",
            "PH:",
            "cc:",
            "GREY ADVERTISING INC. - MEETING REPORT",
            "Brown & Williamson",
            "(For the client)",
            "T. Parrack",
            "(For the agency)",
            "P. Hendricks",
            "Client confirmed agreement for Agency to pay advance to with official photographer, signed estimate to follow, for 1/ 25/ 82. This was Viceroy Shoot week of agreed to by T. and January Parrack A. 18 pre- Forsythe production at the meeting",
            "R. Schoenfein S. Dammers P. Hendricks"
        ]
    },
    {
        "box": [
            437,
            141,
            501,
            158
        ],
        "text": "Telephone",
        "label": "answer",
        "words": [
            {
                "box": [
                    437,
                    141,
                    501,
                    158
                ],
                "text": "Telephone"
            }
        ],
        "linking": [
            [
                1,
                12
            ]
        ],
        "id": 12,
        "neighbours": [
            "DATE:",
            "PLACE:",
            "NO.",
            "PRODUCT:",
            "PRESENT:",
            "CONFIDENTIAL",
            "Viceroy",
            "1/ 19/ 82",
            "482 -2 R1",
            "(For the client)",
            "DATE OF REPORT:",
            "2/ 17/ 82",
            "Written by:",
            "P. Hendricks"
        ]
    },
    {
        "box": [
            186,
            135,
            236,
            150
        ],
        "text": "Viceroy",
        "label": "answer",
        "words": [
            {
                "box": [
                    186,
                    135,
                    236,
                    150
                ],
                "text": "Viceroy"
            }
        ],
        "linking": [
            [
                4,
                13
            ]
        ],
        "id": 13,
        "neighbours": [
            "DATE:",
            "PLACE:",
            "NO.",
            "CLIENT:",
            "PRODUCT:",
            "PRESENT:",
            "SUMMARY:",
            "Telephone",
            "Brown & Williamson",
            "1/ 19/ 82",
            "482 -2 R1",
            "(For the client)",
            "T. Parrack",
            "(For the agency)",
            "P. Hendricks",
            "R. Schoenfein S. Dammers P. Hendricks",
            "670121460 PRODUCED FROM B& W WEB SITE"
        ]
    },
    {
        "text": "GREY ADVERTISING INC. - MEETING REPORT",
        "box": [
            71,
            56,
            574,
            84
        ],
        "linking": [],
        "label": "header",
        "words": [
            {
                "text": "GREY",
                "box": [
                    71,
                    56,
                    131,
                    73
                ]
            },
            {
                "text": "ADVERTISING",
                "box": [
                    142,
                    57,
                    294,
                    78
                ]
            },
            {
                "text": "INC.",
                "box": [
                    307,
                    63,
                    349,
                    78
                ]
            },
            {
                "text": "-",
                "box": [
                    353,
                    63,
                    364,
                    80
                ]
            },
            {
                "text": "MEETING",
                "box": [
                    372,
                    64,
                    473,
                    81
                ]
            },
            {
                "text": "REPORT",
                "box": [
                    483,
                    67,
                    574,
                    84
                ]
            }
        ],
        "id": 14,
        "neighbours": [
            "DATE:",
            "PLACE:",
            "NO.",
            "CLIENT:",
            "PRODUCT:",
            "PRESENT:",
            "SUMMARY:",
            "CONFIDENTIAL",
            "PH:",
            "cc:",
            "mg",
            "Telephone",
            "Viceroy",
            "FEB 23 1982",
            "Brown & Williamson",
            "1/ 19/ 82",
            "482 -2 R1",
            "(For the client)",
            "T. Parrack",
            "DATE OF REPORT:",
            "2/ 17/ 82",
            "(For the agency)",
            "P. Hendricks",
            "Written by:",
            "P. Hendricks",
            "Client confirmed agreement for Agency to pay advance to with official photographer, signed estimate to follow, for 1/ 25/ 82. This was Viceroy Shoot week of agreed to by T. and January Parrack A. 18 pre- Forsythe production at the meeting",
            "R. Schoenfein S. Dammers P. Hendricks",
            "670121460 PRODUCED FROM B& W WEB SITE"
        ]
    },
    {
        "text": "FEB 23 1982",
        "box": [
            605,
            56,
            685,
            91
        ],
        "linking": [],
        "label": "other",
        "words": [
            {
                "text": "FEB",
                "box": [
                    605,
                    56,
                    630,
                    78
                ]
            },
            {
                "text": "23",
                "box": [
                    635,
                    66,
                    659,
                    84
                ]
            },
            {
                "text": "1982",
                "box": [
                    661,
                    70,
                    685,
                    91
                ]
            }
        ],
        "id": 15,
        "neighbours": [
            "670121460",
            "GREY ADVERTISING INC. - MEETING REPORT",
            "482 -2 R1",
            "P. Hendricks",
            "Client confirmed agreement for Agency to pay advance to with official photographer, signed estimate to follow, for 1/ 25/ 82. This was Viceroy Shoot week of agreed to by T. and January Parrack A. 18 pre- Forsythe production at the meeting"
        ]
    },
    {
        "text": "Brown & Williamson",
        "box": [
            170,
            106,
            299,
            123
        ],
        "linking": [
            [
                3,
                16
            ]
        ],
        "label": "answer",
        "words": [
            {
                "text": "Brown",
                "box": [
                    170,
                    106,
                    208,
                    119
                ]
            },
            {
                "text": "&",
                "box": [
                    214,
                    108,
                    222,
                    121
                ]
            },
            {
                "text": "Williamson",
                "box": [
                    226,
                    108,
                    299,
                    123
                ]
            }
        ],
        "id": 16,
        "neighbours": [
            "DATE:",
            "NO.",
            "CLIENT:",
            "PRODUCT:",
            "PRESENT:",
            "SUMMARY:",
            "mg",
            "Viceroy",
            "1/ 19/ 82",
            "482 -2 R1",
            "(For the client)",
            "T. Parrack",
            "(For the agency)",
            "P. Hendricks",
            "R. Schoenfein S. Dammers P. Hendricks",
            "670121460 PRODUCED FROM B& W WEB SITE"
        ]
    },
    {
        "text": "1/ 19/ 82",
        "box": [
            437,
            113,
            487,
            130
        ],
        "linking": [
            [
                0,
                17
            ]
        ],
        "label": "answer",
        "words": [
            {
                "text": "1/",
                "box": [
                    437,
                    113,
                    451,
                    127
                ]
            },
            {
                "text": "19/",
                "box": [
                    453,
                    113,
                    473,
                    130
                ]
            },
            {
                "text": "82",
                "box": [
                    472,
                    113,
                    487,
                    128
                ]
            }
        ],
        "id": 17,
        "neighbours": [
            "DATE:",
            "PLACE:",
            "NO.",
            "CLIENT:",
            "PRODUCT:",
            "CONFIDENTIAL",
            "Telephone",
            "Viceroy",
            "Brown & Williamson",
            "482 -2 R1",
            "DATE OF REPORT:",
            "2/ 17/ 82",
            "Written by:"
        ]
    },
    {
        "text": "482 -2 R1",
        "box": [
            550,
            116,
            606,
            132
        ],
        "linking": [
            [
                2,
                18
            ]
        ],
        "label": "answer",
        "words": [
            {
                "text": "482",
                "box": [
                    550,
                    116,
                    575,
                    131
                ]
            },
            {
                "text": "-2",
                "box": [
                    575,
                    117,
                    585,
                    132
                ]
            },
            {
                "text": "R1",
                "box": [
                    589,
                    117,
                    606,
                    131
                ]
            }
        ],
        "id": 18,
        "neighbours": [
            "DATE:",
            "PLACE:",
            "NO.",
            "CLIENT:",
            "PRODUCT:",
            "CONFIDENTIAL",
            "670121460",
            "Telephone",
            "Viceroy",
            "GREY ADVERTISING INC. - MEETING REPORT",
            "FEB 23 1982",
            "Brown & Williamson",
            "1/ 19/ 82",
            "2/ 17/ 82",
            "Written by:",
            "P. Hendricks",
            "Client confirmed agreement for Agency to pay advance to with official photographer, signed estimate to follow, for 1/ 25/ 82. This was Viceroy Shoot week of agreed to by T. and January Parrack A. 18 pre- Forsythe production at the meeting"
        ]
    },
    {
        "text": "(For the client)",
        "box": [
            166,
            163,
            251,
            180
        ],
        "linking": [
            [
                5,
                19
            ]
        ],
        "label": "answer",
        "words": [
            {
                "text": "(For",
                "box": [
                    166,
                    163,
                    190,
                    176
                ]
            },
            {
                "text": "the",
                "box": [
                    193,
                    163,
                    213,
                    176
                ]
            },
            {
                "text": "client)",
                "box": [
                    216,
                    163,
                    251,
                    180
                ]
            }
        ],
        "id": 19,
        "neighbours": [
            "PLACE:",
            "CLIENT:",
            "PRODUCT:",
            "PRESENT:",
            "SUMMARY:",
            "mg",
            "Telephone",
            "Viceroy",
            "Brown & Williamson",
            "T. Parrack",
            "DATE OF REPORT:",
            "2/ 17/ 82",
            "(For the agency)",
            "P. Hendricks",
            "R. Schoenfein S. Dammers P. Hendricks",
            "670121460 PRODUCED FROM B& W WEB SITE"
        ]
    },
    {
        "text": "T. Parrack",
        "box": [
            101,
            182,
            172,
            197
        ],
        "linking": [
            [
                5,
                20
            ]
        ],
        "label": "answer",
        "words": [
            {
                "text": "T.",
                "box": [
                    101,
                    182,
                    115,
                    196
                ]
            },
            {
                "text": "Parrack",
                "box": [
                    122,
                    183,
                    172,
                    197
                ]
            }
        ],
        "id": 20,
        "neighbours": [
            "CLIENT:",
            "PRODUCT:",
            "PRESENT:",
            "SUMMARY:",
            "PH:",
            "cc:",
            "mg",
            "Viceroy",
            "GREY ADVERTISING INC. - MEETING REPORT",
            "Brown & Williamson",
            "(For the client)",
            "DATE OF REPORT:",
            "2/ 17/ 82",
            "(For the agency)",
            "P. Hendricks",
            "Client confirmed agreement for Agency to pay advance to with official photographer, signed estimate to follow, for 1/ 25/ 82. This was Viceroy Shoot week of agreed to by T. and January Parrack A. 18 pre- Forsythe production at the meeting",
            "R. Schoenfein S. Dammers P. Hendricks"
        ]
    },
    {
        "text": "DATE OF REPORT:",
        "box": [
            383,
            166,
            473,
            183
        ],
        "linking": [
            [
                21,
                22
            ]
        ],
        "label": "question",
        "words": [
            {
                "text": "DATE",
                "box": [
                    383,
                    166,
                    408,
                    180
                ]
            },
            {
                "text": "OF",
                "box": [
                    412,
                    168,
                    427,
                    182
                ]
            },
            {
                "text": "REPORT:",
                "box": [
                    430,
                    169,
                    473,
                    183
                ]
            }
        ],
        "id": 21,
        "neighbours": [
            "DATE:",
            "PLACE:",
            "NO.",
            "PRESENT:",
            "CONFIDENTIAL",
            "Telephone",
            "1/ 19/ 82",
            "(For the client)",
            "T. Parrack",
            "2/ 17/ 82",
            "Written by:"
        ]
    },
    {
        "text": "2/ 17/ 82",
        "box": [
            476,
            170,
            529,
            187
        ],
        "linking": [
            [
                21,
                22
            ]
        ],
        "label": "answer",
        "words": [
            {
                "text": "2/",
                "box": [
                    476,
                    170,
                    491,
                    184
                ]
            },
            {
                "text": "17/",
                "box": [
                    493,
                    172,
                    513,
                    187
                ]
            },
            {
                "text": "82",
                "box": [
                    514,
                    172,
                    529,
                    186
                ]
            }
        ],
        "id": 22,
        "neighbours": [
            "PLACE:",
            "NO.",
            "PRESENT:",
            "CONFIDENTIAL",
            "Telephone",
            "GREY ADVERTISING INC. - MEETING REPORT",
            "1/ 19/ 82",
            "482 -2 R1",
            "(For the client)",
            "T. Parrack",
            "DATE OF REPORT:",
            "Written by:",
            "P. Hendricks"
        ]
    },
    {
        "text": "(For the agency)",
        "box": [
            165,
            226,
            259,
            242
        ],
        "linking": [],
        "label": "other",
        "words": [
            {
                "text": "(For",
                "box": [
                    165,
                    226,
                    187,
                    240
                ]
            },
            {
                "text": "the",
                "box": [
                    191,
                    226,
                    211,
                    241
                ]
            },
            {
                "text": "agency)",
                "box": [
                    214,
                    228,
                    259,
                    242
                ]
            }
        ],
        "id": 23,
        "neighbours": [
            "CLIENT:",
            "PRODUCT:",
            "PRESENT:",
            "SUMMARY:",
            "mg",
            "Viceroy",
            "Brown & Williamson",
            "(For the client)",
            "T. Parrack",
            "P. Hendricks",
            "R. Schoenfein S. Dammers P. Hendricks",
            "670121460 PRODUCED FROM B& W WEB SITE"
        ]
    },
    {
        "text": "P. Hendricks",
        "box": [
            99,
            244,
            183,
            261
        ],
        "linking": [],
        "label": "other",
        "words": [
            {
                "text": "P.",
                "box": [
                    99,
                    246,
                    113,
                    260
                ]
            },
            {
                "text": "Hendricks",
                "box": [
                    120,
                    244,
                    183,
                    261
                ]
            }
        ],
        "id": 24,
        "neighbours": [
            "CLIENT:",
            "PRODUCT:",
            "PRESENT:",
            "SUMMARY:",
            "PH:",
            "cc:",
            "mg",
            "Viceroy",
            "GREY ADVERTISING INC. - MEETING REPORT",
            "Brown & Williamson",
            "(For the client)",
            "T. Parrack",
            "(For the agency)",
            "Client confirmed agreement for Agency to pay advance to with official photographer, signed estimate to follow, for 1/ 25/ 82. This was Viceroy Shoot week of agreed to by T. and January Parrack A. 18 pre- Forsythe production at the meeting",
            "R. Schoenfein S. Dammers P. Hendricks"
        ]
    },
    {
        "text": "Written by:",
        "box": [
            447,
            306,
            525,
            322
        ],
        "linking": [
            [
                25,
                26
            ]
        ],
        "label": "question",
        "words": [
            {
                "text": "Written",
                "box": [
                    447,
                    306,
                    497,
                    321
                ]
            },
            {
                "text": "by:",
                "box": [
                    503,
                    309,
                    525,
                    322
                ]
            }
        ],
        "id": 25,
        "neighbours": [
            "DATE:",
            "PLACE:",
            "NO.",
            "SUMMARY:",
            "CONFIDENTIAL",
            "Telephone",
            "1/ 19/ 82",
            "482 -2 R1",
            "DATE OF REPORT:",
            "2/ 17/ 82",
            "P. Hendricks"
        ]
    },
    {
        "text": "P. Hendricks",
        "box": [
            538,
            306,
            624,
            323
        ],
        "linking": [
            [
                25,
                26
            ]
        ],
        "label": "answer",
        "words": [
            {
                "text": "P.",
                "box": [
                    538,
                    306,
                    553,
                    321
                ]
            },
            {
                "text": "Hendricks",
                "box": [
                    560,
                    309,
                    624,
                    323
                ]
            }
        ],
        "id": 26,
        "neighbours": [
            "NO.",
            "SUMMARY:",
            "CONFIDENTIAL",
            "670121460",
            "Telephone",
            "GREY ADVERTISING INC. - MEETING REPORT",
            "FEB 23 1982",
            "482 -2 R1",
            "2/ 17/ 82",
            "Written by:",
            "Client confirmed agreement for Agency to pay advance to with official photographer, signed estimate to follow, for 1/ 25/ 82. This was Viceroy Shoot week of agreed to by T. and January Parrack A. 18 pre- Forsythe production at the meeting"
        ]
    },
    {
        "text": "Client confirmed agreement for Agency to pay advance to with official photographer, signed estimate to follow, for 1/ 25/ 82. This was Viceroy Shoot week of agreed to by T. and January Parrack A. 18 pre- Forsythe production at the meeting",
        "box": [
            95,
            374,
            580,
            436
        ],
        "linking": [
            [
                6,
                27
            ]
        ],
        "label": "other",
        "words": [
            {
                "text": "Client",
                "box": [
                    96,
                    374,
                    138,
                    387
                ]
            },
            {
                "text": "confirmed",
                "box": [
                    147,
                    377,
                    208,
                    390
                ]
            },
            {
                "text": "agreement",
                "box": [
                    216,
                    380,
                    279,
                    391
                ]
            },
            {
                "text": "for",
                "box": [
                    286,
                    380,
                    306,
                    391
                ]
            },
            {
                "text": "Agency",
                "box": [
                    313,
                    378,
                    356,
                    393
                ]
            },
            {
                "text": "to",
                "box": [
                    363,
                    383,
                    377,
                    394
                ]
            },
            {
                "text": "pay",
                "box": [
                    383,
                    384,
                    405,
                    394
                ]
            },
            {
                "text": "advance",
                "box": [
                    412,
                    384,
                    459,
                    395
                ]
            },
            {
                "text": "to",
                "box": [
                    468,
                    385,
                    482,
                    395
                ]
            },
            {
                "text": "with",
                "box": [
                    95,
                    390,
                    126,
                    403
                ]
            },
            {
                "text": "official",
                "box": [
                    133,
                    391,
                    187,
                    402
                ]
            },
            {
                "text": "photographer,",
                "box": [
                    489,
                    385,
                    580,
                    399
                ]
            },
            {
                "text": "signed",
                "box": [
                    194,
                    394,
                    237,
                    405
                ]
            },
            {
                "text": "estimate",
                "box": [
                    244,
                    395,
                    300,
                    406
                ]
            },
            {
                "text": "to",
                "box": [
                    307,
                    394,
                    320,
                    407
                ]
            },
            {
                "text": "follow,",
                "box": [
                    327,
                    395,
                    377,
                    408
                ]
            },
            {
                "text": "for",
                "box": [
                    384,
                    397,
                    405,
                    408
                ]
            },
            {
                "text": "1/",
                "box": [
                    96,
                    404,
                    110,
                    415
                ]
            },
            {
                "text": "25/",
                "box": [
                    109,
                    404,
                    130,
                    417
                ]
            },
            {
                "text": "82.",
                "box": [
                    131,
                    404,
                    151,
                    417
                ]
            },
            {
                "text": "This",
                "box": [
                    166,
                    405,
                    194,
                    418
                ]
            },
            {
                "text": "was",
                "box": [
                    200,
                    406,
                    222,
                    417
                ]
            },
            {
                "text": "Viceroy",
                "box": [
                    411,
                    397,
                    460,
                    412
                ]
            },
            {
                "text": "Shoot",
                "box": [
                    466,
                    399,
                    502,
                    412
                ]
            },
            {
                "text": "week",
                "box": [
                    508,
                    401,
                    537,
                    412
                ]
            },
            {
                "text": "of",
                "box": [
                    545,
                    401,
                    560,
                    412
                ]
            },
            {
                "text": "agreed",
                "box": [
                    229,
                    408,
                    271,
                    421
                ]
            },
            {
                "text": "to",
                "box": [
                    278,
                    408,
                    292,
                    421
                ]
            },
            {
                "text": "by",
                "box": [
                    299,
                    409,
                    313,
                    422
                ]
            },
            {
                "text": "T.",
                "box": [
                    320,
                    409,
                    334,
                    420
                ]
            },
            {
                "text": "and",
                "box": [
                    397,
                    412,
                    419,
                    422
                ]
            },
            {
                "text": "January",
                "box": [
                    96,
                    416,
                    145,
                    431
                ]
            },
            {
                "text": "Parrack",
                "box": [
                    339,
                    411,
                    389,
                    425
                ]
            },
            {
                "text": "A.",
                "box": [
                    423,
                    412,
                    438,
                    425
                ]
            },
            {
                "text": "18",
                "box": [
                    152,
                    418,
                    166,
                    432
                ]
            },
            {
                "text": "pre-",
                "box": [
                    173,
                    420,
                    200,
                    431
                ]
            },
            {
                "text": "Forsythe",
                "box": [
                    446,
                    413,
                    502,
                    426
                ]
            },
            {
                "text": "production",
                "box": [
                    201,
                    420,
                    272,
                    434
                ]
            },
            {
                "text": "at",
                "box": [
                    508,
                    415,
                    523,
                    428
                ]
            },
            {
                "text": "the",
                "box": [
                    531,
                    413,
                    552,
                    426
                ]
            },
            {
                "text": "meeting",
                "box": [
                    277,
                    423,
                    333,
                    436
                ]
            }
        ],
        "id": 27,
        "neighbours": [
            "DATE:",
            "PLACE:",
            "NO.",
            "CLIENT:",
            "PRODUCT:",
            "PRESENT:",
            "SUMMARY:",
            "CONFIDENTIAL",
            "PH:",
            "cc:",
            "670121460",
            "mg",
            "Telephone",
            "Viceroy",
            "GREY ADVERTISING INC. - MEETING REPORT",
            "FEB 23 1982",
            "Brown & Williamson",
            "1/ 19/ 82",
            "482 -2 R1",
            "(For the client)",
            "T. Parrack",
            "DATE OF REPORT:",
            "2/ 17/ 82",
            "(For the agency)",
            "P. Hendricks",
            "Written by:",
            "P. Hendricks",
            "R. Schoenfein S. Dammers P. Hendricks",
            "670121460 PRODUCED FROM B& W WEB SITE"
        ]
    },
    {
        "text": "R. Schoenfein S. Dammers P. Hendricks",
        "box": [
            127,
            531,
            219,
            574
        ],
        "linking": [
            [
                9,
                28
            ]
        ],
        "label": "answer",
        "words": [
            {
                "text": "R.",
                "box": [
                    127,
                    531,
                    142,
                    544
                ]
            },
            {
                "text": "Schoenfein",
                "box": [
                    149,
                    531,
                    219,
                    546
                ]
            },
            {
                "text": "S.",
                "box": [
                    127,
                    545,
                    141,
                    559
                ]
            },
            {
                "text": "Dammers",
                "box": [
                    149,
                    543,
                    198,
                    558
                ]
            },
            {
                "text": "P.",
                "box": [
                    127,
                    560,
                    141,
                    574
                ]
            },
            {
                "text": "Hendricks",
                "box": [
                    149,
                    559,
                    212,
                    574
                ]
            }
        ],
        "id": 28,
        "neighbours": [
            "CLIENT:",
            "PRODUCT:",
            "PRESENT:",
            "SUMMARY:",
            "PH:",
            "cc:",
            "mg",
            "Viceroy",
            "Brown & Williamson",
            "(For the client)",
            "T. Parrack",
            "(For the agency)",
            "P. Hendricks",
            "Client confirmed agreement for Agency to pay advance to with official photographer, signed estimate to follow, for 1/ 25/ 82. This was Viceroy Shoot week of agreed to by T. and January Parrack A. 18 pre- Forsythe production at the meeting",
            "670121460 PRODUCED FROM B& W WEB SITE"
        ]
    },
    {
        "text": "670121460 PRODUCED FROM B& W WEB SITE",
        "box": [
            1,
            953,
            232,
            982
        ],
        "linking": [],
        "label": "other",
        "words": [
            {
                "text": "670121460",
                "box": [
                    1,
                    953,
                    79,
                    967
                ]
            },
            {
                "text": "PRODUCED",
                "box": [
                    1,
                    965,
                    72,
                    982
                ]
            },
            {
                "text": "FROM",
                "box": [
                    81,
                    969,
                    117,
                    980
                ]
            },
            {
                "text": "B&",
                "box": [
                    122,
                    969,
                    140,
                    982
                ]
            },
            {
                "text": "W",
                "box": [
                    141,
                    968,
                    154,
                    982
                ]
            },
            {
                "text": "WEB",
                "box": [
                    159,
                    968,
                    187,
                    982
                ]
            },
            {
                "text": "SITE",
                "box": [
                    194,
                    968,
                    232,
                    981
                ]
            }
        ],
        "id": 29,
        "neighbours": [
            "CLIENT:",
            "PRODUCT:",
            "PRESENT:",
            "SUMMARY:",
            "PH:",
            "cc:",
            "mg",
            "Viceroy",
            "GREY ADVERTISING INC. - MEETING REPORT",
            "Brown & Williamson",
            "(For the client)",
            "T. Parrack",
            "(For the agency)",
            "P. Hendricks",
            "Client confirmed agreement for Agency to pay advance to with official photographer, signed estimate to follow, for 1/ 25/ 82. This was Viceroy Shoot week of agreed to by T. and January Parrack A. 18 pre- Forsythe production at the meeting",
            "R. Schoenfein S. Dammers P. Hendricks"
        ]
    }
]