[
    {
        "box": [
            85,
            527,
            148,
            542
        ],
        "text": "Signature",
        "label": "question",
        "words": [
            {
                "box": [
                    85,
                    527,
                    148,
                    542
                ],
                "text": "Signature"
            }
        ],
        "linking": [
            [
                0,
                31
            ],
            [
                30,
                0
            ]
        ],
        "id": 0,
        "neighbours": [
            "Department",
            "Date",
            "Signature",
            "T&N",
            "WARNING",
            "DATE",
            "8'",
            "",
            "33/16\"WX21/2\"H",
            "10/22/98",
            "REVISIONS",
            "BRAND",
            "DESCRIPTION",
            "7848",
            "JOB NO.",
            "BROWN & WILLIAMSON TOBACCO CORPORATION B&W",
            "KOOL Natural",
            "Passport Winter Program Ad- EMRO",
            "7.96875 sq inches",
            "SQ. INCHES/FEET",
            "TRIM SIZE",
            "Exhibt 1(a) Statement A",
            "OTT APPROVALS",
            "LKelly ",
            "production AE",
            "10/22/98 10/22/98",
            "B&W APPROVALS"
        ]
    },
    {
        "box": [
            319,
            525,
            392,
            540
        ],
        "text": "Department",
        "label": "question",
        "words": [
            {
                "box": [
                    319,
                    525,
                    392,
                    540
                ],
                "text": "Department"
            }
        ],
        "linking": [
            [
                1,
                32
            ],
            [
                30,
                1
            ]
        ],
        "id": 1,
        "neighbours": [
            "Signature",
            "Date",
            "Department",
            "",
            "33/16\"WX21/2\"H",
            "BROWN & WILLIAMSON TOBACCO CORPORATION B&W",
            "Passport Winter Program Ad- EMRO",
            "7.96875 sq inches",
            "Exhibt 1(a) Statement A",
            "Legal Approval",
            "OTT APPROVALS",
            "LKelly ",
            "production AE",
            "10/22/98 10/22/98",
            "DATE COMPLETE"
        ]
    },
    {
        "box": [
            513,
            523,
            548,
            538
        ],
        "text": "Date",
        "label": "question",
        "words": [
            {
                "box": [
                    513,
                    523,
                    548,
                    538
                ],
                "text": "Date"
            }
        ],
        "linking": [
            [
                2,
                33
            ],
            [
                30,
                2
            ]
        ],
        "id": 2,
        "neighbours": [
            "Signature",
            "Department",
            "Date",
            "44",
            "(Date)",
            "INC",
            "",
            "OTT APPROVALS",
            "LKelly ",
            "production AE",
            "10/22/98 10/22/98",
            "REVISIONS APPROVED"
        ]
    },
    {
        "box": [
            515,
            676,
            553,
            693
        ],
        "text": "Date",
        "label": "question",
        "words": [
            {
                "box": [
                    515,
                    676,
                    553,
                    693
                ],
                "text": "Date"
            }
        ],
        "linking": [
            [
                34,
                3
            ]
        ],
        "id": 3,
        "neighbours": [
            "Date",
            "Department",
            "Signature",
            "44",
            "(Date)",
            "INC",
            "",
            "10/22/98 10/22/98",
            "B&W APPROVALS",
            "REVISIONS APPROVED"
        ]
    },
    {
        "box": [
            322,
            679,
            398,
            697
        ],
        "text": "Department",
        "label": "question",
        "words": [
            {
                "box": [
                    322,
                    679,
                    398,
                    697
                ],
                "text": "Department"
            }
        ],
        "linking": [
            [
                34,
                4
            ]
        ],
        "id": 4,
        "neighbours": [
            "Department",
            "Date",
            "Signature",
            "",
            "33/16\"WX21/2\"H",
            "BROWN & WILLIAMSON TOBACCO CORPORATION B&W",
            "Passport Winter Program Ad- EMRO",
            "7.96875 sq inches",
            "Exhibt 1(a) Statement A",
            "Legal Approval",
            "production AE",
            "B&W APPROVALS",
            "DATE COMPLETE"
        ]
    },
    {
        "box": [
            88,
            683,
            148,
            698
        ],
        "text": "Signature",
        "label": "question",
        "words": [
            {
                "box": [
                    88,
                    683,
                    148,
                    698
                ],
                "text": "Signature"
            }
        ],
        "linking": [
            [
                34,
                5
            ],
            [
                5,
                11
            ]
        ],
        "id": 5,
        "neighbours": [
            "Signature",
            "Date",
            "Department",
            "T&N",
            "WARNING",
            "DATE",
            "8'",
            "",
            "33/16\"WX21/2\"H",
            "10/22/98",
            "REVISIONS",
            "BRAND",
            "DESCRIPTION",
            "7848",
            "JOB NO.",
            "BROWN & WILLIAMSON TOBACCO CORPORATION B&W",
            "KOOL Natural",
            "Passport Winter Program Ad- EMRO",
            "7.96875 sq inches",
            "SQ. INCHES/FEET",
            "TRIM SIZE",
            "Exhibt 1(a) Statement A",
            "OTT APPROVALS",
            "LKelly ",
            "B&W APPROVALS"
        ]
    },
    {
        "box": [
            56,
            453,
            86,
            465
        ],
        "text": "T&N",
        "label": "question",
        "words": [
            {
                "box": [
                    56,
                    453,
                    86,
                    465
                ],
                "text": "T&N"
            }
        ],
        "linking": [
            [
                6,
                10
            ]
        ],
        "id": 6,
        "neighbours": [
            "Signature",
            "Signature",
            "WARNING",
            "DATE",
            "8'",
            "10/22/98",
            "REVISIONS",
            "BRAND",
            "DESCRIPTION",
            "7848",
            "JOB NO.",
            "BROWN & WILLIAMSON TOBACCO CORPORATION B&W",
            "KOOL Natural",
            "SQ. INCHES/FEET",
            "TRIM SIZE",
            "OTT APPROVALS",
            "LKelly ",
            "B&W APPROVALS"
        ]
    },
    {
        "box": [
            58,
            394,
            123,
            407
        ],
        "text": "WARNING",
        "label": "question",
        "words": [
            {
                "box": [
                    58,
                    394,
                    123,
                    407
                ],
                "text": "WARNING"
            }
        ],
        "linking": [
            [
                7,
                28
            ]
        ],
        "id": 7,
        "neighbours": [
            "Signature",
            "Signature",
            "T&N",
            "DATE",
            "10/22/98",
            "REVISIONS",
            "BRAND",
            "DESCRIPTION",
            "7848",
            "JOB NO.",
            "BROWN & WILLIAMSON TOBACCO CORPORATION B&W",
            "KOOL Natural",
            "Passport Winter Program Ad- EMRO",
            "SQ. INCHES/FEET",
            "TRIM SIZE",
            "Exhibt 1(a) Statement A",
            "OTT APPROVALS",
            "LKelly ",
            "B&W APPROVALS"
        ]
    },
    {
        "box": [
            51,
            239,
            94,
            251
        ],
        "text": "DATE",
        "label": "question",
        "words": [
            {
                "box": [
                    51,
                    239,
                    94,
                    251
                ],
                "text": "DATE"
            }
        ],
        "linking": [
            [
                8,
                13
            ]
        ],
        "id": 8,
        "neighbours": [
            "Signature",
            "Signature",
            "T&N",
            "WARNING",
            "44",
            "10/22/98",
            "REVISIONS",
            "BRAND",
            "DESCRIPTION",
            "7848",
            "JOB NO.",
            "BROWN & WILLIAMSON TOBACCO CORPORATION B&W",
            "KOOL Natural",
            "SQ. INCHES/FEET",
            "TRIM SIZE",
            "OTT APPROVALS",
            "LKelly ",
            "B&W APPROVALS"
        ]
    },
    {
        "box": [
            462,
            228,
            518,
            266
        ],
        "text": "44",
        "label": "other",
        "words": [
            {
                "box": [
                    462,
                    228,
                    518,
                    266
                ],
                "text": "44"
            }
        ],
        "linking": [],
        "id": 9,
        "neighbours": [
            "Date",
            "Date",
            "DATE",
            "10/22/98",
            "(Date)",
            "INC",
            "",
            "Passport Winter Program Ad- EMRO",
            "7.96875 sq inches",
            "SQ. INCHES/FEET",
            "Legal Approval",
            "production AE",
            "10/22/98 10/22/98",
            "DATE COMPLETE",
            "REVISIONS APPROVED"
        ]
    },
    {
        "box": [
            171,
            447,
            189,
            464
        ],
        "text": "8'",
        "label": "answer",
        "words": [
            {
                "box": [
                    171,
                    447,
                    189,
                    464
                ],
                "text": "8'"
            }
        ],
        "linking": [
            [
                6,
                10
            ]
        ],
        "id": 10,
        "neighbours": [
            "Signature",
            "Signature",
            "T&N",
            "",
            "33/16\"WX21/2\"H",
            "10/22/98",
            "REVISIONS",
            "DESCRIPTION",
            "7848",
            "KOOL Natural",
            "Passport Winter Program Ad- EMRO",
            "7.96875 sq inches",
            "SQ. INCHES/FEET",
            "Exhibt 1(a) Statement A",
            "OTT APPROVALS",
            "LKelly ",
            "B&W APPROVALS",
            "176103236 PRODUCED FROM B&W WEB SITE"
        ]
    },
    {
        "box": [
            181,
            628,
            339,
            771
        ],
        "text": "",
        "label": "answer",
        "words": [
            {
                "box": [
                    181,
                    628,
                    339,
                    771
                ],
                "text": ""
            }
        ],
        "linking": [
            [
                5,
                11
            ]
        ],
        "id": 11,
        "neighbours": [
            "Signature",
            "Department",
            "Date",
            "Department",
            "Signature",
            "8'",
            "33/16\"WX21/2\"H",
            "10/22/98",
            "REVISIONS",
            "DESCRIPTION",
            "7848",
            "BROWN & WILLIAMSON TOBACCO CORPORATION B&W",
            "KOOL Natural",
            "Passport Winter Program Ad- EMRO",
            "7.96875 sq inches",
            "SQ. INCHES/FEET",
            "Exhibt 1(a) Statement A",
            "OTT APPROVALS",
            "LKelly ",
            "production AE",
            "B&W APPROVALS",
            "DATE COMPLETE",
            "176103236 PRODUCED FROM B&W WEB SITE"
        ]
    },
    {
        "box": [
            171,
            332,
            296,
            345
        ],
        "text": "33/16\"WX21/2\"H",
        "label": "answer",
        "words": [
            {
                "box": [
                    171,
                    332,
                    296,
                    345
                ],
                "text": "33/16\"WX21/2\"H"
            }
        ],
        "linking": [
            [
                27,
                12
            ]
        ],
        "id": 12,
        "neighbours": [
            "Signature",
            "Department",
            "Department",
            "Signature",
            "8'",
            "",
            "10/22/98",
            "(Date)",
            "REVISIONS",
            "DESCRIPTION",
            "7848",
            "BROWN & WILLIAMSON TOBACCO CORPORATION B&W",
            "KOOL Natural",
            "Passport Winter Program Ad- EMRO",
            "7.96875 sq inches",
            "SQ. INCHES/FEET",
            "TRIM SIZE",
            "Exhibt 1(a) Statement A",
            "Legal Approval",
            "OTT APPROVALS",
            "LKelly ",
            "production AE",
            "B&W APPROVALS",
            "DATE COMPLETE",
            "176103236 PRODUCED FROM B&W WEB SITE"
        ]
    },
    {
        "box": [
            113,
            238,
            168,
            251
        ],
        "text": "10/22/98",
        "label": "answer",
        "words": [
            {
                "box": [
                    113,
                    238,
                    168,
                    251
                ],
                "text": "10/22/98"
            }
        ],
        "linking": [
            [
                8,
                13
            ]
        ],
        "id": 13,
        "neighbours": [
            "Signature",
            "Signature",
            "T&N",
            "WARNING",
            "DATE",
            "44",
            "8'",
            "",
            "33/16\"WX21/2\"H",
            "REVISIONS",
            "BRAND",
            "DESCRIPTION",
            "7848",
            "JOB NO.",
            "KOOL Natural",
            "Passport Winter Program Ad- EMRO",
            "7.96875 sq inches",
            "SQ. INCHES/FEET",
            "TRIM SIZE",
            "Exhibt 1(a) Statement A",
            "OTT APPROVALS",
            "LKelly ",
            "B&W APPROVALS"
        ]
    },
    {
        "box": [
            540,
            346,
            575,
            359
        ],
        "text": "(Date)",
        "label": "question",
        "words": [
            {
                "box": [
                    540,
                    346,
                    575,
                    359
                ],
                "text": "(Date)"
            }
        ],
        "linking": [],
        "id": 14,
        "neighbours": [
            "Date",
            "Date",
            "44",
            "33/16\"WX21/2\"H",
            "INC",
            "",
            "TRIM SIZE",
            "Legal Approval",
            "10/22/98 10/22/98",
            "REVISIONS APPROVED"
        ]
    },
    {
        "box": [
            60,
            819,
            138,
            832
        ],
        "text": "REVISIONS",
        "label": "question",
        "words": [
            {
                "box": [
                    60,
                    819,
                    138,
                    832
                ],
                "text": "REVISIONS"
            }
        ],
        "linking": [],
        "id": 15,
        "neighbours": [
            "Signature",
            "Signature",
            "T&N",
            "WARNING",
            "DATE",
            "8'",
            "",
            "33/16\"WX21/2\"H",
            "10/22/98",
            "BRAND",
            "DESCRIPTION",
            "7848",
            "JOB NO.",
            "BROWN & WILLIAMSON TOBACCO CORPORATION B&W",
            "KOOL Natural",
            "Passport Winter Program Ad- EMRO",
            "7.96875 sq inches",
            "SQ. INCHES/FEET",
            "TRIM SIZE",
            "Exhibt 1(a) Statement A",
            "OTT APPROVALS",
            "LKelly ",
            "B&W APPROVALS",
            "DATE COMPLETE",
            "REVISIONS APPROVED"
        ]
    },
    {
        "box": [
            50,
            159,
            101,
            176
        ],
        "text": "BRAND",
        "label": "question",
        "words": [
            {
                "box": [
                    50,
                    159,
                    101,
                    176
                ],
                "text": "BRAND"
            }
        ],
        "linking": [
            [
                16,
                23
            ]
        ],
        "id": 16,
        "neighbours": [
            "Signature",
            "Signature",
            "T&N",
            "WARNING",
            "DATE",
            "10/22/98",
            "REVISIONS",
            "DESCRIPTION",
            "7848",
            "JOB NO.",
            "BROWN & WILLIAMSON TOBACCO CORPORATION B&W",
            "KOOL Natural",
            "Passport Winter Program Ad- EMRO",
            "SQ. INCHES/FEET",
            "TRIM SIZE",
            "OTT APPROVALS",
            "LKelly ",
            "B&W APPROVALS"
        ]
    },
    {
        "box": [
            53,
            199,
            143,
            214
        ],
        "text": "DESCRIPTION",
        "label": "question",
        "words": [
            {
                "box": [
                    53,
                    199,
                    143,
                    214
                ],
                "text": "DESCRIPTION"
            }
        ],
        "linking": [
            [
                17,
                24
            ]
        ],
        "id": 17,
        "neighbours": [
            "Signature",
            "Signature",
            "T&N",
            "WARNING",
            "DATE",
            "8'",
            "",
            "33/16\"WX21/2\"H",
            "10/22/98",
            "REVISIONS",
            "BRAND",
            "7848",
            "JOB NO.",
            "BROWN & WILLIAMSON TOBACCO CORPORATION B&W",
            "KOOL Natural",
            "Passport Winter Program Ad- EMRO",
            "7.96875 sq inches",
            "SQ. INCHES/FEET",
            "TRIM SIZE",
            "Exhibt 1(a) Statement A",
            "OTT APPROVALS",
            "LKelly ",
            "B&W APPROVALS"
        ]
    },
    {
        "box": [
            120,
            120,
            153,
            135
        ],
        "text": "7848",
        "label": "answer",
        "words": [
            {
                "box": [
                    120,
                    120,
                    153,
                    135
                ],
                "text": "7848"
            }
        ],
        "linking": [
            [
                19,
                18
            ]
        ],
        "id": 18,
        "neighbours": [
            "Signature",
            "Signature",
            "T&N",
            "WARNING",
            "DATE",
            "8'",
            "",
            "33/16\"WX21/2\"H",
            "10/22/98",
            "REVISIONS",
            "BRAND",
            "DESCRIPTION",
            "JOB NO.",
            "",
            "KOOL Natural",
            "Passport Winter Program Ad- EMRO",
            "7.96875 sq inches",
            "SQ. INCHES/FEET",
            "TRIM SIZE",
            "Exhibt 1(a) Statement A",
            "OTT APPROVALS",
            "LKelly ",
            "B&W APPROVALS"
        ]
    },
    {
        "text": "JOB NO.",
        "box": [
            53,
            121,
            108,
            140
        ],
        "linking": [
            [
                19,
                18
            ]
        ],
        "label": "question",
        "words": [
            {
                "text": "JOB",
                "box": [
                    53,
                    121,
                    80,
                    138
                ]
            },
            {
                "text": "NO.",
                "box": [
                    80,
                    123,
                    108,
                    140
                ]
            }
        ],
        "id": 19,
        "neighbours": [
            "Signature",
            "Signature",
            "T&N",
            "WARNING",
            "DATE",
            "10/22/98",
            "REVISIONS",
            "BRAND",
            "DESCRIPTION",
            "7848",
            "BROWN & WILLIAMSON TOBACCO CORPORATION B&W",
            "",
            "KOOL Natural",
            "Passport Winter Program Ad- EMRO",
            "SQ. INCHES/FEET",
            "TRIM SIZE",
            "OTT APPROVALS",
            "LKelly ",
            "B&W APPROVALS"
        ]
    },
    {
        "text": "BROWN & WILLIAMSON TOBACCO CORPORATION B&W",
        "box": [
            48,
            35,
            313,
            103
        ],
        "linking": [],
        "label": "header",
        "words": [
            {
                "text": "BROWN",
                "box": [
                    146,
                    38,
                    196,
                    51
                ]
            },
            {
                "text": "&",
                "box": [
                    196,
                    37,
                    209,
                    52
                ]
            },
            {
                "text": "WILLIAMSON",
                "box": [
                    211,
                    35,
                    302,
                    52
                ]
            },
            {
                "text": "TOBACCO",
                "box": [
                    146,
                    53,
                    212,
                    66
                ]
            },
            {
                "text": "CORPORATION",
                "box": [
                    213,
                    53,
                    313,
                    65
                ]
            },
            {
                "text": "B&W",
                "box": [
                    48,
                    73,
                    143,
                    103
                ]
            }
        ],
        "id": 20,
        "neighbours": [
            "Signature",
            "Department",
            "Department",
            "Signature",
            "T&N",
            "WARNING",
            "DATE",
            "8'",
            "",
            "33/16\"WX21/2\"H",
            "10/22/98",
            "REVISIONS",
            "BRAND",
            "DESCRIPTION",
            "7848",
            "JOB NO.",
            "INC",
            "",
            "KOOL Natural",
            "Passport Winter Program Ad- EMRO",
            "7.96875 sq inches",
            "SQ. INCHES/FEET",
            "TRIM SIZE",
            "Exhibt 1(a) Statement A",
            "OTT APPROVALS",
            "LKelly ",
            "production AE",
            "B&W APPROVALS",
            "DATE COMPLETE",
            "176103236 PRODUCED FROM B&W WEB SITE"
        ]
    },
    {
        "text": "INC",
        "box": [
            502,
            12,
            656,
            70
        ],
        "linking": [],
        "label": "header",
        "words": [
            {
                "text": "",
                "box": [
                    502,
                    18,
                    605,
                    51
                ]
            },
            {
                "text": "",
                "box": [
                    561,
                    12,
                    646,
                    52
                ]
            },
            {
                "text": "",
                "box": [
                    555,
                    42,
                    570,
                    70
                ]
            },
            {
                "text": "INC",
                "box": [
                    641,
                    47,
                    656,
                    70
                ]
            }
        ],
        "id": 21,
        "neighbours": [
            "Date",
            "Date",
            "44",
            "(Date)",
            "BROWN & WILLIAMSON TOBACCO CORPORATION B&W",
            "",
            "Legal Approval",
            "10/22/98 10/22/98",
            "REVISIONS APPROVED"
        ]
    },
    {
        "text": "",
        "box": [
            556,
            71,
            650,
            111
        ],
        "linking": [],
        "label": "other",
        "words": [
            {
                "text": "",
                "box": [
                    556,
                    71,
                    566,
                    83
                ]
            },
            {
                "text": "",
                "box": [
                    561,
                    83,
                    599,
                    111
                ]
            },
            {
                "text": "",
                "box": [
                    635,
                    73,
                    650,
                    101
                ]
            },
            {
                "text": "",
                "box": [
                    595,
                    96,
                    637,
                    111
                ]
            }
        ],
        "id": 22,
        "neighbours": [
            "Date",
            "Date",
            "44",
            "(Date)",
            "7848",
            "JOB NO.",
            "BROWN & WILLIAMSON TOBACCO CORPORATION B&W",
            "INC",
            "10/22/98 10/22/98",
            "REVISIONS APPROVED"
        ]
    },
    {
        "text": "KOOL Natural",
        "box": [
            116,
            159,
            202,
            174
        ],
        "linking": [
            [
                16,
                23
            ]
        ],
        "label": "answer",
        "words": [
            {
                "text": "KOOL",
                "box": [
                    116,
                    159,
                    156,
                    174
                ]
            },
            {
                "text": "Natural",
                "box": [
                    154,
                    159,
                    202,
                    172
                ]
            }
        ],
        "id": 23,
        "neighbours": [
            "Signature",
            "Signature",
            "T&N",
            "WARNING",
            "DATE",
            "8'",
            "",
            "33/16\"WX21/2\"H",
            "10/22/98",
            "REVISIONS",
            "BRAND",
            "DESCRIPTION",
            "7848",
            "JOB NO.",
            "Passport Winter Program Ad- EMRO",
            "7.96875 sq inches",
            "SQ. INCHES/FEET",
            "TRIM SIZE",
            "Exhibt 1(a) Statement A",
            "OTT APPROVALS",
            "LKelly ",
            "B&W APPROVALS",
            "176103236 PRODUCED FROM B&W WEB SITE"
        ]
    },
    {
        "text": "Passport Winter Program Ad- EMRO",
        "box": [
            145,
            183,
            419,
            213
        ],
        "linking": [
            [
                17,
                24
            ]
        ],
        "label": "answer",
        "words": [
            {
                "text": "Passport",
                "box": [
                    145,
                    199,
                    201,
                    212
                ]
            },
            {
                "text": "Winter",
                "box": [
                    203,
                    199,
                    243,
                    212
                ]
            },
            {
                "text": "Program",
                "box": [
                    241,
                    198,
                    291,
                    211
                ]
            },
            {
                "text": "Ad-",
                "box": [
                    294,
                    196,
                    327,
                    213
                ]
            },
            {
                "text": "EMRO",
                "box": [
                    331,
                    183,
                    419,
                    210
                ]
            }
        ],
        "id": 24,
        "neighbours": [
            "Signature",
            "Department",
            "Department",
            "Signature",
            "WARNING",
            "44",
            "8'",
            "",
            "33/16\"WX21/2\"H",
            "10/22/98",
            "REVISIONS",
            "BRAND",
            "DESCRIPTION",
            "7848",
            "JOB NO.",
            "BROWN & WILLIAMSON TOBACCO CORPORATION B&W",
            "KOOL Natural",
            "7.96875 sq inches",
            "SQ. INCHES/FEET",
            "TRIM SIZE",
            "Exhibt 1(a) Statement A",
            "Legal Approval",
            "OTT APPROVALS",
            "LKelly ",
            "production AE",
            "B&W APPROVALS",
            "DATE COMPLETE",
            "176103236 PRODUCED FROM B&W WEB SITE"
        ]
    },
    {
        "text": "7.96875 sq inches",
        "box": [
            173,
            276,
            288,
            291
        ],
        "linking": [
            [
                26,
                25
            ]
        ],
        "label": "answer",
        "words": [
            {
                "text": "7.96875",
                "box": [
                    173,
                    277,
                    226,
                    290
                ]
            },
            {
                "text": "sq",
                "box": [
                    223,
                    276,
                    241,
                    291
                ]
            },
            {
                "text": "inches",
                "box": [
                    243,
                    276,
                    288,
                    289
                ]
            }
        ],
        "id": 25,
        "neighbours": [
            "Signature",
            "Department",
            "Department",
            "Signature",
            "44",
            "8'",
            "",
            "33/16\"WX21/2\"H",
            "10/22/98",
            "REVISIONS",
            "DESCRIPTION",
            "7848",
            "BROWN & WILLIAMSON TOBACCO CORPORATION B&W",
            "KOOL Natural",
            "Passport Winter Program Ad- EMRO",
            "SQ. INCHES/FEET",
            "Exhibt 1(a) Statement A",
            "OTT APPROVALS",
            "LKelly ",
            "production AE",
            "B&W APPROVALS",
            "DATE COMPLETE",
            "176103236 PRODUCED FROM B&W WEB SITE"
        ]
    },
    {
        "text": "SQ. INCHES/FEET",
        "box": [
            53,
            274,
            164,
            293
        ],
        "linking": [
            [
                26,
                25
            ]
        ],
        "label": "question",
        "words": [
            {
                "text": "SQ.",
                "box": [
                    53,
                    276,
                    75,
                    293
                ]
            },
            {
                "text": "INCHES/FEET",
                "box": [
                    78,
                    274,
                    164,
                    291
                ]
            }
        ],
        "id": 26,
        "neighbours": [
            "Signature",
            "Signature",
            "T&N",
            "WARNING",
            "DATE",
            "44",
            "8'",
            "",
            "33/16\"WX21/2\"H",
            "10/22/98",
            "REVISIONS",
            "BRAND",
            "DESCRIPTION",
            "7848",
            "JOB NO.",
            "BROWN & WILLIAMSON TOBACCO CORPORATION B&W",
            "KOOL Natural",
            "Passport Winter Program Ad- EMRO",
            "7.96875 sq inches",
            "TRIM SIZE",
            "Exhibt 1(a) Statement A",
            "OTT APPROVALS",
            "LKelly ",
            "B&W APPROVALS"
        ]
    },
    {
        "text": "TRIM SIZE",
        "box": [
            58,
            334,
            122,
            352
        ],
        "linking": [
            [
                27,
                12
            ]
        ],
        "label": "question",
        "words": [
            {
                "text": "TRIM",
                "box": [
                    58,
                    334,
                    88,
                    352
                ]
            },
            {
                "text": "SIZE",
                "box": [
                    90,
                    337,
                    122,
                    350
                ]
            }
        ],
        "id": 27,
        "neighbours": [
            "Signature",
            "Signature",
            "T&N",
            "WARNING",
            "DATE",
            "33/16\"WX21/2\"H",
            "10/22/98",
            "(Date)",
            "REVISIONS",
            "BRAND",
            "DESCRIPTION",
            "7848",
            "JOB NO.",
            "BROWN & WILLIAMSON TOBACCO CORPORATION B&W",
            "KOOL Natural",
            "Passport Winter Program Ad- EMRO",
            "SQ. INCHES/FEET",
            "Legal Approval",
            "OTT APPROVALS",
            "LKelly ",
            "B&W APPROVALS"
        ]
    },
    {
        "text": "Exhibt 1(a) Statement A",
        "box": [
            173,
            387,
            313,
            409
        ],
        "linking": [
            [
                7,
                28
            ]
        ],
        "label": "answer",
        "words": [
            {
                "text": "Exhibt",
                "box": [
                    173,
                    392,
                    216,
                    409
                ]
            },
            {
                "text": "1(a)",
                "box": [
                    214,
                    392,
                    239,
                    405
                ]
            },
            {
                "text": "Statement",
                "box": [
                    241,
                    390,
                    299,
                    405
                ]
            },
            {
                "text": "A",
                "box": [
                    296,
                    387,
                    313,
                    405
                ]
            }
        ],
        "id": 28,
        "neighbours": [
            "Signature",
            "Department",
            "Department",
            "Signature",
            "WARNING",
            "8'",
            "",
            "33/16\"WX21/2\"H",
            "10/22/98",
            "REVISIONS",
            "DESCRIPTION",
            "7848",
            "BROWN & WILLIAMSON TOBACCO CORPORATION B&W",
            "KOOL Natural",
            "Passport Winter Program Ad- EMRO",
            "7.96875 sq inches",
            "SQ. INCHES/FEET",
            "OTT APPROVALS",
            "LKelly ",
            "production AE",
            "B&W APPROVALS",
            "DATE COMPLETE",
            "176103236 PRODUCED FROM B&W WEB SITE"
        ]
    },
    {
        "text": "Legal Approval",
        "box": [
            409,
            319,
            460,
            348
        ],
        "linking": [],
        "label": "question",
        "words": [
            {
                "text": "Legal",
                "box": [
                    409,
                    319,
                    449,
                    331
                ]
            },
            {
                "text": "Approval",
                "box": [
                    410,
                    331,
                    460,
                    348
                ]
            }
        ],
        "id": 29,
        "neighbours": [
            "Department",
            "Department",
            "44",
            "33/16\"WX21/2\"H",
            "(Date)",
            "INC",
            "Passport Winter Program Ad- EMRO",
            "TRIM SIZE",
            "production AE",
            "DATE COMPLETE"
        ]
    },
    {
        "text": "OTT APPROVALS",
        "box": [
            53,
            507,
            166,
            524
        ],
        "linking": [
            [
                30,
                0
            ],
            [
                30,
                1
            ],
            [
                30,
                2
            ]
        ],
        "label": "header",
        "words": [
            {
                "text": "OTT",
                "box": [
                    53,
                    510,
                    88,
                    522
                ]
            },
            {
                "text": "APPROVALS",
                "box": [
                    90,
                    507,
                    166,
                    524
                ]
            }
        ],
        "id": 30,
        "neighbours": [
            "Signature",
            "Department",
            "Date",
            "Signature",
            "T&N",
            "WARNING",
            "DATE",
            "8'",
            "",
            "33/16\"WX21/2\"H",
            "10/22/98",
            "REVISIONS",
            "BRAND",
            "DESCRIPTION",
            "7848",
            "JOB NO.",
            "BROWN & WILLIAMSON TOBACCO CORPORATION B&W",
            "KOOL Natural",
            "Passport Winter Program Ad- EMRO",
            "7.96875 sq inches",
            "SQ. INCHES/FEET",
            "TRIM SIZE",
            "Exhibt 1(a) Statement A",
            "LKelly ",
            "10/22/98 10/22/98",
            "B&W APPROVALS"
        ]
    },
    {
        "text": "LKelly ",
        "box": [
            95,
            537,
            180,
            600
        ],
        "linking": [
            [
                0,
                31
            ]
        ],
        "label": "answer",
        "words": [
            {
                "text": "LKelly",
                "box": [
                    95,
                    537,
                    180,
                    575
                ]
            },
            {
                "text": "",
                "box": [
                    113,
                    570,
                    146,
                    600
                ]
            }
        ],
        "id": 31,
        "neighbours": [
            "Signature",
            "Department",
            "Date",
            "Signature",
            "T&N",
            "WARNING",
            "DATE",
            "8'",
            "",
            "33/16\"WX21/2\"H",
            "10/22/98",
            "REVISIONS",
            "BRAND",
            "DESCRIPTION",
            "7848",
            "JOB NO.",
            "BROWN & WILLIAMSON TOBACCO CORPORATION B&W",
            "KOOL Natural",
            "Passport Winter Program Ad- EMRO",
            "7.96875 sq inches",
            "SQ. INCHES/FEET",
            "TRIM SIZE",
            "Exhibt 1(a) Statement A",
            "OTT APPROVALS",
            "production AE",
            "10/22/98 10/22/98",
            "B&W APPROVALS"
        ]
    },
    {
        "text": "production AE",
        "box": [
            326,
            540,
            436,
            582
        ],
        "linking": [
            [
                1,
                32
            ]
        ],
        "label": "answer",
        "words": [
            {
                "text": "production",
                "box": [
                    326,
                    540,
                    436,
                    560
                ]
            },
            {
                "text": "AE",
                "box": [
                    349,
                    560,
                    379,
                    582
                ]
            }
        ],
        "id": 32,
        "neighbours": [
            "Signature",
            "Department",
            "Date",
            "Department",
            "44",
            "",
            "33/16\"WX21/2\"H",
            "BROWN & WILLIAMSON TOBACCO CORPORATION B&W",
            "Passport Winter Program Ad- EMRO",
            "7.96875 sq inches",
            "Exhibt 1(a) Statement A",
            "Legal Approval",
            "LKelly ",
            "10/22/98 10/22/98",
            "DATE COMPLETE"
        ]
    },
    {
        "text": "10/22/98 10/22/98",
        "box": [
            517,
            533,
            609,
            578
        ],
        "linking": [
            [
                2,
                33
            ]
        ],
        "label": "answer",
        "words": [
            {
                "text": "10/22/98",
                "box": [
                    528,
                    533,
                    609,
                    555
                ]
            },
            {
                "text": "10/22/98",
                "box": [
                    517,
                    560,
                    608,
                    578
                ]
            }
        ],
        "id": 33,
        "neighbours": [
            "Signature",
            "Department",
            "Date",
            "Date",
            "44",
            "(Date)",
            "INC",
            "",
            "OTT APPROVALS",
            "LKelly ",
            "production AE",
            "REVISIONS APPROVED"
        ]
    },
    {
        "text": "B&W APPROVALS",
        "box": [
            56,
            663,
            175,
            677
        ],
        "linking": [
            [
                34,
                5
            ],
            [
                34,
                4
            ],
            [
                34,
                3
            ]
        ],
        "label": "header",
        "words": [
            {
                "text": "B&W",
                "box": [
                    56,
                    664,
                    94,
                    677
                ]
            },
            {
                "text": "APPROVALS",
                "box": [
                    95,
                    663,
                    175,
                    676
                ]
            }
        ],
        "id": 34,
        "neighbours": [
            "Signature",
            "Date",
            "Department",
            "Signature",
            "T&N",
            "WARNING",
            "DATE",
            "8'",
            "",
            "33/16\"WX21/2\"H",
            "10/22/98",
            "REVISIONS",
            "BRAND",
            "DESCRIPTION",
            "7848",
            "JOB NO.",
            "BROWN & WILLIAMSON TOBACCO CORPORATION B&W",
            "KOOL Natural",
            "Passport Winter Program Ad- EMRO",
            "7.96875 sq inches",
            "SQ. INCHES/FEET",
            "TRIM SIZE",
            "Exhibt 1(a) Statement A",
            "OTT APPROVALS",
            "LKelly "
        ]
    },
    {
        "text": "DATE COMPLETE",
        "box": [
            324,
            812,
            435,
            830
        ],
        "linking": [],
        "label": "question",
        "words": [
            {
                "text": "DATE",
                "box": [
                    324,
                    817,
                    361,
                    830
                ]
            },
            {
                "text": "COMPLETE",
                "box": [
                    364,
                    812,
                    435,
                    829
                ]
            }
        ],
        "id": 35,
        "neighbours": [
            "Department",
            "Department",
            "44",
            "",
            "33/16\"WX21/2\"H",
            "REVISIONS",
            "BROWN & WILLIAMSON TOBACCO CORPORATION B&W",
            "Passport Winter Program Ad- EMRO",
            "7.96875 sq inches",
            "Exhibt 1(a) Statement A",
            "Legal Approval",
            "production AE",
            "REVISIONS APPROVED"
        ]
    },
    {
        "text": "REVISIONS APPROVED",
        "box": [
            520,
            811,
            671,
            825
        ],
        "linking": [],
        "label": "question",
        "words": [
            {
                "text": "REVISIONS",
                "box": [
                    520,
                    812,
                    593,
                    825
                ]
            },
            {
                "text": "APPROVED",
                "box": [
                    595,
                    811,
                    671,
                    824
                ]
            }
        ],
        "id": 36,
        "neighbours": [
            "Date",
            "Date",
            "44",
            "(Date)",
            "REVISIONS",
            "INC",
            "",
            "10/22/98 10/22/98",
            "DATE COMPLETE"
        ]
    },
    {
        "text": "176103236 PRODUCED FROM B&W WEB SITE",
        "box": [
            0,
            953,
            231,
            984
        ],
        "linking": [],
        "label": "other",
        "words": [
            {
                "text": "176103236",
                "box": [
                    0,
                    953,
                    83,
                    966
                ]
            },
            {
                "text": "PRODUCED",
                "box": [
                    0,
                    968,
                    73,
                    980
                ]
            },
            {
                "text": "FROM",
                "box": [
                    78,
                    970,
                    118,
                    980
                ]
            },
            {
                "text": "B&W",
                "box": [
                    121,
                    967,
                    153,
                    984
                ]
            },
            {
                "text": "WEB",
                "box": [
                    159,
                    965,
                    187,
                    983
                ]
            },
            {
                "text": "SITE",
                "box": [
                    193,
                    967,
                    231,
                    984
                ]
            }
        ],
        "id": 37,
        "neighbours": [
            "Signature",
            "Signature",
            "T&N",
            "WARNING",
            "DATE",
            "8'",
            "",
            "33/16\"WX21/2\"H",
            "10/22/98",
            "REVISIONS",
            "BRAND",
            "DESCRIPTION",
            "7848",
            "JOB NO.",
            "BROWN & WILLIAMSON TOBACCO CORPORATION B&W",
            "KOOL Natural",
            "Passport Winter Program Ad- EMRO",
            "7.96875 sq inches",
            "SQ. INCHES/FEET",
            "TRIM SIZE",
            "Exhibt 1(a) Statement A",
            "OTT APPROVALS",
            "LKelly ",
            "B&W APPROVALS"
        ]
    }
]