[
    {
        "box": [
            141,
            249,
            175,
            260
        ],
        "text": "BRAND",
        "label": "question",
        "words": [
            {
                "box": [
                    141,
                    249,
                    175,
                    260
                ],
                "text": "BRAND"
            }
        ],
        "linking": [
            [
                0,
                5
            ]
        ],
        "id": 0,
        "neighbours": [
            "DESCRIPTION",
            "DATE",
            "WARNING",
            "7559",
            "BKOOL",
            "NA",
            "Signature",
            "Signature",
            "REVISIONS",
            "B & W",
            "JOB NO.",
            "12/ 15/ 97",
            "SQ. INCHES/FEET",
            "14 1/2 X 18\"",
            "TRIM SIZE",
            "3A 14 1/2\" X 8\" - 116 sq.\"",
            "T & N",
            "OTT APPROVALS",
            "",
            "B & W APPROVALS"
        ]
    },
    {
        "box": [
            142,
            278,
            206,
            288
        ],
        "text": "DESCRIPTION",
        "label": "question",
        "words": [
            {
                "box": [
                    142,
                    278,
                    206,
                    288
                ],
                "text": "DESCRIPTION"
            }
        ],
        "linking": [
            [
                1,
                17
            ]
        ],
        "id": 1,
        "neighbours": [
            "BRAND",
            "DATE",
            "WARNING",
            "7559",
            "BKOOL",
            "NA",
            "Signature",
            "Signature",
            "REVISIONS",
            "BROWN & WILLIAMSON TOBACCO CORPORATION",
            "B & W",
            "JOB NO.",
            "CMS Amerada Hess Dispenser Sign",
            "12/ 15/ 97",
            "261 sq",
            "SQ. INCHES/FEET",
            "14 1/2 X 18\"",
            "TRIM SIZE",
            "3A 14 1/2\" X 8\" - 116 sq.\"",
            "T & N",
            "OTT APPROVALS",
            "",
            "B & W APPROVALS",
            "210350475 PRODUCED FROM B & W WEB SITE"
        ]
    },
    {
        "box": [
            141,
            307,
            168,
            317
        ],
        "text": "DATE",
        "label": "question",
        "words": [
            {
                "box": [
                    141,
                    307,
                    168,
                    317
                ],
                "text": "DATE"
            }
        ],
        "linking": [
            [
                2,
                18
            ]
        ],
        "id": 2,
        "neighbours": [
            "BRAND",
            "DESCRIPTION",
            "WARNING",
            "7559",
            "BKOOL",
            "NA",
            "Signature",
            "Signature",
            "REVISIONS",
            "B & W",
            "JOB NO.",
            "12/ 15/ 97",
            "SQ. INCHES/FEET",
            "14 1/2 X 18\"",
            "TRIM SIZE",
            "3A 14 1/2\" X 8\" - 116 sq.\"",
            "T & N",
            "OTT APPROVALS",
            "",
            "B & W APPROVALS"
        ]
    },
    {
        "box": [
            141,
            422,
            188,
            433
        ],
        "text": "WARNING",
        "label": "question",
        "words": [
            {
                "box": [
                    141,
                    422,
                    188,
                    433
                ],
                "text": "WARNING"
            }
        ],
        "linking": [
            [
                3,
                23
            ]
        ],
        "id": 3,
        "neighbours": [
            "BRAND",
            "DESCRIPTION",
            "DATE",
            "7559",
            "BKOOL",
            "NA",
            "Signature",
            "Signature",
            "REVISIONS",
            "BROWN & WILLIAMSON TOBACCO CORPORATION",
            "B & W",
            "JOB NO.",
            "CMS Amerada Hess Dispenser Sign",
            "12/ 15/ 97",
            "SQ. INCHES/FEET",
            "14 1/2 X 18\"",
            "TRIM SIZE",
            "3A 14 1/2\" X 8\" - 116 sq.\"",
            "T & N",
            "OTT APPROVALS",
            "",
            "B & W APPROVALS"
        ]
    },
    {
        "box": [
            191,
            216,
            215,
            229
        ],
        "text": "7559",
        "label": "answer",
        "words": [
            {
                "box": [
                    191,
                    216,
                    215,
                    229
                ],
                "text": "7559"
            }
        ],
        "linking": [
            [
                16,
                4
            ]
        ],
        "id": 4,
        "neighbours": [
            "BRAND",
            "DESCRIPTION",
            "DATE",
            "WARNING",
            "BKOOL",
            "NA",
            "Signature",
            "Signature",
            "REVISIONS",
            "BROWN & WILLIAMSON TOBACCO CORPORATION",
            "B & W",
            "JOB NO.",
            "CMS Amerada Hess Dispenser Sign",
            "12/ 15/ 97",
            "261 sq",
            "SQ. INCHES/FEET",
            "14 1/2 X 18\"",
            "TRIM SIZE",
            "3A 14 1/2\" X 8\" - 116 sq.\"",
            "T & N",
            "OTT APPROVALS",
            "",
            "B & W APPROVALS",
            "210350475 PRODUCED FROM B & W WEB SITE",
            ""
        ]
    },
    {
        "box": [
            186,
            247,
            220,
            260
        ],
        "text": "BKOOL",
        "label": "answer",
        "words": [
            {
                "box": [
                    186,
                    247,
                    220,
                    260
                ],
                "text": "BKOOL"
            }
        ],
        "linking": [
            [
                0,
                5
            ]
        ],
        "id": 5,
        "neighbours": [
            "BRAND",
            "DESCRIPTION",
            "DATE",
            "WARNING",
            "7559",
            "NA",
            "Signature",
            "Signature",
            "REVISIONS",
            "BROWN & WILLIAMSON TOBACCO CORPORATION",
            "B & W",
            "JOB NO.",
            "CMS Amerada Hess Dispenser Sign",
            "12/ 15/ 97",
            "261 sq",
            "SQ. INCHES/FEET",
            "14 1/2 X 18\"",
            "TRIM SIZE",
            "3A 14 1/2\" X 8\" - 116 sq.\"",
            "T & N",
            "OTT APPROVALS",
            "",
            "B & W APPROVALS",
            "210350475 PRODUCED FROM B & W WEB SITE"
        ]
    },
    {
        "box": [
            172,
            465,
            185,
            475
        ],
        "text": "NA",
        "label": "answer",
        "words": [
            {
                "box": [
                    172,
                    465,
                    185,
                    475
                ],
                "text": "NA"
            }
        ],
        "linking": [
            [
                24,
                6
            ]
        ],
        "id": 6,
        "neighbours": [
            "BRAND",
            "DESCRIPTION",
            "DATE",
            "WARNING",
            "7559",
            "BKOOL",
            "Signature",
            "Signature",
            "REVISIONS",
            "BROWN & WILLIAMSON TOBACCO CORPORATION",
            "B & W",
            "JOB NO.",
            "CMS Amerada Hess Dispenser Sign",
            "12/ 15/ 97",
            "SQ. INCHES/FEET",
            "14 1/2 X 18\"",
            "TRIM SIZE",
            "3A 14 1/2\" X 8\" - 116 sq.\"",
            "T & N",
            "OTT APPROVALS",
            ""
        ]
    },
    {
        "box": [
            166,
            524,
            207,
            534
        ],
        "text": "Signature",
        "label": "question",
        "words": [
            {
                "box": [
                    166,
                    524,
                    207,
                    534
                ],
                "text": "Signature"
            }
        ],
        "linking": [
            [
                25,
                7
            ],
            [
                7,
                26
            ]
        ],
        "id": 7,
        "neighbours": [
            "BRAND",
            "DESCRIPTION",
            "DATE",
            "WARNING",
            "7559",
            "BKOOL",
            "NA",
            "Department",
            "Date",
            "Signature",
            "REVISIONS",
            "BROWN & WILLIAMSON TOBACCO CORPORATION",
            "B & W",
            "JOB NO.",
            "CMS Amerada Hess Dispenser Sign",
            "12/ 15/ 97",
            "261 sq",
            "SQ. INCHES/FEET",
            "14 1/2 X 18\"",
            "TRIM SIZE",
            "3A 14 1/2\" X 8\" - 116 sq.\"",
            "T & N",
            "OTT APPROVALS",
            "",
            "",
            "",
            "B & W APPROVALS",
            "210350475 PRODUCED FROM B & W WEB SITE"
        ]
    },
    {
        "box": [
            342,
            520,
            395,
            533
        ],
        "text": "Department",
        "label": "question",
        "words": [
            {
                "box": [
                    342,
                    520,
                    395,
                    533
                ],
                "text": "Department"
            }
        ],
        "linking": [
            [
                25,
                8
            ],
            [
                8,
                27
            ]
        ],
        "id": 8,
        "neighbours": [
            "Signature",
            "Date",
            "Department",
            "BROWN & WILLIAMSON TOBACCO CORPORATION",
            "CMS Amerada Hess Dispenser Sign",
            "OTT APPROVALS",
            "",
            "",
            "",
            "DATE COMPLETE"
        ]
    },
    {
        "box": [
            486,
            518,
            508,
            529
        ],
        "text": "Date",
        "label": "question",
        "words": [
            {
                "box": [
                    486,
                    518,
                    508,
                    529
                ],
                "text": "Date"
            }
        ],
        "linking": [
            [
                25,
                9
            ],
            [
                9,
                28
            ]
        ],
        "id": 9,
        "neighbours": [
            "Signature",
            "Department",
            "Date",
            "OTT APPROVALS",
            "",
            "",
            "",
            "REVISIONS APPROVED",
            ""
        ]
    },
    {
        "box": [
            486,
            633,
            507,
            644
        ],
        "text": "Date",
        "label": "question",
        "words": [
            {
                "box": [
                    486,
                    633,
                    507,
                    644
                ],
                "text": "Date"
            }
        ],
        "linking": [
            [
                29,
                10
            ]
        ],
        "id": 10,
        "neighbours": [
            "Date",
            "Department",
            "Signature",
            "",
            "B & W APPROVALS",
            "REVISIONS APPROVED",
            ""
        ]
    },
    {
        "box": [
            342,
            634,
            392,
            645
        ],
        "text": "Department",
        "label": "question",
        "words": [
            {
                "box": [
                    342,
                    634,
                    392,
                    645
                ],
                "text": "Department"
            }
        ],
        "linking": [
            [
                29,
                11
            ]
        ],
        "id": 11,
        "neighbours": [
            "Department",
            "Date",
            "Signature",
            "BROWN & WILLIAMSON TOBACCO CORPORATION",
            "CMS Amerada Hess Dispenser Sign",
            "",
            "B & W APPROVALS",
            "DATE COMPLETE"
        ]
    },
    {
        "box": [
            165,
            634,
            208,
            649
        ],
        "text": "Signature",
        "label": "question",
        "words": [
            {
                "box": [
                    165,
                    634,
                    208,
                    649
                ],
                "text": "Signature"
            }
        ],
        "linking": [
            [
                29,
                12
            ]
        ],
        "id": 12,
        "neighbours": [
            "BRAND",
            "DESCRIPTION",
            "DATE",
            "WARNING",
            "7559",
            "BKOOL",
            "NA",
            "Signature",
            "Date",
            "Department",
            "REVISIONS",
            "BROWN & WILLIAMSON TOBACCO CORPORATION",
            "B & W",
            "JOB NO.",
            "CMS Amerada Hess Dispenser Sign",
            "12/ 15/ 97",
            "261 sq",
            "SQ. INCHES/FEET",
            "14 1/2 X 18\"",
            "TRIM SIZE",
            "3A 14 1/2\" X 8\" - 116 sq.\"",
            "T & N",
            "OTT APPROVALS",
            "",
            "B & W APPROVALS",
            "210350475 PRODUCED FROM B & W WEB SITE"
        ]
    },
    {
        "box": [
            142,
            735,
            195,
            746
        ],
        "text": "REVISIONS",
        "label": "question",
        "words": [
            {
                "box": [
                    142,
                    735,
                    195,
                    746
                ],
                "text": "REVISIONS"
            }
        ],
        "linking": [],
        "id": 13,
        "neighbours": [
            "BRAND",
            "DESCRIPTION",
            "DATE",
            "WARNING",
            "7559",
            "BKOOL",
            "NA",
            "Signature",
            "Signature",
            "BROWN & WILLIAMSON TOBACCO CORPORATION",
            "B & W",
            "JOB NO.",
            "CMS Amerada Hess Dispenser Sign",
            "12/ 15/ 97",
            "SQ. INCHES/FEET",
            "14 1/2 X 18\"",
            "TRIM SIZE",
            "3A 14 1/2\" X 8\" - 116 sq.\"",
            "T & N",
            "OTT APPROVALS",
            "",
            "B & W APPROVALS",
            "DATE COMPLETE",
            "REVISIONS APPROVED"
        ]
    },
    {
        "text": "BROWN & WILLIAMSON TOBACCO CORPORATION",
        "box": [
            211,
            151,
            336,
            177
        ],
        "linking": [],
        "label": "header",
        "words": [
            {
                "text": "BROWN",
                "box": [
                    211,
                    151,
                    249,
                    165
                ]
            },
            {
                "text": "&",
                "box": [
                    251,
                    152,
                    259,
                    163
                ]
            },
            {
                "text": "WILLIAMSON",
                "box": [
                    263,
                    152,
                    329,
                    163
                ]
            },
            {
                "text": "TOBACCO",
                "box": [
                    212,
                    166,
                    261,
                    176
                ]
            },
            {
                "text": "CORPORATION",
                "box": [
                    263,
                    163,
                    336,
                    177
                ]
            }
        ],
        "id": 14,
        "neighbours": [
            "DESCRIPTION",
            "WARNING",
            "7559",
            "BKOOL",
            "NA",
            "Signature",
            "Department",
            "Department",
            "Signature",
            "REVISIONS",
            "B & W",
            "JOB NO.",
            "CMS Amerada Hess Dispenser Sign",
            "12/ 15/ 97",
            "261 sq",
            "SQ. INCHES/FEET",
            "14 1/2 X 18\"",
            "TRIM SIZE",
            "3A 14 1/2\" X 8\" - 116 sq.\"",
            "OTT APPROVALS",
            "",
            "",
            "B & W APPROVALS",
            "DATE COMPLETE",
            "210350475 PRODUCED FROM B & W WEB SITE"
        ]
    },
    {
        "text": "B & W",
        "box": [
            144,
            179,
            206,
            206
        ],
        "linking": [],
        "label": "other",
        "words": [
            {
                "text": "B",
                "box": [
                    144,
                    182,
                    164,
                    206
                ]
            },
            {
                "text": "&",
                "box": [
                    165,
                    182,
                    178,
                    204
                ]
            },
            {
                "text": "W",
                "box": [
                    177,
                    179,
                    206,
                    203
                ]
            }
        ],
        "id": 15,
        "neighbours": [
            "BRAND",
            "DESCRIPTION",
            "DATE",
            "WARNING",
            "7559",
            "BKOOL",
            "NA",
            "Signature",
            "Signature",
            "REVISIONS",
            "BROWN & WILLIAMSON TOBACCO CORPORATION",
            "JOB NO.",
            "CMS Amerada Hess Dispenser Sign",
            "12/ 15/ 97",
            "261 sq",
            "SQ. INCHES/FEET",
            "14 1/2 X 18\"",
            "TRIM SIZE",
            "3A 14 1/2\" X 8\" - 116 sq.\"",
            "T & N",
            "OTT APPROVALS",
            "",
            "B & W APPROVALS",
            "210350475 PRODUCED FROM B & W WEB SITE",
            ""
        ]
    },
    {
        "text": "JOB NO.",
        "box": [
            141,
            218,
            180,
            229
        ],
        "linking": [
            [
                16,
                4
            ]
        ],
        "label": "question",
        "words": [
            {
                "text": "JOB",
                "box": [
                    141,
                    218,
                    161,
                    229
                ]
            },
            {
                "text": "NO.",
                "box": [
                    163,
                    218,
                    180,
                    228
                ]
            }
        ],
        "id": 16,
        "neighbours": [
            "BRAND",
            "DESCRIPTION",
            "DATE",
            "WARNING",
            "7559",
            "BKOOL",
            "NA",
            "Signature",
            "Signature",
            "REVISIONS",
            "BROWN & WILLIAMSON TOBACCO CORPORATION",
            "B & W",
            "12/ 15/ 97",
            "SQ. INCHES/FEET",
            "14 1/2 X 18\"",
            "TRIM SIZE",
            "3A 14 1/2\" X 8\" - 116 sq.\"",
            "T & N",
            "OTT APPROVALS",
            "",
            "B & W APPROVALS",
            ""
        ]
    },
    {
        "text": "CMS Amerada Hess Dispenser Sign",
        "box": [
            212,
            275,
            367,
            288
        ],
        "linking": [
            [
                1,
                17
            ]
        ],
        "label": "answer",
        "words": [
            {
                "text": "CMS",
                "box": [
                    212,
                    277,
                    233,
                    287
                ]
            },
            {
                "text": "Amerada",
                "box": [
                    236,
                    277,
                    275,
                    287
                ]
            },
            {
                "text": "Hess",
                "box": [
                    278,
                    275,
                    299,
                    288
                ]
            },
            {
                "text": "Dispenser",
                "box": [
                    302,
                    275,
                    345,
                    286
                ]
            },
            {
                "text": "Sign",
                "box": [
                    345,
                    275,
                    367,
                    286
                ]
            }
        ],
        "id": 17,
        "neighbours": [
            "DESCRIPTION",
            "WARNING",
            "7559",
            "BKOOL",
            "NA",
            "Signature",
            "Department",
            "Department",
            "Signature",
            "REVISIONS",
            "BROWN & WILLIAMSON TOBACCO CORPORATION",
            "B & W",
            "12/ 15/ 97",
            "261 sq",
            "SQ. INCHES/FEET",
            "14 1/2 X 18\"",
            "TRIM SIZE",
            "3A 14 1/2\" X 8\" - 116 sq.\"",
            "OTT APPROVALS",
            "",
            "",
            "B & W APPROVALS",
            "DATE COMPLETE",
            "210350475 PRODUCED FROM B & W WEB SITE"
        ]
    },
    {
        "text": "12/ 15/ 97",
        "box": [
            180,
            306,
            217,
            317
        ],
        "linking": [
            [
                2,
                18
            ]
        ],
        "label": "answer",
        "words": [
            {
                "text": "12/",
                "box": [
                    180,
                    306,
                    194,
                    317
                ]
            },
            {
                "text": "15/",
                "box": [
                    194,
                    306,
                    207,
                    317
                ]
            },
            {
                "text": "97",
                "box": [
                    207,
                    307,
                    217,
                    317
                ]
            }
        ],
        "id": 18,
        "neighbours": [
            "BRAND",
            "DESCRIPTION",
            "DATE",
            "WARNING",
            "7559",
            "BKOOL",
            "NA",
            "Signature",
            "Signature",
            "REVISIONS",
            "BROWN & WILLIAMSON TOBACCO CORPORATION",
            "B & W",
            "JOB NO.",
            "CMS Amerada Hess Dispenser Sign",
            "261 sq",
            "SQ. INCHES/FEET",
            "14 1/2 X 18\"",
            "TRIM SIZE",
            "3A 14 1/2\" X 8\" - 116 sq.\"",
            "T & N",
            "OTT APPROVALS",
            "",
            "B & W APPROVALS",
            "210350475 PRODUCED FROM B & W WEB SITE"
        ]
    },
    {
        "text": "261 sq",
        "box": [
            232,
            334,
            266,
            345
        ],
        "linking": [
            [
                20,
                19
            ]
        ],
        "label": "answer",
        "words": [
            {
                "text": "261",
                "box": [
                    232,
                    334,
                    249,
                    345
                ]
            },
            {
                "text": "sq",
                "box": [
                    251,
                    334,
                    266,
                    345
                ]
            }
        ],
        "id": 19,
        "neighbours": [
            "DESCRIPTION",
            "7559",
            "BKOOL",
            "Signature",
            "Signature",
            "BROWN & WILLIAMSON TOBACCO CORPORATION",
            "B & W",
            "CMS Amerada Hess Dispenser Sign",
            "12/ 15/ 97",
            "SQ. INCHES/FEET",
            "14 1/2 X 18\"",
            "3A 14 1/2\" X 8\" - 116 sq.\"",
            "OTT APPROVALS",
            "",
            "B & W APPROVALS",
            "210350475 PRODUCED FROM B & W WEB SITE"
        ]
    },
    {
        "text": "SQ. INCHES/FEET",
        "box": [
            141,
            334,
            225,
            347
        ],
        "linking": [
            [
                20,
                19
            ]
        ],
        "label": "question",
        "words": [
            {
                "text": "SQ.",
                "box": [
                    141,
                    334,
                    159,
                    345
                ]
            },
            {
                "text": "INCHES/FEET",
                "box": [
                    161,
                    334,
                    225,
                    347
                ]
            }
        ],
        "id": 20,
        "neighbours": [
            "BRAND",
            "DESCRIPTION",
            "DATE",
            "WARNING",
            "7559",
            "BKOOL",
            "NA",
            "Signature",
            "Signature",
            "REVISIONS",
            "BROWN & WILLIAMSON TOBACCO CORPORATION",
            "B & W",
            "JOB NO.",
            "CMS Amerada Hess Dispenser Sign",
            "12/ 15/ 97",
            "261 sq",
            "14 1/2 X 18\"",
            "TRIM SIZE",
            "3A 14 1/2\" X 8\" - 116 sq.\"",
            "T & N",
            "OTT APPROVALS",
            "",
            "B & W APPROVALS",
            "210350475 PRODUCED FROM B & W WEB SITE"
        ]
    },
    {
        "text": "14 1/2 X 18\"",
        "box": [
            193,
            377,
            248,
            390
        ],
        "linking": [
            [
                22,
                21
            ]
        ],
        "label": "answer",
        "words": [
            {
                "text": "14",
                "box": [
                    193,
                    378,
                    203,
                    389
                ]
            },
            {
                "text": "1/2",
                "box": [
                    205,
                    377,
                    222,
                    388
                ]
            },
            {
                "text": "X",
                "box": [
                    223,
                    378,
                    234,
                    388
                ]
            },
            {
                "text": "18\"",
                "box": [
                    235,
                    377,
                    248,
                    390
                ]
            }
        ],
        "id": 21,
        "neighbours": [
            "BRAND",
            "DESCRIPTION",
            "DATE",
            "WARNING",
            "7559",
            "BKOOL",
            "NA",
            "Signature",
            "Signature",
            "REVISIONS",
            "BROWN & WILLIAMSON TOBACCO CORPORATION",
            "B & W",
            "JOB NO.",
            "CMS Amerada Hess Dispenser Sign",
            "12/ 15/ 97",
            "261 sq",
            "SQ. INCHES/FEET",
            "TRIM SIZE",
            "3A 14 1/2\" X 8\" - 116 sq.\"",
            "T & N",
            "OTT APPROVALS",
            "",
            "B & W APPROVALS",
            "210350475 PRODUCED FROM B & W WEB SITE"
        ]
    },
    {
        "text": "TRIM SIZE",
        "box": [
            141,
            378,
            188,
            389
        ],
        "linking": [
            [
                22,
                21
            ]
        ],
        "label": "question",
        "words": [
            {
                "text": "TRIM",
                "box": [
                    141,
                    378,
                    166,
                    389
                ]
            },
            {
                "text": "SIZE",
                "box": [
                    166,
                    378,
                    188,
                    389
                ]
            }
        ],
        "id": 22,
        "neighbours": [
            "BRAND",
            "DESCRIPTION",
            "DATE",
            "WARNING",
            "7559",
            "BKOOL",
            "NA",
            "Signature",
            "Signature",
            "REVISIONS",
            "BROWN & WILLIAMSON TOBACCO CORPORATION",
            "B & W",
            "JOB NO.",
            "CMS Amerada Hess Dispenser Sign",
            "12/ 15/ 97",
            "SQ. INCHES/FEET",
            "14 1/2 X 18\"",
            "3A 14 1/2\" X 8\" - 116 sq.\"",
            "T & N",
            "OTT APPROVALS",
            "",
            "B & W APPROVALS"
        ]
    },
    {
        "text": "3A 14 1/2\" X 8\" - 116 sq.\"",
        "box": [
            191,
            422,
            290,
            447
        ],
        "linking": [
            [
                3,
                23
            ]
        ],
        "label": "answer",
        "words": [
            {
                "text": "3A",
                "box": [
                    191,
                    422,
                    205,
                    432
                ]
            },
            {
                "text": "14",
                "box": [
                    193,
                    434,
                    204,
                    445
                ]
            },
            {
                "text": "1/2\"",
                "box": [
                    207,
                    436,
                    222,
                    446
                ]
            },
            {
                "text": "X",
                "box": [
                    223,
                    434,
                    233,
                    447
                ]
            },
            {
                "text": "8\"",
                "box": [
                    233,
                    436,
                    244,
                    446
                ]
            },
            {
                "text": "-",
                "box": [
                    244,
                    436,
                    250,
                    447
                ]
            },
            {
                "text": "116",
                "box": [
                    251,
                    434,
                    269,
                    447
                ]
            },
            {
                "text": "sq.\"",
                "box": [
                    270,
                    436,
                    290,
                    447
                ]
            }
        ],
        "id": 23,
        "neighbours": [
            "BRAND",
            "DESCRIPTION",
            "DATE",
            "WARNING",
            "7559",
            "BKOOL",
            "NA",
            "Signature",
            "Signature",
            "REVISIONS",
            "BROWN & WILLIAMSON TOBACCO CORPORATION",
            "B & W",
            "JOB NO.",
            "CMS Amerada Hess Dispenser Sign",
            "12/ 15/ 97",
            "261 sq",
            "SQ. INCHES/FEET",
            "14 1/2 X 18\"",
            "TRIM SIZE",
            "T & N",
            "OTT APPROVALS",
            "",
            "B & W APPROVALS",
            "210350475 PRODUCED FROM B & W WEB SITE"
        ]
    },
    {
        "text": "T & N",
        "box": [
            141,
            465,
            163,
            476
        ],
        "linking": [
            [
                24,
                6
            ]
        ],
        "label": "question",
        "words": [
            {
                "text": "T",
                "box": [
                    141,
                    465,
                    148,
                    475
                ]
            },
            {
                "text": "&",
                "box": [
                    148,
                    465,
                    155,
                    475
                ]
            },
            {
                "text": "N",
                "box": [
                    155,
                    465,
                    163,
                    476
                ]
            }
        ],
        "id": 24,
        "neighbours": [
            "BRAND",
            "DESCRIPTION",
            "DATE",
            "WARNING",
            "7559",
            "BKOOL",
            "NA",
            "Signature",
            "Signature",
            "REVISIONS",
            "B & W",
            "JOB NO.",
            "12/ 15/ 97",
            "SQ. INCHES/FEET",
            "14 1/2 X 18\"",
            "TRIM SIZE",
            "3A 14 1/2\" X 8\" - 116 sq.\"",
            "OTT APPROVALS",
            "",
            "B & W APPROVALS"
        ]
    },
    {
        "text": "OTT APPROVALS",
        "box": [
            142,
            507,
            224,
            521
        ],
        "linking": [
            [
                25,
                7
            ],
            [
                25,
                8
            ],
            [
                25,
                9
            ]
        ],
        "label": "header",
        "words": [
            {
                "text": "OTT",
                "box": [
                    142,
                    507,
                    160,
                    521
                ]
            },
            {
                "text": "APPROVALS",
                "box": [
                    165,
                    508,
                    224,
                    519
                ]
            }
        ],
        "id": 25,
        "neighbours": [
            "BRAND",
            "DESCRIPTION",
            "DATE",
            "WARNING",
            "7559",
            "BKOOL",
            "NA",
            "Signature",
            "Department",
            "Date",
            "Signature",
            "REVISIONS",
            "BROWN & WILLIAMSON TOBACCO CORPORATION",
            "B & W",
            "JOB NO.",
            "CMS Amerada Hess Dispenser Sign",
            "12/ 15/ 97",
            "261 sq",
            "SQ. INCHES/FEET",
            "14 1/2 X 18\"",
            "TRIM SIZE",
            "3A 14 1/2\" X 8\" - 116 sq.\"",
            "T & N",
            "",
            "",
            "B & W APPROVALS",
            "210350475 PRODUCED FROM B & W WEB SITE"
        ]
    },
    {
        "text": "",
        "box": [
            182,
            531,
            261,
            561
        ],
        "linking": [
            [
                7,
                26
            ]
        ],
        "label": "answer",
        "words": [
            {
                "text": "",
                "box": [
                    182,
                    550,
                    218,
                    561
                ]
            },
            {
                "text": "",
                "box": [
                    191,
                    531,
                    261,
                    556
                ]
            }
        ],
        "id": 26,
        "neighbours": [
            "BRAND",
            "DESCRIPTION",
            "DATE",
            "WARNING",
            "7559",
            "BKOOL",
            "NA",
            "Signature",
            "Department",
            "Date",
            "Signature",
            "REVISIONS",
            "BROWN & WILLIAMSON TOBACCO CORPORATION",
            "B & W",
            "JOB NO.",
            "CMS Amerada Hess Dispenser Sign",
            "12/ 15/ 97",
            "261 sq",
            "SQ. INCHES/FEET",
            "14 1/2 X 18\"",
            "TRIM SIZE",
            "3A 14 1/2\" X 8\" - 116 sq.\"",
            "T & N",
            "OTT APPROVALS",
            "",
            "",
            "B & W APPROVALS",
            "210350475 PRODUCED FROM B & W WEB SITE"
        ]
    },
    {
        "text": "",
        "box": [
            353,
            532,
            400,
            563
        ],
        "linking": [
            [
                8,
                27
            ]
        ],
        "label": "answer",
        "words": [
            {
                "text": "",
                "box": [
                    376,
                    532,
                    400,
                    546
                ]
            },
            {
                "text": "",
                "box": [
                    353,
                    545,
                    396,
                    563
                ]
            }
        ],
        "id": 27,
        "neighbours": [
            "Signature",
            "Department",
            "Date",
            "Department",
            "BROWN & WILLIAMSON TOBACCO CORPORATION",
            "CMS Amerada Hess Dispenser Sign",
            "",
            "",
            "DATE COMPLETE"
        ]
    },
    {
        "text": "",
        "box": [
            489,
            529,
            559,
            560
        ],
        "linking": [
            [
                9,
                28
            ]
        ],
        "label": "answer",
        "words": [
            {
                "text": "",
                "box": [
                    494,
                    529,
                    511,
                    546
                ]
            },
            {
                "text": "",
                "box": [
                    510,
                    529,
                    528,
                    544
                ]
            },
            {
                "text": "",
                "box": [
                    528,
                    529,
                    543,
                    544
                ]
            },
            {
                "text": "",
                "box": [
                    489,
                    547,
                    514,
                    558
                ]
            },
            {
                "text": "",
                "box": [
                    517,
                    546,
                    538,
                    560
                ]
            },
            {
                "text": "",
                "box": [
                    539,
                    545,
                    559,
                    560
                ]
            }
        ],
        "id": 28,
        "neighbours": [
            "Signature",
            "Department",
            "Date",
            "Date",
            "OTT APPROVALS",
            "",
            "",
            "REVISIONS APPROVED",
            ""
        ]
    },
    {
        "text": "B & W APPROVALS",
        "box": [
            140,
            620,
            228,
            635
        ],
        "linking": [
            [
                29,
                12
            ],
            [
                29,
                11
            ],
            [
                29,
                10
            ]
        ],
        "label": "header",
        "words": [
            {
                "text": "B",
                "box": [
                    140,
                    620,
                    150,
                    631
                ]
            },
            {
                "text": "&",
                "box": [
                    149,
                    622,
                    156,
                    632
                ]
            },
            {
                "text": "W",
                "box": [
                    154,
                    622,
                    168,
                    635
                ]
            },
            {
                "text": "APPROVALS",
                "box": [
                    168,
                    620,
                    228,
                    634
                ]
            }
        ],
        "id": 29,
        "neighbours": [
            "BRAND",
            "DESCRIPTION",
            "DATE",
            "WARNING",
            "7559",
            "BKOOL",
            "NA",
            "Signature",
            "Date",
            "Department",
            "Signature",
            "REVISIONS",
            "BROWN & WILLIAMSON TOBACCO CORPORATION",
            "B & W",
            "JOB NO.",
            "CMS Amerada Hess Dispenser Sign",
            "12/ 15/ 97",
            "261 sq",
            "SQ. INCHES/FEET",
            "14 1/2 X 18\"",
            "TRIM SIZE",
            "3A 14 1/2\" X 8\" - 116 sq.\"",
            "T & N",
            "OTT APPROVALS",
            "",
            "210350475 PRODUCED FROM B & W WEB SITE"
        ]
    },
    {
        "text": "DATE COMPLETE",
        "box": [
            342,
            732,
            425,
            745
        ],
        "linking": [],
        "label": "question",
        "words": [
            {
                "text": "DATE",
                "box": [
                    342,
                    732,
                    369,
                    745
                ]
            },
            {
                "text": "COMPLETE",
                "box": [
                    372,
                    732,
                    425,
                    745
                ]
            }
        ],
        "id": 30,
        "neighbours": [
            "Department",
            "Department",
            "REVISIONS",
            "BROWN & WILLIAMSON TOBACCO CORPORATION",
            "CMS Amerada Hess Dispenser Sign",
            "",
            "REVISIONS APPROVED"
        ]
    },
    {
        "text": "REVISIONS APPROVED",
        "box": [
            487,
            729,
            597,
            743
        ],
        "linking": [],
        "label": "question",
        "words": [
            {
                "text": "REVISIONS",
                "box": [
                    487,
                    732,
                    540,
                    743
                ]
            },
            {
                "text": "APPROVED",
                "box": [
                    541,
                    729,
                    597,
                    742
                ]
            }
        ],
        "id": 31,
        "neighbours": [
            "Date",
            "Date",
            "REVISIONS",
            "",
            "DATE COMPLETE",
            ""
        ]
    },
    {
        "text": "210350475 PRODUCED FROM B & W WEB SITE",
        "box": [
            1,
            953,
            231,
            983
        ],
        "linking": [],
        "label": "other",
        "words": [
            {
                "text": "210350475",
                "box": [
                    1,
                    953,
                    78,
                    967
                ]
            },
            {
                "text": "PRODUCED",
                "box": [
                    1,
                    969,
                    71,
                    982
                ]
            },
            {
                "text": "FROM",
                "box": [
                    80,
                    969,
                    116,
                    983
                ]
            },
            {
                "text": "B",
                "box": [
                    124,
                    969,
                    132,
                    982
                ]
            },
            {
                "text": "&",
                "box": [
                    133,
                    969,
                    141,
                    982
                ]
            },
            {
                "text": "W",
                "box": [
                    141,
                    968,
                    152,
                    982
                ]
            },
            {
                "text": "WEB",
                "box": [
                    159,
                    969,
                    184,
                    980
                ]
            },
            {
                "text": "SITE",
                "box": [
                    196,
                    969,
                    231,
                    980
                ]
            }
        ],
        "id": 32,
        "neighbours": [
            "BRAND",
            "DESCRIPTION",
            "DATE",
            "WARNING",
            "7559",
            "BKOOL",
            "NA",
            "Signature",
            "Signature",
            "REVISIONS",
            "BROWN & WILLIAMSON TOBACCO CORPORATION",
            "B & W",
            "JOB NO.",
            "CMS Amerada Hess Dispenser Sign",
            "12/ 15/ 97",
            "261 sq",
            "SQ. INCHES/FEET",
            "14 1/2 X 18\"",
            "TRIM SIZE",
            "3A 14 1/2\" X 8\" - 116 sq.\"",
            "T & N",
            "OTT APPROVALS",
            "",
            "B & W APPROVALS"
        ]
    },
    {
        "text": "",
        "box": [
            514,
            141,
            596,
            212
        ],
        "linking": [],
        "label": "other",
        "words": [
            {
                "text": "",
                "box": [
                    521,
                    141,
                    584,
                    163
                ]
            },
            {
                "text": "",
                "box": [
                    514,
                    163,
                    528,
                    178
                ]
            },
            {
                "text": "",
                "box": [
                    578,
                    162,
                    596,
                    179
                ]
            },
            {
                "text": "",
                "box": [
                    520,
                    180,
                    527,
                    187
                ]
            },
            {
                "text": "",
                "box": [
                    522,
                    190,
                    549,
                    212
                ]
            },
            {
                "text": "",
                "box": [
                    575,
                    182,
                    588,
                    203
                ]
            },
            {
                "text": "",
                "box": [
                    549,
                    198,
                    576,
                    211
                ]
            }
        ],
        "id": 33,
        "neighbours": [
            "7559",
            "Date",
            "Date",
            "BROWN & WILLIAMSON TOBACCO CORPORATION",
            "B & W",
            "JOB NO.",
            "",
            "REVISIONS APPROVED"
        ]
    }
]