[
    {
        "box": [
            91,
            148,
            115,
            165
        ],
        "text": "TO:",
        "label": "question",
        "words": [
            {
                "box": [
                    91,
                    148,
                    115,
                    165
                ],
                "text": "TO:"
            }
        ],
        "linking": [
            [
                0,
                13
            ]
        ],
        "id": 0,
        "neighbours": [
            "FROM:",
            "DATE:",
            "J. R. Mueller",
            "Mary Anne Kayiatos",
            "2 /28 /84",
            "Please make the necessary Field Trip arrangements for",
            "Purpose of trip",
            "Special Cities.",
            "Division (s) to be contacted",
            "Dates of contact",
            "Method of travel:",
            "Arrival date and time (include airline and flight no.)",
            "Evening Shuttle",
            "Hotel /Motel reservations needed",
            "Reservations made at",
            "Sales Personnel to be contacted",
            "Sales Personnel to be worked with:",
            "Return to J. R. Mueller no later than two weeks prior to anticipated trip."
        ]
    },
    {
        "box": [
            92,
            190,
            130,
            211
        ],
        "text": "FROM:",
        "label": "question",
        "words": [
            {
                "box": [
                    92,
                    190,
                    130,
                    211
                ],
                "text": "FROM:"
            }
        ],
        "linking": [
            [
                1,
                14
            ]
        ],
        "id": 1,
        "neighbours": [
            "TO:",
            "J. R. Mueller",
            "Mary Anne Kayiatos",
            "Please make the necessary Field Trip arrangements for",
            "Purpose of trip",
            "Special Cities.",
            "Division (s) to be contacted",
            "Dates of contact",
            "Method of travel:",
            "Arrival date and time (include airline and flight no.)",
            "Evening Shuttle",
            "Hotel /Motel reservations needed",
            "Reservations made at",
            "Sales Personnel to be contacted",
            "Sales Personnel to be worked with:",
            "Return to J. R. Mueller no later than two weeks prior to anticipated trip."
        ]
    },
    {
        "box": [
            469,
            142,
            508,
            160
        ],
        "text": "DATE:",
        "label": "question",
        "words": [
            {
                "box": [
                    469,
                    142,
                    508,
                    160
                ],
                "text": "DATE:"
            }
        ],
        "linking": [
            [
                2,
                15
            ]
        ],
        "id": 2,
        "neighbours": [
            "TO:",
            "Train",
            "Other",
            "Dates",
            "FIELD TRIP",
            "J. R. Mueller",
            "2 /28 /84",
            "Please make the necessary Field Trip arrangements for",
            "Ted van de kamp",
            "Tuesday 3 /13 and Wednesday, 3 /14",
            "Arrival date and time (include airline and flight no.)",
            "Monday, 3 /12",
            "A. D. M.",
            "Sales Representative"
        ]
    },
    {
        "box": [
            232,
            472,
            257,
            487
        ],
        "text": "Air",
        "label": "question",
        "words": [
            {
                "box": [
                    232,
                    472,
                    257,
                    487
                ],
                "text": "Air"
            }
        ],
        "linking": [
            [
                24,
                3
            ]
        ],
        "id": 3,
        "neighbours": [
            "Auto",
            "Train",
            "Other",
            "Boston",
            "J. R. Mueller",
            "Mary Anne Kayiatos",
            "Purpose of trip",
            "To evaluate Satin's overall performance and results of",
            "Special Cities.",
            "Division (s) to be contacted",
            "Dates of contact",
            "Tuesday 3 /13 and Wednesday, 3 /14",
            "Method of travel:",
            "Evening Shuttle",
            "Hotel /Motel reservations needed",
            "Reservations made at",
            "Sales Personnel to be contacted"
        ]
    },
    {
        "box": [
            295,
            471,
            323,
            486
        ],
        "text": "Auto",
        "label": "question",
        "words": [
            {
                "box": [
                    295,
                    471,
                    323,
                    486
                ],
                "text": "Auto"
            }
        ],
        "linking": [
            [
                24,
                4
            ]
        ],
        "id": 4,
        "neighbours": [
            "Air",
            "Train",
            "Other",
            "Boston",
            "XX",
            "FIELD TRIP",
            "J. R. Mueller",
            "Mary Anne Kayiatos",
            "To evaluate Satin's overall performance and results of",
            "Special Cities.",
            "Division (s) to be contacted",
            "Tuesday 3 /13 and Wednesday, 3 /14",
            "Method of travel:",
            "Evening Shuttle",
            "Hotel /Motel reservations needed",
            "Reservations made at",
            "Sales Personnel to be contacted",
            "Sales Personnel to be worked with:",
            "D. M."
        ]
    },
    {
        "box": [
            360,
            469,
            401,
            484
        ],
        "text": "Train",
        "label": "question",
        "words": [
            {
                "box": [
                    360,
                    469,
                    401,
                    484
                ],
                "text": "Train"
            }
        ],
        "linking": [
            [
                24,
                5
            ]
        ],
        "id": 5,
        "neighbours": [
            "DATE:",
            "Air",
            "Auto",
            "Other",
            "Boston",
            "XX",
            "FIELD TRIP",
            "Mary Anne Kayiatos",
            "Division (s) to be contacted",
            "Method of travel:",
            "Hotel /Motel reservations needed",
            "Sales Personnel to be contacted",
            "Sales Personnel to be worked with:",
            "D. M.",
            "A. D. M."
        ]
    },
    {
        "box": [
            434,
            466,
            473,
            484
        ],
        "text": "Other",
        "label": "question",
        "words": [
            {
                "box": [
                    434,
                    466,
                    473,
                    484
                ],
                "text": "Other"
            }
        ],
        "linking": [
            [
                24,
                6
            ]
        ],
        "id": 6,
        "neighbours": [
            "DATE:",
            "Air",
            "Auto",
            "Train",
            "Dates",
            "Boston",
            "XX",
            "FIELD TRIP",
            "2 /28 /84",
            "Please make the necessary Field Trip arrangements for",
            "Ted van de kamp",
            "Tuesday 3 /13 and Wednesday, 3 /14",
            "Method of travel:",
            "Arrival date and time (include airline and flight no.)",
            "Monday, 3 /12",
            "D. M.",
            "A. D. M.",
            "Sales Representative"
        ]
    },
    {
        "box": [
            541,
            644,
            580,
            662
        ],
        "text": "Dates",
        "label": "question",
        "words": [
            {
                "box": [
                    541,
                    644,
                    580,
                    662
                ],
                "text": "Dates"
            }
        ],
        "linking": [],
        "id": 7,
        "neighbours": [
            "DATE:",
            "Other",
            "2 /28 /84",
            "Please make the necessary Field Trip arrangements for",
            "Ted van de kamp",
            "Tuesday 3 /13 and Wednesday, 3 /14",
            "Arrival date and time (include airline and flight no.)",
            "Monday, 3 /12",
            "Reservations made at",
            "A. D. M.",
            "Sales Representative",
            "Return to J. R. Mueller no later than two weeks prior to anticipated trip."
        ]
    },
    {
        "box": [
            318,
            381,
            377,
            396
        ],
        "text": "Boston",
        "label": "answer",
        "words": [
            {
                "box": [
                    318,
                    381,
                    377,
                    396
                ],
                "text": "Boston"
            }
        ],
        "linking": [
            [
                21,
                8
            ]
        ],
        "id": 8,
        "neighbours": [
            "Air",
            "Auto",
            "Train",
            "Other",
            "XX",
            "FIELD TRIP",
            "J. R. Mueller",
            "Mary Anne Kayiatos",
            "Division (s) to be contacted",
            "Hotel /Motel reservations needed",
            "Sales Personnel to be contacted",
            "Sales Personnel to be worked with:",
            "D. M.",
            "A. D. M."
        ]
    },
    {
        "box": [
            345,
            599,
            367,
            616
        ],
        "text": "XX",
        "label": "answer",
        "words": [
            {
                "box": [
                    345,
                    599,
                    367,
                    616
                ],
                "text": "XX"
            }
        ],
        "linking": [
            [
                28,
                9
            ]
        ],
        "id": 9,
        "neighbours": [
            "Auto",
            "Train",
            "Other",
            "Boston",
            "FIELD TRIP",
            "J. R. Mueller",
            "Mary Anne Kayiatos",
            "Division (s) to be contacted",
            "Hotel /Motel reservations needed",
            "Sales Personnel to be contacted",
            "Sales Personnel to be worked with:",
            "D. M.",
            "A. D. M."
        ]
    },
    {
        "box": [
            676,
            729,
            691,
            744
        ],
        "text": "X",
        "label": "answer",
        "words": [
            {
                "box": [
                    676,
                    729,
                    691,
                    744
                ],
                "text": "X"
            }
        ],
        "linking": [
            [
                34,
                10
            ]
        ],
        "id": 10,
        "neighbours": [
            "80728670",
            "Ted van de kamp",
            "To evaluate Satin's overall performance and results of",
            "Monday, 3 /12",
            "Sales Personnel to be worked with:",
            "D. M.",
            "A. D. M.",
            "Sales Representative",
            "Return to J. R. Mueller no later than two weeks prior to anticipated trip."
        ]
    },
    {
        "box": [
            719,
            782,
            743,
            883
        ],
        "text": "80728670",
        "label": "other",
        "words": [
            {
                "box": [
                    719,
                    782,
                    743,
                    883
                ],
                "text": "80728670"
            }
        ],
        "linking": [],
        "id": 11,
        "neighbours": [
            "X",
            "To evaluate Satin's overall performance and results of",
            "Sales Representative"
        ]
    },
    {
        "text": "FIELD TRIP",
        "box": [
            365,
            84,
            443,
            101
        ],
        "linking": [],
        "label": "header",
        "words": [
            {
                "text": "FIELD",
                "box": [
                    365,
                    84,
                    407,
                    101
                ]
            },
            {
                "text": "TRIP",
                "box": [
                    411,
                    84,
                    443,
                    101
                ]
            }
        ],
        "id": 12,
        "neighbours": [
            "DATE:",
            "Auto",
            "Train",
            "Other",
            "Boston",
            "XX",
            "Mary Anne Kayiatos",
            "Please make the necessary Field Trip arrangements for",
            "Ted van de kamp",
            "Division (s) to be contacted",
            "Arrival date and time (include airline and flight no.)",
            "Monday, 3 /12",
            "Hotel /Motel reservations needed",
            "Sales Personnel to be contacted",
            "Sales Personnel to be worked with:",
            "D. M.",
            "A. D. M.",
            "Sales Representative"
        ]
    },
    {
        "text": "J. R. Mueller",
        "box": [
            180,
            144,
            279,
            162
        ],
        "linking": [
            [
                0,
                13
            ]
        ],
        "label": "answer",
        "words": [
            {
                "text": "J.",
                "box": [
                    180,
                    145,
                    197,
                    160
                ]
            },
            {
                "text": "R.",
                "box": [
                    203,
                    147,
                    218,
                    161
                ]
            },
            {
                "text": "Mueller",
                "box": [
                    225,
                    144,
                    279,
                    162
                ]
            }
        ],
        "id": 13,
        "neighbours": [
            "TO:",
            "FROM:",
            "DATE:",
            "Air",
            "Auto",
            "Boston",
            "XX",
            "Mary Anne Kayiatos",
            "2 /28 /84",
            "Purpose of trip",
            "To evaluate Satin's overall performance and results of",
            "Special Cities.",
            "Division (s) to be contacted",
            "Dates of contact",
            "Tuesday 3 /13 and Wednesday, 3 /14",
            "Method of travel:",
            "Evening Shuttle",
            "Hotel /Motel reservations needed",
            "Reservations made at",
            "Sales Personnel to be contacted",
            "Sales Personnel to be worked with:"
        ]
    },
    {
        "text": "Mary Anne Kayiatos",
        "box": [
            159,
            182,
            321,
            203
        ],
        "linking": [
            [
                1,
                14
            ]
        ],
        "label": "answer",
        "words": [
            {
                "text": "Mary",
                "box": [
                    159,
                    184,
                    198,
                    201
                ]
            },
            {
                "text": "Anne",
                "box": [
                    204,
                    183,
                    242,
                    201
                ]
            },
            {
                "text": "Kayiatos",
                "box": [
                    251,
                    182,
                    321,
                    203
                ]
            }
        ],
        "id": 14,
        "neighbours": [
            "TO:",
            "FROM:",
            "Air",
            "Auto",
            "Train",
            "Boston",
            "XX",
            "FIELD TRIP",
            "J. R. Mueller",
            "Please make the necessary Field Trip arrangements for",
            "Purpose of trip",
            "To evaluate Satin's overall performance and results of",
            "Special Cities.",
            "Division (s) to be contacted",
            "Dates of contact",
            "Tuesday 3 /13 and Wednesday, 3 /14",
            "Method of travel:",
            "Arrival date and time (include airline and flight no.)",
            "Evening Shuttle",
            "Hotel /Motel reservations needed",
            "Reservations made at",
            "Sales Personnel to be contacted",
            "Sales Personnel to be worked with:",
            "D. M."
        ]
    },
    {
        "text": "2 /28 /84",
        "box": [
            534,
            134,
            598,
            154
        ],
        "linking": [
            [
                2,
                15
            ]
        ],
        "label": "answer",
        "words": [
            {
                "text": "2",
                "box": [
                    534,
                    134,
                    547,
                    152
                ]
            },
            {
                "text": "/28",
                "box": [
                    546,
                    134,
                    571,
                    154
                ]
            },
            {
                "text": "/84",
                "box": [
                    571,
                    135,
                    598,
                    152
                ]
            }
        ],
        "id": 15,
        "neighbours": [
            "TO:",
            "DATE:",
            "Other",
            "Dates",
            "J. R. Mueller",
            "Please make the necessary Field Trip arrangements for",
            "Ted van de kamp",
            "Tuesday 3 /13 and Wednesday, 3 /14",
            "Arrival date and time (include airline and flight no.)",
            "Monday, 3 /12",
            "A. D. M.",
            "Sales Representative",
            "Return to J. R. Mueller no later than two weeks prior to anticipated trip."
        ]
    },
    {
        "text": "Please make the necessary Field Trip arrangements for",
        "box": [
            92,
            249,
            489,
            268
        ],
        "linking": [
            [
                16,
                17
            ]
        ],
        "label": "question",
        "words": [
            {
                "text": "Please",
                "box": [
                    92,
                    251,
                    138,
                    268
                ]
            },
            {
                "text": "make",
                "box": [
                    144,
                    253,
                    176,
                    267
                ]
            },
            {
                "text": "the",
                "box": [
                    182,
                    250,
                    206,
                    265
                ]
            },
            {
                "text": "necessary",
                "box": [
                    212,
                    253,
                    280,
                    264
                ]
            },
            {
                "text": "Field",
                "box": [
                    286,
                    250,
                    327,
                    265
                ]
            },
            {
                "text": "Trip",
                "box": [
                    331,
                    249,
                    362,
                    266
                ]
            },
            {
                "text": "arrangements",
                "box": [
                    367,
                    250,
                    459,
                    263
                ]
            },
            {
                "text": "for",
                "box": [
                    465,
                    249,
                    489,
                    264
                ]
            }
        ],
        "id": 16,
        "neighbours": [
            "TO:",
            "FROM:",
            "DATE:",
            "Air",
            "Auto",
            "Train",
            "Other",
            "Dates",
            "Boston",
            "XX",
            "FIELD TRIP",
            "J. R. Mueller",
            "Mary Anne Kayiatos",
            "2 /28 /84",
            "Ted van de kamp",
            "Purpose of trip",
            "To evaluate Satin's overall performance and results of",
            "Special Cities.",
            "Division (s) to be contacted",
            "Dates of contact",
            "Tuesday 3 /13 and Wednesday, 3 /14",
            "Method of travel:",
            "Arrival date and time (include airline and flight no.)",
            "Monday, 3 /12",
            "Evening Shuttle",
            "Hotel /Motel reservations needed",
            "Reservations made at",
            "Sales Personnel to be contacted",
            "Sales Personnel to be worked with:",
            "D. M.",
            "A. D. M.",
            "Sales Representative",
            "Return to J. R. Mueller no later than two weeks prior to anticipated trip."
        ]
    },
    {
        "text": "Ted van de kamp",
        "box": [
            497,
            239,
            634,
            259
        ],
        "linking": [
            [
                16,
                17
            ]
        ],
        "label": "answer",
        "words": [
            {
                "text": "Ted",
                "box": [
                    497,
                    240,
                    529,
                    258
                ]
            },
            {
                "text": "van",
                "box": [
                    535,
                    242,
                    564,
                    259
                ]
            },
            {
                "text": "de",
                "box": [
                    571,
                    239,
                    589,
                    256
                ]
            },
            {
                "text": "kamp",
                "box": [
                    596,
                    239,
                    634,
                    259
                ]
            }
        ],
        "id": 17,
        "neighbours": [
            "DATE:",
            "Other",
            "Dates",
            "X",
            "FIELD TRIP",
            "2 /28 /84",
            "Please make the necessary Field Trip arrangements for",
            "Tuesday 3 /13 and Wednesday, 3 /14",
            "Arrival date and time (include airline and flight no.)",
            "Monday, 3 /12",
            "A. D. M.",
            "Sales Representative",
            "Return to J. R. Mueller no later than two weeks prior to anticipated trip."
        ]
    },
    {
        "text": "Purpose of trip",
        "box": [
            91,
            295,
            206,
            315
        ],
        "linking": [
            [
                18,
                19
            ],
            [
                18,
                20
            ]
        ],
        "label": "question",
        "words": [
            {
                "text": "Purpose",
                "box": [
                    91,
                    296,
                    145,
                    313
                ]
            },
            {
                "text": "of",
                "box": [
                    151,
                    296,
                    169,
                    310
                ]
            },
            {
                "text": "trip",
                "box": [
                    175,
                    295,
                    206,
                    315
                ]
            }
        ],
        "id": 18,
        "neighbours": [
            "TO:",
            "FROM:",
            "Air",
            "J. R. Mueller",
            "Mary Anne Kayiatos",
            "Please make the necessary Field Trip arrangements for",
            "To evaluate Satin's overall performance and results of",
            "Special Cities.",
            "Division (s) to be contacted",
            "Dates of contact",
            "Tuesday 3 /13 and Wednesday, 3 /14",
            "Method of travel:",
            "Arrival date and time (include airline and flight no.)",
            "Evening Shuttle",
            "Hotel /Motel reservations needed",
            "Reservations made at",
            "Sales Personnel to be contacted",
            "Sales Personnel to be worked with:",
            "Return to J. R. Mueller no later than two weeks prior to anticipated trip."
        ]
    },
    {
        "text": "To evaluate Satin's overall performance and results of",
        "box": [
            230,
            282,
            715,
            306
        ],
        "linking": [
            [
                18,
                19
            ]
        ],
        "label": "answer",
        "words": [
            {
                "text": "To",
                "box": [
                    230,
                    288,
                    251,
                    306
                ]
            },
            {
                "text": "evaluate",
                "box": [
                    258,
                    288,
                    332,
                    303
                ]
            },
            {
                "text": "Satin's",
                "box": [
                    338,
                    284,
                    405,
                    305
                ]
            },
            {
                "text": "overall",
                "box": [
                    411,
                    285,
                    475,
                    305
                ]
            },
            {
                "text": "performance",
                "box": [
                    480,
                    286,
                    579,
                    306
                ]
            },
            {
                "text": "and",
                "box": [
                    591,
                    285,
                    618,
                    302
                ]
            },
            {
                "text": "results",
                "box": [
                    623,
                    285,
                    690,
                    302
                ]
            },
            {
                "text": "of",
                "box": [
                    697,
                    282,
                    715,
                    300
                ]
            }
        ],
        "id": 19,
        "neighbours": [
            "DATE:",
            "Air",
            "Auto",
            "Train",
            "Other",
            "Dates",
            "Boston",
            "XX",
            "X",
            "80728670",
            "FIELD TRIP",
            "J. R. Mueller",
            "Mary Anne Kayiatos",
            "2 /28 /84",
            "Please make the necessary Field Trip arrangements for",
            "Ted van de kamp",
            "Purpose of trip",
            "Special Cities.",
            "Division (s) to be contacted",
            "Dates of contact",
            "Tuesday 3 /13 and Wednesday, 3 /14",
            "Method of travel:",
            "Arrival date and time (include airline and flight no.)",
            "Monday, 3 /12",
            "Evening Shuttle",
            "Hotel /Motel reservations needed",
            "Reservations made at",
            "Sales Personnel to be contacted",
            "Sales Personnel to be worked with:",
            "D. M.",
            "A. D. M.",
            "Sales Representative",
            "Return to J. R. Mueller no later than two weeks prior to anticipated trip."
        ]
    },
    {
        "text": "Special Cities.",
        "box": [
            105,
            330,
            240,
            351
        ],
        "linking": [
            [
                18,
                20
            ]
        ],
        "label": "answer",
        "words": [
            {
                "text": "Special",
                "box": [
                    105,
                    330,
                    169,
                    351
                ]
            },
            {
                "text": "Cities.",
                "box": [
                    176,
                    330,
                    240,
                    348
                ]
            }
        ],
        "id": 20,
        "neighbours": [
            "TO:",
            "FROM:",
            "Air",
            "Auto",
            "J. R. Mueller",
            "Mary Anne Kayiatos",
            "Please make the necessary Field Trip arrangements for",
            "Purpose of trip",
            "To evaluate Satin's overall performance and results of",
            "Division (s) to be contacted",
            "Dates of contact",
            "Tuesday 3 /13 and Wednesday, 3 /14",
            "Method of travel:",
            "Arrival date and time (include airline and flight no.)",
            "Evening Shuttle",
            "Hotel /Motel reservations needed",
            "Reservations made at",
            "Sales Personnel to be contacted",
            "Sales Personnel to be worked with:",
            "Return to J. R. Mueller no later than two weeks prior to anticipated trip."
        ]
    },
    {
        "text": "Division (s) to be contacted",
        "box": [
            91,
            383,
            295,
            403
        ],
        "linking": [
            [
                21,
                8
            ]
        ],
        "label": "question",
        "words": [
            {
                "text": "Division",
                "box": [
                    91,
                    383,
                    152,
                    403
                ]
            },
            {
                "text": "(s)",
                "box": [
                    154,
                    384,
                    174,
                    401
                ]
            },
            {
                "text": "to",
                "box": [
                    182,
                    384,
                    199,
                    399
                ]
            },
            {
                "text": "be",
                "box": [
                    204,
                    384,
                    221,
                    399
                ]
            },
            {
                "text": "contacted",
                "box": [
                    228,
                    383,
                    295,
                    400
                ]
            }
        ],
        "id": 21,
        "neighbours": [
            "TO:",
            "FROM:",
            "Air",
            "Auto",
            "Train",
            "Boston",
            "XX",
            "FIELD TRIP",
            "J. R. Mueller",
            "Mary Anne Kayiatos",
            "Please make the necessary Field Trip arrangements for",
            "Purpose of trip",
            "To evaluate Satin's overall performance and results of",
            "Special Cities.",
            "Dates of contact",
            "Tuesday 3 /13 and Wednesday, 3 /14",
            "Method of travel:",
            "Arrival date and time (include airline and flight no.)",
            "Evening Shuttle",
            "Hotel /Motel reservations needed",
            "Reservations made at",
            "Sales Personnel to be contacted",
            "Sales Personnel to be worked with:",
            "D. M.",
            "Return to J. R. Mueller no later than two weeks prior to anticipated trip."
        ]
    },
    {
        "text": "Dates of contact",
        "box": [
            91,
            426,
            211,
            444
        ],
        "linking": [
            [
                22,
                23
            ]
        ],
        "label": "question",
        "words": [
            {
                "text": "Dates",
                "box": [
                    91,
                    426,
                    130,
                    443
                ]
            },
            {
                "text": "of",
                "box": [
                    137,
                    426,
                    152,
                    443
                ]
            },
            {
                "text": "contact",
                "box": [
                    158,
                    429,
                    211,
                    444
                ]
            }
        ],
        "id": 22,
        "neighbours": [
            "TO:",
            "FROM:",
            "Air",
            "J. R. Mueller",
            "Mary Anne Kayiatos",
            "Please make the necessary Field Trip arrangements for",
            "Purpose of trip",
            "To evaluate Satin's overall performance and results of",
            "Special Cities.",
            "Division (s) to be contacted",
            "Tuesday 3 /13 and Wednesday, 3 /14",
            "Method of travel:",
            "Arrival date and time (include airline and flight no.)",
            "Evening Shuttle",
            "Hotel /Motel reservations needed",
            "Reservations made at",
            "Sales Personnel to be contacted",
            "Sales Personnel to be worked with:",
            "Return to J. R. Mueller no later than two weeks prior to anticipated trip."
        ]
    },
    {
        "text": "Tuesday 3 /13 and Wednesday, 3 /14",
        "box": [
            240,
            423,
            531,
            443
        ],
        "linking": [
            [
                22,
                23
            ]
        ],
        "label": "answer",
        "words": [
            {
                "text": "Tuesday",
                "box": [
                    240,
                    425,
                    304,
                    443
                ]
            },
            {
                "text": "3",
                "box": [
                    313,
                    427,
                    323,
                    442
                ]
            },
            {
                "text": "/13",
                "box": [
                    324,
                    426,
                    351,
                    443
                ]
            },
            {
                "text": "and",
                "box": [
                    356,
                    423,
                    385,
                    443
                ]
            },
            {
                "text": "Wednesday,",
                "box": [
                    392,
                    426,
                    483,
                    443
                ]
            },
            {
                "text": "3",
                "box": [
                    492,
                    425,
                    502,
                    442
                ]
            },
            {
                "text": "/14",
                "box": [
                    503,
                    425,
                    531,
                    442
                ]
            }
        ],
        "id": 23,
        "neighbours": [
            "DATE:",
            "Air",
            "Auto",
            "Train",
            "Other",
            "Dates",
            "Boston",
            "XX",
            "FIELD TRIP",
            "J. R. Mueller",
            "Mary Anne Kayiatos",
            "2 /28 /84",
            "Please make the necessary Field Trip arrangements for",
            "Ted van de kamp",
            "Purpose of trip",
            "To evaluate Satin's overall performance and results of",
            "Special Cities.",
            "Division (s) to be contacted",
            "Dates of contact",
            "Method of travel:",
            "Arrival date and time (include airline and flight no.)",
            "Monday, 3 /12",
            "Evening Shuttle",
            "Hotel /Motel reservations needed",
            "Reservations made at",
            "Sales Personnel to be contacted",
            "Sales Personnel to be worked with:",
            "D. M.",
            "A. D. M.",
            "Sales Representative"
        ]
    },
    {
        "text": "Method of travel:",
        "box": [
            91,
            469,
            219,
            487
        ],
        "linking": [
            [
                24,
                3
            ],
            [
                24,
                4
            ],
            [
                24,
                5
            ],
            [
                24,
                6
            ]
        ],
        "label": "header",
        "words": [
            {
                "text": "Method",
                "box": [
                    91,
                    469,
                    138,
                    486
                ]
            },
            {
                "text": "of",
                "box": [
                    142,
                    471,
                    162,
                    486
                ]
            },
            {
                "text": "travel:",
                "box": [
                    166,
                    469,
                    219,
                    487
                ]
            }
        ],
        "id": 24,
        "neighbours": [
            "TO:",
            "FROM:",
            "Air",
            "Auto",
            "Train",
            "Other",
            "J. R. Mueller",
            "Mary Anne Kayiatos",
            "Please make the necessary Field Trip arrangements for",
            "Purpose of trip",
            "To evaluate Satin's overall performance and results of",
            "Special Cities.",
            "Division (s) to be contacted",
            "Dates of contact",
            "Tuesday 3 /13 and Wednesday, 3 /14",
            "Arrival date and time (include airline and flight no.)",
            "Evening Shuttle",
            "Hotel /Motel reservations needed",
            "Reservations made at",
            "Sales Personnel to be contacted",
            "Sales Personnel to be worked with:",
            "Return to J. R. Mueller no later than two weeks prior to anticipated trip."
        ]
    },
    {
        "text": "Arrival date and time (include airline and flight no.)",
        "box": [
            91,
            513,
            494,
            532
        ],
        "linking": [
            [
                25,
                26
            ],
            [
                25,
                27
            ]
        ],
        "label": "question",
        "words": [
            {
                "text": "Arrival",
                "box": [
                    91,
                    517,
                    145,
                    532
                ]
            },
            {
                "text": "date",
                "box": [
                    149,
                    517,
                    183,
                    532
                ]
            },
            {
                "text": "and",
                "box": [
                    190,
                    518,
                    214,
                    531
                ]
            },
            {
                "text": "time",
                "box": [
                    219,
                    515,
                    248,
                    530
                ]
            },
            {
                "text": "(include",
                "box": [
                    257,
                    514,
                    317,
                    529
                ]
            },
            {
                "text": "airline",
                "box": [
                    323,
                    515,
                    377,
                    529
                ]
            },
            {
                "text": "and",
                "box": [
                    384,
                    515,
                    408,
                    528
                ]
            },
            {
                "text": "flight",
                "box": [
                    415,
                    513,
                    458,
                    531
                ]
            },
            {
                "text": "no.)",
                "box": [
                    465,
                    513,
                    494,
                    530
                ]
            }
        ],
        "id": 25,
        "neighbours": [
            "TO:",
            "FROM:",
            "DATE:",
            "Air",
            "Auto",
            "Train",
            "Other",
            "Dates",
            "Boston",
            "XX",
            "FIELD TRIP",
            "J. R. Mueller",
            "Mary Anne Kayiatos",
            "2 /28 /84",
            "Please make the necessary Field Trip arrangements for",
            "Ted van de kamp",
            "Purpose of trip",
            "To evaluate Satin's overall performance and results of",
            "Special Cities.",
            "Division (s) to be contacted",
            "Dates of contact",
            "Tuesday 3 /13 and Wednesday, 3 /14",
            "Method of travel:",
            "Monday, 3 /12",
            "Evening Shuttle",
            "Hotel /Motel reservations needed",
            "Reservations made at",
            "Sales Personnel to be contacted",
            "Sales Personnel to be worked with:",
            "D. M.",
            "A. D. M.",
            "Sales Representative",
            "Return to J. R. Mueller no later than two weeks prior to anticipated trip."
        ]
    },
    {
        "text": "Monday, 3 /12",
        "box": [
            514,
            510,
            629,
            530
        ],
        "linking": [
            [
                25,
                26
            ]
        ],
        "label": "answer",
        "words": [
            {
                "text": "Monday,",
                "box": [
                    514,
                    510,
                    580,
                    530
                ]
            },
            {
                "text": "3",
                "box": [
                    587,
                    511,
                    600,
                    528
                ]
            },
            {
                "text": "/12",
                "box": [
                    602,
                    511,
                    629,
                    528
                ]
            }
        ],
        "id": 26,
        "neighbours": [
            "DATE:",
            "Other",
            "Dates",
            "X",
            "FIELD TRIP",
            "2 /28 /84",
            "Please make the necessary Field Trip arrangements for",
            "Ted van de kamp",
            "Tuesday 3 /13 and Wednesday, 3 /14",
            "Arrival date and time (include airline and flight no.)",
            "A. D. M.",
            "Sales Representative",
            "Return to J. R. Mueller no later than two weeks prior to anticipated trip."
        ]
    },
    {
        "text": "Evening Shuttle",
        "box": [
            103,
            550,
            242,
            568
        ],
        "linking": [
            [
                25,
                27
            ]
        ],
        "label": "answer",
        "words": [
            {
                "text": "Evening",
                "box": [
                    103,
                    550,
                    169,
                    568
                ]
            },
            {
                "text": "Shuttle",
                "box": [
                    179,
                    552,
                    242,
                    567
                ]
            }
        ],
        "id": 27,
        "neighbours": [
            "TO:",
            "FROM:",
            "Air",
            "Auto",
            "J. R. Mueller",
            "Mary Anne Kayiatos",
            "Please make the necessary Field Trip arrangements for",
            "Purpose of trip",
            "To evaluate Satin's overall performance and results of",
            "Special Cities.",
            "Division (s) to be contacted",
            "Dates of contact",
            "Tuesday 3 /13 and Wednesday, 3 /14",
            "Method of travel:",
            "Arrival date and time (include airline and flight no.)",
            "Hotel /Motel reservations needed",
            "Reservations made at",
            "Sales Personnel to be contacted",
            "Sales Personnel to be worked with:",
            "Return to J. R. Mueller no later than two weeks prior to anticipated trip."
        ]
    },
    {
        "text": "Hotel /Motel reservations needed",
        "box": [
            89,
            602,
            324,
            620
        ],
        "linking": [
            [
                28,
                9
            ]
        ],
        "label": "question",
        "words": [
            {
                "text": "Hotel",
                "box": [
                    89,
                    602,
                    128,
                    620
                ]
            },
            {
                "text": "/Motel",
                "box": [
                    130,
                    602,
                    175,
                    620
                ]
            },
            {
                "text": "reservations",
                "box": [
                    182,
                    605,
                    273,
                    619
                ]
            },
            {
                "text": "needed",
                "box": [
                    279,
                    603,
                    324,
                    617
                ]
            }
        ],
        "id": 28,
        "neighbours": [
            "TO:",
            "FROM:",
            "Air",
            "Auto",
            "Train",
            "Boston",
            "XX",
            "FIELD TRIP",
            "J. R. Mueller",
            "Mary Anne Kayiatos",
            "Please make the necessary Field Trip arrangements for",
            "Purpose of trip",
            "To evaluate Satin's overall performance and results of",
            "Special Cities.",
            "Division (s) to be contacted",
            "Dates of contact",
            "Tuesday 3 /13 and Wednesday, 3 /14",
            "Method of travel:",
            "Arrival date and time (include airline and flight no.)",
            "Evening Shuttle",
            "Reservations made at",
            "Sales Personnel to be contacted",
            "Sales Personnel to be worked with:",
            "D. M.",
            "Return to J. R. Mueller no later than two weeks prior to anticipated trip."
        ]
    },
    {
        "text": "Reservations made at",
        "box": [
            92,
            648,
            242,
            666
        ],
        "linking": [],
        "label": "question",
        "words": [
            {
                "text": "Reservations",
                "box": [
                    92,
                    649,
                    183,
                    666
                ]
            },
            {
                "text": "made",
                "box": [
                    187,
                    649,
                    219,
                    663
                ]
            },
            {
                "text": "at",
                "box": [
                    225,
                    648,
                    242,
                    665
                ]
            }
        ],
        "id": 29,
        "neighbours": [
            "TO:",
            "FROM:",
            "Air",
            "Auto",
            "Dates",
            "J. R. Mueller",
            "Mary Anne Kayiatos",
            "Please make the necessary Field Trip arrangements for",
            "Purpose of trip",
            "To evaluate Satin's overall performance and results of",
            "Special Cities.",
            "Division (s) to be contacted",
            "Dates of contact",
            "Tuesday 3 /13 and Wednesday, 3 /14",
            "Method of travel:",
            "Arrival date and time (include airline and flight no.)",
            "Evening Shuttle",
            "Hotel /Motel reservations needed",
            "Sales Personnel to be contacted",
            "Sales Personnel to be worked with:",
            "Return to J. R. Mueller no later than two weeks prior to anticipated trip."
        ]
    },
    {
        "text": "Sales Personnel to be contacted",
        "box": [
            91,
            690,
            326,
            708
        ],
        "linking": [],
        "label": "question",
        "words": [
            {
                "text": "Sales",
                "box": [
                    91,
                    693,
                    130,
                    708
                ]
            },
            {
                "text": "Personnel",
                "box": [
                    135,
                    693,
                    203,
                    707
                ]
            },
            {
                "text": "to",
                "box": [
                    211,
                    690,
                    226,
                    707
                ]
            },
            {
                "text": "be",
                "box": [
                    233,
                    691,
                    248,
                    706
                ]
            },
            {
                "text": "contacted",
                "box": [
                    256,
                    691,
                    326,
                    706
                ]
            }
        ],
        "id": 30,
        "neighbours": [
            "TO:",
            "FROM:",
            "Air",
            "Auto",
            "Train",
            "Boston",
            "XX",
            "FIELD TRIP",
            "J. R. Mueller",
            "Mary Anne Kayiatos",
            "Please make the necessary Field Trip arrangements for",
            "Purpose of trip",
            "To evaluate Satin's overall performance and results of",
            "Special Cities.",
            "Division (s) to be contacted",
            "Dates of contact",
            "Tuesday 3 /13 and Wednesday, 3 /14",
            "Method of travel:",
            "Arrival date and time (include airline and flight no.)",
            "Evening Shuttle",
            "Hotel /Motel reservations needed",
            "Reservations made at",
            "Sales Personnel to be worked with:",
            "D. M.",
            "Return to J. R. Mueller no later than two weeks prior to anticipated trip."
        ]
    },
    {
        "text": "Sales Personnel to be worked with:",
        "box": [
            91,
            733,
            347,
            753
        ],
        "linking": [],
        "label": "question",
        "words": [
            {
                "text": "Sales",
                "box": [
                    91,
                    736,
                    132,
                    753
                ]
            },
            {
                "text": "Personnel",
                "box": [
                    137,
                    736,
                    207,
                    753
                ]
            },
            {
                "text": "to",
                "box": [
                    211,
                    737,
                    228,
                    751
                ]
            },
            {
                "text": "be",
                "box": [
                    232,
                    736,
                    249,
                    751
                ]
            },
            {
                "text": "worked",
                "box": [
                    254,
                    733,
                    303,
                    751
                ]
            },
            {
                "text": "with:",
                "box": [
                    309,
                    733,
                    347,
                    751
                ]
            }
        ],
        "id": 31,
        "neighbours": [
            "TO:",
            "FROM:",
            "Air",
            "Auto",
            "Train",
            "Boston",
            "XX",
            "X",
            "FIELD TRIP",
            "J. R. Mueller",
            "Mary Anne Kayiatos",
            "Please make the necessary Field Trip arrangements for",
            "Purpose of trip",
            "To evaluate Satin's overall performance and results of",
            "Special Cities.",
            "Division (s) to be contacted",
            "Dates of contact",
            "Tuesday 3 /13 and Wednesday, 3 /14",
            "Method of travel:",
            "Arrival date and time (include airline and flight no.)",
            "Evening Shuttle",
            "Hotel /Motel reservations needed",
            "Reservations made at",
            "Sales Personnel to be contacted",
            "D. M.",
            "A. D. M.",
            "Sales Representative",
            "Return to J. R. Mueller no later than two weeks prior to anticipated trip."
        ]
    },
    {
        "text": "D. M.",
        "box": [
            362,
            735,
            391,
            749
        ],
        "linking": [],
        "label": "question",
        "words": [
            {
                "text": "D.",
                "box": [
                    362,
                    735,
                    375,
                    749
                ]
            },
            {
                "text": "M.",
                "box": [
                    376,
                    736,
                    391,
                    749
                ]
            }
        ],
        "id": 32,
        "neighbours": [
            "Auto",
            "Train",
            "Other",
            "Boston",
            "XX",
            "X",
            "FIELD TRIP",
            "Mary Anne Kayiatos",
            "Division (s) to be contacted",
            "Hotel /Motel reservations needed",
            "Sales Personnel to be contacted",
            "Sales Personnel to be worked with:",
            "A. D. M.",
            "Sales Representative"
        ]
    },
    {
        "text": "A. D. M.",
        "box": [
            426,
            733,
            472,
            749
        ],
        "linking": [],
        "label": "question",
        "words": [
            {
                "text": "A.",
                "box": [
                    426,
                    735,
                    443,
                    749
                ]
            },
            {
                "text": "D.",
                "box": [
                    443,
                    733,
                    456,
                    747
                ]
            },
            {
                "text": "M.",
                "box": [
                    457,
                    733,
                    472,
                    747
                ]
            }
        ],
        "id": 33,
        "neighbours": [
            "DATE:",
            "Train",
            "Other",
            "Dates",
            "Boston",
            "XX",
            "X",
            "FIELD TRIP",
            "2 /28 /84",
            "Please make the necessary Field Trip arrangements for",
            "Ted van de kamp",
            "Tuesday 3 /13 and Wednesday, 3 /14",
            "Arrival date and time (include airline and flight no.)",
            "Monday, 3 /12",
            "Sales Personnel to be worked with:",
            "D. M.",
            "Sales Representative"
        ]
    },
    {
        "text": "Sales Representative",
        "box": [
            510,
            733,
            662,
            748
        ],
        "linking": [
            [
                34,
                10
            ]
        ],
        "label": "question",
        "words": [
            {
                "text": "Sales",
                "box": [
                    510,
                    733,
                    551,
                    748
                ]
            },
            {
                "text": "Representative",
                "box": [
                    557,
                    733,
                    662,
                    748
                ]
            }
        ],
        "id": 34,
        "neighbours": [
            "DATE:",
            "Other",
            "Dates",
            "X",
            "80728670",
            "FIELD TRIP",
            "2 /28 /84",
            "Please make the necessary Field Trip arrangements for",
            "Ted van de kamp",
            "To evaluate Satin's overall performance and results of",
            "Tuesday 3 /13 and Wednesday, 3 /14",
            "Arrival date and time (include airline and flight no.)",
            "Monday, 3 /12",
            "Sales Personnel to be worked with:",
            "D. M.",
            "A. D. M.",
            "Return to J. R. Mueller no later than two weeks prior to anticipated trip."
        ]
    },
    {
        "text": "Return to J. R. Mueller no later than two weeks prior to anticipated trip.",
        "box": [
            85,
            927,
            638,
            947
        ],
        "linking": [],
        "label": "other",
        "words": [
            {
                "text": "Return",
                "box": [
                    85,
                    933,
                    131,
                    947
                ]
            },
            {
                "text": "to",
                "box": [
                    137,
                    932,
                    154,
                    945
                ]
            },
            {
                "text": "J.",
                "box": [
                    159,
                    932,
                    174,
                    946
                ]
            },
            {
                "text": "R.",
                "box": [
                    182,
                    930,
                    196,
                    945
                ]
            },
            {
                "text": "Mueller",
                "box": [
                    203,
                    929,
                    259,
                    944
                ]
            },
            {
                "text": "no",
                "box": [
                    263,
                    933,
                    281,
                    944
                ]
            },
            {
                "text": "later",
                "box": [
                    286,
                    927,
                    325,
                    942
                ]
            },
            {
                "text": "than",
                "box": [
                    331,
                    930,
                    363,
                    941
                ]
            },
            {
                "text": "two",
                "box": [
                    367,
                    930,
                    392,
                    943
                ]
            },
            {
                "text": "weeks",
                "box": [
                    398,
                    927,
                    436,
                    944
                ]
            },
            {
                "text": "prior",
                "box": [
                    444,
                    929,
                    480,
                    944
                ]
            },
            {
                "text": "to",
                "box": [
                    489,
                    930,
                    504,
                    941
                ]
            },
            {
                "text": "anticipated",
                "box": [
                    511,
                    929,
                    593,
                    946
                ]
            },
            {
                "text": "trip.",
                "box": [
                    602,
                    927,
                    638,
                    944
                ]
            }
        ],
        "id": 35,
        "neighbours": [
            "TO:",
            "FROM:",
            "DATE:",
            "Air",
            "Auto",
            "Train",
            "Other",
            "Dates",
            "Boston",
            "XX",
            "X",
            "FIELD TRIP",
            "J. R. Mueller",
            "Mary Anne Kayiatos",
            "2 /28 /84",
            "Please make the necessary Field Trip arrangements for",
            "Ted van de kamp",
            "Purpose of trip",
            "To evaluate Satin's overall performance and results of",
            "Special Cities.",
            "Division (s) to be contacted",
            "Dates of contact",
            "Tuesday 3 /13 and Wednesday, 3 /14",
            "Method of travel:",
            "Arrival date and time (include airline and flight no.)",
            "Monday, 3 /12",
            "Evening Shuttle",
            "Hotel /Motel reservations needed",
            "Reservations made at",
            "Sales Personnel to be contacted",
            "Sales Personnel to be worked with:",
            "D. M.",
            "A. D. M.",
            "Sales Representative"
        ]
    }
]