[
    {
        "box": [
            154,
            618,
            197,
            636
        ],
        "text": "DATE",
        "label": "question",
        "words": [
            {
                "box": [
                    154,
                    618,
                    197,
                    636
                ],
                "text": "DATE"
            }
        ],
        "linking": [
            [
                0,
                1
            ]
        ],
        "id": 0,
        "neighbours": [
            "16/3/82",
            "",
            "APPROVALS",
            "RA/QA FORM 9",
            "FINAL REPORT AMENDMENT",
            "Study Name",
            "Study Number",
            "Initiation Date",
            "Date of Final Report (Review Completed Date)",
            "Part of Final Report to be Amended (Exact location)",
            "The attached is an addition to the I- 1725.001 Final Report",
            "25 March 1982",
            "I- 1725.001",
            "Acute Toxicity of Reference Cigarette Smoke lafter Inhalation in Mice.",
            "Reason for the Amendment",
            "may not be accurately predicted from survival after a single day's exposure.",
            "Amendment (Attach additional sheets as necessary)",
            "A 14 Day Repeated Dose Assay for Reference Cigarette Smoke in Mice (I- 1725.001- M1 is attached.",
            "STUDY DIRECTOR",
            "03 June 1982",
            "3 June 1982",
            "3 June 1982",
            "Received by REGULATORY AFFATRS"
        ]
    },
    {
        "box": [
            133,
            587,
            239,
            611
        ],
        "text": "16/3/82",
        "label": "answer",
        "words": [
            {
                "box": [
                    133,
                    587,
                    239,
                    611
                ],
                "text": "16/3/82"
            }
        ],
        "linking": [
            [
                0,
                1
            ]
        ],
        "id": 1,
        "neighbours": [
            "DATE",
            "",
            "APPROVALS",
            "RA/QA FORM 9",
            "FINAL REPORT AMENDMENT",
            "Study Name",
            "Study Number",
            "Initiation Date",
            "Date of Final Report (Review Completed Date)",
            "Part of Final Report to be Amended (Exact location)",
            "The attached is an addition to the I- 1725.001 Final Report",
            "25 March 1982",
            "I- 1725.001",
            "Acute Toxicity of Reference Cigarette Smoke lafter Inhalation in Mice.",
            "Reason for the Amendment",
            "Survival after repeated doses over a 14 day period",
            "may not be accurately predicted from survival after a single day's exposure.",
            "Amendment (Attach additional sheets as necessary)",
            "A 14 Day Repeated Dose Assay for Reference Cigarette Smoke in Mice (I- 1725.001- M1 is attached.",
            "STUDY DIRECTOR",
            "03 June 1982",
            "3 June 1982",
            "3 June 1982",
            "Received by REGULATORY AFFATRS"
        ]
    },
    {
        "box": [
            490,
            576,
            652,
            615
        ],
        "text": "",
        "label": "answer",
        "words": [
            {
                "box": [
                    490,
                    576,
                    652,
                    615
                ],
                "text": ""
            }
        ],
        "linking": [
            [
                31,
                2
            ]
        ],
        "id": 2,
        "neighbours": [
            "DATE",
            "16/3/82",
            "Accept",
            "Accept",
            "Accept",
            "",
            "",
            "",
            "",
            "",
            "89368010",
            "FINAL REPORT AMENDMENT",
            "Date of Final Report (Review Completed Date)",
            "Part of Final Report to be Amended (Exact location)",
            "The attached is an addition to the I- 1725.001 Final Report",
            "27 April 1982",
            "may not be accurately predicted from survival after a single day's exposure.",
            "Amendment (Attach additional sheets as necessary)",
            "The report of the results of",
            "A 14 Day Repeated Dose Assay for Reference Cigarette Smoke in Mice (I- 1725.001- M1 is attached.",
            "STUDY DIRECTOR",
            "ACCEPT/ REJECT (as per 58.185 (c))",
            "QUALITY ASSURANCE ASSOC.",
            "DIRECTOR OF RESEARCH",
            "DIRECTOR OF RA/QA",
            "REGULATORY AFFAIRS"
        ]
    },
    {
        "box": [
            114,
            657,
            189,
            669
        ],
        "text": "APPROVALS",
        "label": "question",
        "words": [
            {
                "box": [
                    114,
                    657,
                    189,
                    669
                ],
                "text": "APPROVALS"
            }
        ],
        "linking": [
            [
                3,
                32
            ],
            [
                3,
                33
            ],
            [
                3,
                34
            ]
        ],
        "id": 3,
        "neighbours": [
            "DATE",
            "16/3/82",
            "",
            "RA/QA FORM 9",
            "FINAL REPORT AMENDMENT",
            "Study Name",
            "Study Number",
            "Initiation Date",
            "Date of Final Report (Review Completed Date)",
            "Part of Final Report to be Amended (Exact location)",
            "The attached is an addition to the I- 1725.001 Final Report",
            "25 March 1982",
            "I- 1725.001",
            "Acute Toxicity of Reference Cigarette Smoke lafter Inhalation in Mice.",
            "Reason for the Amendment",
            "may not be accurately predicted from survival after a single day's exposure.",
            "Amendment (Attach additional sheets as necessary)",
            "A 14 Day Repeated Dose Assay for Reference Cigarette Smoke in Mice (I- 1725.001- M1 is attached.",
            "03 June 1982",
            "3 June 1982",
            "3 June 1982",
            "ACCEPT/ REJECT (as per 58.185 (c))",
            "Received by REGULATORY AFFATRS"
        ]
    },
    {
        "box": [
            364,
            684,
            442,
            709
        ],
        "text": "Accept",
        "label": "answer",
        "words": [
            {
                "box": [
                    364,
                    684,
                    442,
                    709
                ],
                "text": "Accept"
            }
        ],
        "linking": [
            [
                35,
                4
            ]
        ],
        "id": 4,
        "neighbours": [
            "",
            "Accept",
            "Accept",
            "",
            "",
            "",
            "",
            "",
            "FINAL REPORT AMENDMENT",
            "Date of Final Report (Review Completed Date)",
            "Part of Final Report to be Amended (Exact location)",
            "27 April 1982",
            "25 March 1982",
            "I- 1725.001",
            "Reason for the Amendment",
            "Survival after repeated doses over a 14 day period",
            "Amendment (Attach additional sheets as necessary)",
            "The report of the results of",
            "STUDY DIRECTOR",
            "03 June 1982",
            "ACCEPT/ REJECT (as per 58.185 (c))",
            "QUALITY ASSURANCE ASSOC.",
            "DIRECTOR OF RESEARCH",
            "DIRECTOR OF RA/QA",
            "REGULATORY AFFAIRS",
            "Received by REGULATORY AFFATRS"
        ]
    },
    {
        "box": [
            368,
            726,
            446,
            757
        ],
        "text": "Accept",
        "label": "answer",
        "words": [
            {
                "box": [
                    368,
                    726,
                    446,
                    757
                ],
                "text": "Accept"
            }
        ],
        "linking": [
            [
                35,
                5
            ]
        ],
        "id": 5,
        "neighbours": [
            "",
            "Accept",
            "Accept",
            "",
            "",
            "",
            "",
            "",
            "FINAL REPORT AMENDMENT",
            "Date of Final Report (Review Completed Date)",
            "Part of Final Report to be Amended (Exact location)",
            "27 April 1982",
            "25 March 1982",
            "I- 1725.001",
            "Reason for the Amendment",
            "Survival after repeated doses over a 14 day period",
            "Amendment (Attach additional sheets as necessary)",
            "The report of the results of",
            "STUDY DIRECTOR",
            "3 June 1982",
            "ACCEPT/ REJECT (as per 58.185 (c))",
            "QUALITY ASSURANCE ASSOC.",
            "DIRECTOR OF RESEARCH",
            "DIRECTOR OF RA/QA",
            "REGULATORY AFFAIRS",
            "Received by REGULATORY AFFATRS"
        ]
    },
    {
        "box": [
            361,
            775,
            433,
            805
        ],
        "text": "Accept",
        "label": "answer",
        "words": [
            {
                "box": [
                    361,
                    775,
                    433,
                    805
                ],
                "text": "Accept"
            }
        ],
        "linking": [
            [
                35,
                6
            ]
        ],
        "id": 6,
        "neighbours": [
            "",
            "Accept",
            "Accept",
            "",
            "",
            "",
            "",
            "",
            "89368010",
            "FINAL REPORT AMENDMENT",
            "Date of Final Report (Review Completed Date)",
            "Part of Final Report to be Amended (Exact location)",
            "27 April 1982",
            "25 March 1982",
            "I- 1725.001",
            "Reason for the Amendment",
            "Survival after repeated doses over a 14 day period",
            "Amendment (Attach additional sheets as necessary)",
            "The report of the results of",
            "STUDY DIRECTOR",
            "3 June 1982",
            "3 June 1982",
            "ACCEPT/ REJECT (as per 58.185 (c))",
            "QUALITY ASSURANCE ASSOC.",
            "DIRECTOR OF RESEARCH",
            "DIRECTOR OF RA/QA",
            "REGULATORY AFFAIRS",
            "Received by REGULATORY AFFATRS"
        ]
    },
    {
        "box": [
            469,
            668,
            692,
            707
        ],
        "text": "",
        "label": "answer",
        "words": [
            {
                "box": [
                    469,
                    668,
                    692,
                    707
                ],
                "text": ""
            }
        ],
        "linking": [
            [
                35,
                7
            ],
            [
                36,
                7
            ]
        ],
        "id": 7,
        "neighbours": [
            "",
            "APPROVALS",
            "Accept",
            "Accept",
            "Accept",
            "",
            "",
            "",
            "",
            "89368010",
            "FINAL REPORT AMENDMENT",
            "Date of Final Report (Review Completed Date)",
            "Part of Final Report to be Amended (Exact location)",
            "The attached is an addition to the I- 1725.001 Final Report",
            "27 April 1982",
            "25 March 1982",
            "Acute Toxicity of Reference Cigarette Smoke lafter Inhalation in Mice.",
            "Survival after repeated doses over a 14 day period",
            "may not be accurately predicted from survival after a single day's exposure.",
            "Amendment (Attach additional sheets as necessary)",
            "The report of the results of",
            "A 14 Day Repeated Dose Assay for Reference Cigarette Smoke in Mice (I- 1725.001- M1 is attached.",
            "STUDY DIRECTOR",
            "03 June 1982",
            "ACCEPT/ REJECT (as per 58.185 (c))",
            "QUALITY ASSURANCE ASSOC.",
            "DIRECTOR OF RESEARCH",
            "DIRECTOR OF RA/QA",
            "REGULATORY AFFAIRS"
        ]
    },
    {
        "box": [
            510,
            714,
            618,
            753
        ],
        "text": "",
        "label": "answer",
        "words": [
            {
                "box": [
                    510,
                    714,
                    618,
                    753
                ],
                "text": ""
            }
        ],
        "linking": [
            [
                35,
                8
            ],
            [
                37,
                8
            ]
        ],
        "id": 8,
        "neighbours": [
            "",
            "Accept",
            "Accept",
            "Accept",
            "",
            "",
            "",
            "",
            "FINAL REPORT AMENDMENT",
            "Date of Final Report (Review Completed Date)",
            "Part of Final Report to be Amended (Exact location)",
            "The attached is an addition to the I- 1725.001 Final Report",
            "27 April 1982",
            "may not be accurately predicted from survival after a single day's exposure.",
            "Amendment (Attach additional sheets as necessary)",
            "The report of the results of",
            "STUDY DIRECTOR",
            "03 June 1982",
            "3 June 1982",
            "ACCEPT/ REJECT (as per 58.185 (c))",
            "QUALITY ASSURANCE ASSOC.",
            "DIRECTOR OF RESEARCH",
            "DIRECTOR OF RA/QA",
            "REGULATORY AFFAIRS"
        ]
    },
    {
        "box": [
            475,
            766,
            691,
            796
        ],
        "text": "",
        "label": "answer",
        "words": [
            {
                "box": [
                    475,
                    766,
                    691,
                    796
                ],
                "text": ""
            }
        ],
        "linking": [
            [
                35,
                9
            ],
            [
                38,
                9
            ]
        ],
        "id": 9,
        "neighbours": [
            "",
            "Accept",
            "Accept",
            "Accept",
            "",
            "",
            "",
            "",
            "89368010",
            "FINAL REPORT AMENDMENT",
            "Date of Final Report (Review Completed Date)",
            "Part of Final Report to be Amended (Exact location)",
            "The attached is an addition to the I- 1725.001 Final Report",
            "27 April 1982",
            "25 March 1982",
            "Acute Toxicity of Reference Cigarette Smoke lafter Inhalation in Mice.",
            "Survival after repeated doses over a 14 day period",
            "may not be accurately predicted from survival after a single day's exposure.",
            "Amendment (Attach additional sheets as necessary)",
            "The report of the results of",
            "A 14 Day Repeated Dose Assay for Reference Cigarette Smoke in Mice (I- 1725.001- M1 is attached.",
            "STUDY DIRECTOR",
            "3 June 1982",
            "3 June 1982",
            "ACCEPT/ REJECT (as per 58.185 (c))",
            "QUALITY ASSURANCE ASSOC.",
            "DIRECTOR OF RESEARCH",
            "DIRECTOR OF RA/QA",
            "REGULATORY AFFAIRS"
        ]
    },
    {
        "box": [
            490,
            843,
            605,
            873
        ],
        "text": "",
        "label": "answer",
        "words": [
            {
                "box": [
                    490,
                    843,
                    605,
                    873
                ],
                "text": ""
            }
        ],
        "linking": [
            [
                39,
                10
            ]
        ],
        "id": 10,
        "neighbours": [
            "",
            "Accept",
            "Accept",
            "Accept",
            "",
            "",
            "",
            "",
            "FINAL REPORT AMENDMENT",
            "Date of Final Report (Review Completed Date)",
            "Part of Final Report to be Amended (Exact location)",
            "The attached is an addition to the I- 1725.001 Final Report",
            "27 April 1982",
            "Amendment (Attach additional sheets as necessary)",
            "The report of the results of",
            "STUDY DIRECTOR",
            "ACCEPT/ REJECT (as per 58.185 (c))",
            "QUALITY ASSURANCE ASSOC.",
            "DIRECTOR OF RESEARCH",
            "DIRECTOR OF RA/QA",
            "REGULATORY AFFAIRS",
            "Received by REGULATORY AFFATRS"
        ]
    },
    {
        "box": [
            370,
            850,
            463,
            875
        ],
        "text": "",
        "label": "answer",
        "words": [
            {
                "box": [
                    370,
                    850,
                    463,
                    875
                ],
                "text": ""
            }
        ],
        "linking": [
            [
                40,
                11
            ]
        ],
        "id": 11,
        "neighbours": [
            "",
            "Accept",
            "Accept",
            "Accept",
            "",
            "",
            "",
            "",
            "FINAL REPORT AMENDMENT",
            "Date of Final Report (Review Completed Date)",
            "Part of Final Report to be Amended (Exact location)",
            "27 April 1982",
            "25 March 1982",
            "I- 1725.001",
            "Reason for the Amendment",
            "Survival after repeated doses over a 14 day period",
            "Amendment (Attach additional sheets as necessary)",
            "The report of the results of",
            "STUDY DIRECTOR",
            "ACCEPT/ REJECT (as per 58.185 (c))",
            "QUALITY ASSURANCE ASSOC.",
            "DIRECTOR OF RESEARCH",
            "DIRECTOR OF RA/QA",
            "REGULATORY AFFAIRS",
            "Received by REGULATORY AFFATRS"
        ]
    },
    {
        "box": [
            723,
            804,
            748,
            897
        ],
        "text": "89368010",
        "label": "other",
        "words": [
            {
                "box": [
                    723,
                    804,
                    748,
                    897
                ],
                "text": "89368010"
            }
        ],
        "linking": [],
        "id": 12,
        "neighbours": [
            "",
            "Accept",
            "",
            "",
            "",
            "",
            "The attached is an addition to the I- 1725.001 Final Report",
            "Acute Toxicity of Reference Cigarette Smoke lafter Inhalation in Mice.",
            "Survival after repeated doses over a 14 day period",
            "may not be accurately predicted from survival after a single day's exposure.",
            "The report of the results of",
            "A 14 Day Repeated Dose Assay for Reference Cigarette Smoke in Mice (I- 1725.001- M1 is attached.",
            "3 June 1982",
            "ACCEPT/ REJECT (as per 58.185 (c))",
            "QUALITY ASSURANCE ASSOC.",
            "DIRECTOR OF RESEARCH",
            "DIRECTOR OF RA/QA",
            "REGULATORY AFFAIRS",
            "Received by REGULATORY AFFATRS"
        ]
    },
    {
        "text": "RA/QA FORM 9",
        "box": [
            45,
            28,
            145,
            46
        ],
        "linking": [],
        "label": "other",
        "words": [
            {
                "text": "RA/QA",
                "box": [
                    45,
                    31,
                    90,
                    46
                ]
            },
            {
                "text": "FORM",
                "box": [
                    91,
                    28,
                    130,
                    44
                ]
            },
            {
                "text": "9",
                "box": [
                    130,
                    30,
                    145,
                    45
                ]
            }
        ],
        "id": 13,
        "neighbours": [
            "DATE",
            "16/3/82",
            "APPROVALS",
            "Study Name",
            "Study Number",
            "Initiation Date",
            "Date of Final Report (Review Completed Date)",
            "Part of Final Report to be Amended (Exact location)",
            "The attached is an addition to the I- 1725.001 Final Report",
            "I- 1725.001",
            "Acute Toxicity of Reference Cigarette Smoke lafter Inhalation in Mice.",
            "Reason for the Amendment",
            "may not be accurately predicted from survival after a single day's exposure.",
            "Amendment (Attach additional sheets as necessary)",
            "A 14 Day Repeated Dose Assay for Reference Cigarette Smoke in Mice (I- 1725.001- M1 is attached.",
            "03 June 1982",
            "3 June 1982",
            "3 June 1982",
            "Received by REGULATORY AFFATRS"
        ]
    },
    {
        "text": "FINAL REPORT AMENDMENT",
        "box": [
            280,
            76,
            489,
            94
        ],
        "linking": [],
        "label": "header",
        "words": [
            {
                "text": "FINAL",
                "box": [
                    280,
                    78,
                    331,
                    94
                ]
            },
            {
                "text": "REPORT",
                "box": [
                    332,
                    76,
                    398,
                    91
                ]
            },
            {
                "text": "AMENDMENT",
                "box": [
                    398,
                    78,
                    489,
                    90
                ]
            }
        ],
        "id": 14,
        "neighbours": [
            "DATE",
            "16/3/82",
            "",
            "APPROVALS",
            "Accept",
            "Accept",
            "Accept",
            "",
            "",
            "",
            "",
            "",
            "Study Name",
            "Study Number",
            "Initiation Date",
            "Date of Final Report (Review Completed Date)",
            "Part of Final Report to be Amended (Exact location)",
            "27 April 1982",
            "25 March 1982",
            "I- 1725.001",
            "Acute Toxicity of Reference Cigarette Smoke lafter Inhalation in Mice.",
            "Reason for the Amendment",
            "Survival after repeated doses over a 14 day period",
            "Amendment (Attach additional sheets as necessary)",
            "The report of the results of",
            "STUDY DIRECTOR",
            "03 June 1982",
            "3 June 1982",
            "3 June 1982",
            "ACCEPT/ REJECT (as per 58.185 (c))",
            "QUALITY ASSURANCE ASSOC.",
            "DIRECTOR OF RESEARCH",
            "DIRECTOR OF RA/QA",
            "REGULATORY AFFAIRS",
            "Received by REGULATORY AFFATRS"
        ]
    },
    {
        "text": "Study Name",
        "box": [
            106,
            120,
            189,
            136
        ],
        "linking": [
            [
                15,
                24
            ]
        ],
        "label": "question",
        "words": [
            {
                "text": "Study",
                "box": [
                    106,
                    120,
                    149,
                    136
                ]
            },
            {
                "text": "Name",
                "box": [
                    150,
                    120,
                    189,
                    135
                ]
            }
        ],
        "id": 15,
        "neighbours": [
            "DATE",
            "16/3/82",
            "APPROVALS",
            "RA/QA FORM 9",
            "FINAL REPORT AMENDMENT",
            "Study Number",
            "Initiation Date",
            "Date of Final Report (Review Completed Date)",
            "Part of Final Report to be Amended (Exact location)",
            "The attached is an addition to the I- 1725.001 Final Report",
            "25 March 1982",
            "I- 1725.001",
            "Acute Toxicity of Reference Cigarette Smoke lafter Inhalation in Mice.",
            "Reason for the Amendment",
            "may not be accurately predicted from survival after a single day's exposure.",
            "Amendment (Attach additional sheets as necessary)",
            "A 14 Day Repeated Dose Assay for Reference Cigarette Smoke in Mice (I- 1725.001- M1 is attached.",
            "03 June 1982",
            "3 June 1982",
            "3 June 1982",
            "Received by REGULATORY AFFATRS"
        ]
    },
    {
        "text": "Study Number",
        "box": [
            106,
            141,
            204,
            159
        ],
        "linking": [
            [
                16,
                23
            ]
        ],
        "label": "question",
        "words": [
            {
                "text": "Study",
                "box": [
                    106,
                    142,
                    151,
                    157
                ]
            },
            {
                "text": "Number",
                "box": [
                    147,
                    141,
                    204,
                    159
                ]
            }
        ],
        "id": 16,
        "neighbours": [
            "DATE",
            "16/3/82",
            "APPROVALS",
            "RA/QA FORM 9",
            "FINAL REPORT AMENDMENT",
            "Study Name",
            "Initiation Date",
            "Date of Final Report (Review Completed Date)",
            "Part of Final Report to be Amended (Exact location)",
            "The attached is an addition to the I- 1725.001 Final Report",
            "25 March 1982",
            "I- 1725.001",
            "Acute Toxicity of Reference Cigarette Smoke lafter Inhalation in Mice.",
            "Reason for the Amendment",
            "may not be accurately predicted from survival after a single day's exposure.",
            "Amendment (Attach additional sheets as necessary)",
            "A 14 Day Repeated Dose Assay for Reference Cigarette Smoke in Mice (I- 1725.001- M1 is attached.",
            "03 June 1982",
            "3 June 1982",
            "3 June 1982",
            "Received by REGULATORY AFFATRS"
        ]
    },
    {
        "text": "Initiation Date",
        "box": [
            111,
            163,
            229,
            181
        ],
        "linking": [
            [
                17,
                22
            ]
        ],
        "label": "question",
        "words": [
            {
                "text": "Initiation",
                "box": [
                    111,
                    166,
                    189,
                    181
                ]
            },
            {
                "text": "Date",
                "box": [
                    189,
                    163,
                    229,
                    178
                ]
            }
        ],
        "id": 17,
        "neighbours": [
            "DATE",
            "16/3/82",
            "APPROVALS",
            "RA/QA FORM 9",
            "FINAL REPORT AMENDMENT",
            "Study Name",
            "Study Number",
            "Date of Final Report (Review Completed Date)",
            "Part of Final Report to be Amended (Exact location)",
            "The attached is an addition to the I- 1725.001 Final Report",
            "27 April 1982",
            "25 March 1982",
            "I- 1725.001",
            "Acute Toxicity of Reference Cigarette Smoke lafter Inhalation in Mice.",
            "Reason for the Amendment",
            "Survival after repeated doses over a 14 day period",
            "may not be accurately predicted from survival after a single day's exposure.",
            "Amendment (Attach additional sheets as necessary)",
            "A 14 Day Repeated Dose Assay for Reference Cigarette Smoke in Mice (I- 1725.001- M1 is attached.",
            "03 June 1982",
            "3 June 1982",
            "3 June 1982",
            "Received by REGULATORY AFFATRS"
        ]
    },
    {
        "text": "Date of Final Report (Review Completed Date)",
        "box": [
            106,
            186,
            448,
            205
        ],
        "linking": [
            [
                18,
                21
            ]
        ],
        "label": "question",
        "words": [
            {
                "text": "Date",
                "box": [
                    106,
                    190,
                    145,
                    202
                ]
            },
            {
                "text": "of",
                "box": [
                    147,
                    189,
                    165,
                    205
                ]
            },
            {
                "text": "Final",
                "box": [
                    165,
                    186,
                    213,
                    201
                ]
            },
            {
                "text": "Report",
                "box": [
                    214,
                    187,
                    266,
                    202
                ]
            },
            {
                "text": "(Review",
                "box": [
                    269,
                    186,
                    326,
                    199
                ]
            },
            {
                "text": "Completed",
                "box": [
                    328,
                    187,
                    403,
                    199
                ]
            },
            {
                "text": "Date)",
                "box": [
                    403,
                    187,
                    448,
                    200
                ]
            }
        ],
        "id": 18,
        "neighbours": [
            "DATE",
            "16/3/82",
            "",
            "APPROVALS",
            "Accept",
            "Accept",
            "Accept",
            "",
            "",
            "",
            "",
            "",
            "RA/QA FORM 9",
            "FINAL REPORT AMENDMENT",
            "Study Name",
            "Study Number",
            "Initiation Date",
            "Part of Final Report to be Amended (Exact location)",
            "The attached is an addition to the I- 1725.001 Final Report",
            "27 April 1982",
            "25 March 1982",
            "I- 1725.001",
            "Acute Toxicity of Reference Cigarette Smoke lafter Inhalation in Mice.",
            "Reason for the Amendment",
            "Survival after repeated doses over a 14 day period",
            "may not be accurately predicted from survival after a single day's exposure.",
            "Amendment (Attach additional sheets as necessary)",
            "The report of the results of",
            "A 14 Day Repeated Dose Assay for Reference Cigarette Smoke in Mice (I- 1725.001- M1 is attached.",
            "STUDY DIRECTOR",
            "03 June 1982",
            "3 June 1982",
            "3 June 1982",
            "ACCEPT/ REJECT (as per 58.185 (c))",
            "QUALITY ASSURANCE ASSOC.",
            "DIRECTOR OF RESEARCH",
            "DIRECTOR OF RA/QA",
            "REGULATORY AFFAIRS",
            "Received by REGULATORY AFFATRS"
        ]
    },
    {
        "text": "Part of Final Report to be Amended (Exact location)",
        "box": [
            109,
            208,
            498,
            226
        ],
        "linking": [
            [
                19,
                20
            ]
        ],
        "label": "question",
        "words": [
            {
                "text": "Part",
                "box": [
                    109,
                    213,
                    143,
                    226
                ]
            },
            {
                "text": "of",
                "box": [
                    148,
                    213,
                    164,
                    226
                ]
            },
            {
                "text": "Final",
                "box": [
                    168,
                    210,
                    213,
                    226
                ]
            },
            {
                "text": "Report",
                "box": [
                    213,
                    211,
                    267,
                    224
                ]
            },
            {
                "text": "to",
                "box": [
                    269,
                    210,
                    287,
                    225
                ]
            },
            {
                "text": "be",
                "box": [
                    289,
                    210,
                    308,
                    226
                ]
            },
            {
                "text": "Amended",
                "box": [
                    311,
                    210,
                    369,
                    223
                ]
            },
            {
                "text": "(Exact",
                "box": [
                    374,
                    211,
                    420,
                    223
                ]
            },
            {
                "text": "location)",
                "box": [
                    428,
                    208,
                    498,
                    220
                ]
            }
        ],
        "id": 19,
        "neighbours": [
            "DATE",
            "16/3/82",
            "",
            "APPROVALS",
            "Accept",
            "Accept",
            "Accept",
            "",
            "",
            "",
            "",
            "",
            "RA/QA FORM 9",
            "FINAL REPORT AMENDMENT",
            "Study Name",
            "Study Number",
            "Initiation Date",
            "Date of Final Report (Review Completed Date)",
            "The attached is an addition to the I- 1725.001 Final Report",
            "27 April 1982",
            "25 March 1982",
            "I- 1725.001",
            "Acute Toxicity of Reference Cigarette Smoke lafter Inhalation in Mice.",
            "Reason for the Amendment",
            "Survival after repeated doses over a 14 day period",
            "may not be accurately predicted from survival after a single day's exposure.",
            "Amendment (Attach additional sheets as necessary)",
            "The report of the results of",
            "A 14 Day Repeated Dose Assay for Reference Cigarette Smoke in Mice (I- 1725.001- M1 is attached.",
            "STUDY DIRECTOR",
            "03 June 1982",
            "3 June 1982",
            "3 June 1982",
            "ACCEPT/ REJECT (as per 58.185 (c))",
            "QUALITY ASSURANCE ASSOC.",
            "DIRECTOR OF RESEARCH",
            "DIRECTOR OF RA/QA",
            "REGULATORY AFFAIRS",
            "Received by REGULATORY AFFATRS"
        ]
    },
    {
        "text": "The attached is an addition to the I- 1725.001 Final Report",
        "box": [
            117,
            232,
            635,
            250
        ],
        "linking": [
            [
                19,
                20
            ]
        ],
        "label": "answer",
        "words": [
            {
                "text": "The",
                "box": [
                    117,
                    234,
                    144,
                    250
                ]
            },
            {
                "text": "attached",
                "box": [
                    150,
                    237,
                    228,
                    249
                ]
            },
            {
                "text": "is",
                "box": [
                    229,
                    234,
                    248,
                    249
                ]
            },
            {
                "text": "an",
                "box": [
                    256,
                    237,
                    280,
                    249
                ]
            },
            {
                "text": "addition",
                "box": [
                    281,
                    235,
                    359,
                    245
                ]
            },
            {
                "text": "to",
                "box": [
                    364,
                    235,
                    385,
                    250
                ]
            },
            {
                "text": "the",
                "box": [
                    391,
                    235,
                    419,
                    247
                ]
            },
            {
                "text": "I-",
                "box": [
                    425,
                    234,
                    447,
                    247
                ]
            },
            {
                "text": "1725.001",
                "box": [
                    452,
                    234,
                    516,
                    249
                ]
            },
            {
                "text": "Final",
                "box": [
                    522,
                    234,
                    565,
                    249
                ]
            },
            {
                "text": "Report",
                "box": [
                    572,
                    232,
                    635,
                    244
                ]
            }
        ],
        "id": 20,
        "neighbours": [
            "DATE",
            "16/3/82",
            "",
            "APPROVALS",
            "Accept",
            "Accept",
            "Accept",
            "",
            "",
            "",
            "",
            "",
            "89368010",
            "RA/QA FORM 9",
            "FINAL REPORT AMENDMENT",
            "Study Name",
            "Study Number",
            "Initiation Date",
            "Date of Final Report (Review Completed Date)",
            "Part of Final Report to be Amended (Exact location)",
            "27 April 1982",
            "25 March 1982",
            "I- 1725.001",
            "Acute Toxicity of Reference Cigarette Smoke lafter Inhalation in Mice.",
            "Reason for the Amendment",
            "Survival after repeated doses over a 14 day period",
            "may not be accurately predicted from survival after a single day's exposure.",
            "Amendment (Attach additional sheets as necessary)",
            "The report of the results of",
            "A 14 Day Repeated Dose Assay for Reference Cigarette Smoke in Mice (I- 1725.001- M1 is attached.",
            "STUDY DIRECTOR",
            "03 June 1982",
            "3 June 1982",
            "3 June 1982",
            "ACCEPT/ REJECT (as per 58.185 (c))",
            "QUALITY ASSURANCE ASSOC.",
            "DIRECTOR OF RESEARCH",
            "DIRECTOR OF RA/QA",
            "REGULATORY AFFAIRS",
            "Received by REGULATORY AFFATRS"
        ]
    },
    {
        "text": "27 April 1982",
        "box": [
            478,
            183,
            595,
            204
        ],
        "linking": [
            [
                18,
                21
            ]
        ],
        "label": "answer",
        "words": [
            {
                "text": "27",
                "box": [
                    478,
                    186,
                    497,
                    201
                ]
            },
            {
                "text": "April",
                "box": [
                    504,
                    189,
                    550,
                    204
                ]
            },
            {
                "text": "1982",
                "box": [
                    558,
                    183,
                    595,
                    201
                ]
            }
        ],
        "id": 21,
        "neighbours": [
            "",
            "Accept",
            "Accept",
            "Accept",
            "",
            "",
            "",
            "",
            "",
            "FINAL REPORT AMENDMENT",
            "Initiation Date",
            "Date of Final Report (Review Completed Date)",
            "Part of Final Report to be Amended (Exact location)",
            "The attached is an addition to the I- 1725.001 Final Report",
            "25 March 1982",
            "Amendment (Attach additional sheets as necessary)",
            "The report of the results of",
            "STUDY DIRECTOR",
            "ACCEPT/ REJECT (as per 58.185 (c))",
            "QUALITY ASSURANCE ASSOC.",
            "DIRECTOR OF RESEARCH",
            "DIRECTOR OF RA/QA",
            "REGULATORY AFFAIRS"
        ]
    },
    {
        "text": "25 March 1982",
        "box": [
            266,
            162,
            386,
            178
        ],
        "linking": [
            [
                17,
                22
            ]
        ],
        "label": "answer",
        "words": [
            {
                "text": "25",
                "box": [
                    266,
                    163,
                    287,
                    178
                ]
            },
            {
                "text": "March",
                "box": [
                    292,
                    162,
                    341,
                    178
                ]
            },
            {
                "text": "1982",
                "box": [
                    344,
                    163,
                    386,
                    178
                ]
            }
        ],
        "id": 22,
        "neighbours": [
            "DATE",
            "16/3/82",
            "APPROVALS",
            "Accept",
            "Accept",
            "Accept",
            "",
            "",
            "",
            "FINAL REPORT AMENDMENT",
            "Study Name",
            "Study Number",
            "Initiation Date",
            "Date of Final Report (Review Completed Date)",
            "27 April 1982",
            "I- 1725.001",
            "Acute Toxicity of Reference Cigarette Smoke lafter Inhalation in Mice.",
            "Reason for the Amendment",
            "Survival after repeated doses over a 14 day period",
            "Amendment (Attach additional sheets as necessary)",
            "03 June 1982",
            "3 June 1982",
            "3 June 1982",
            "ACCEPT/ REJECT (as per 58.185 (c))",
            "Received by REGULATORY AFFATRS"
        ]
    },
    {
        "text": "I- 1725.001",
        "box": [
            220,
            141,
            313,
            156
        ],
        "linking": [
            [
                16,
                23
            ]
        ],
        "label": "answer",
        "words": [
            {
                "text": "I-",
                "box": [
                    220,
                    142,
                    239,
                    155
                ]
            },
            {
                "text": "1725.001",
                "box": [
                    243,
                    141,
                    313,
                    156
                ]
            }
        ],
        "id": 23,
        "neighbours": [
            "DATE",
            "16/3/82",
            "APPROVALS",
            "Accept",
            "Accept",
            "Accept",
            "",
            "RA/QA FORM 9",
            "FINAL REPORT AMENDMENT",
            "Study Name",
            "Study Number",
            "Initiation Date",
            "25 March 1982",
            "Acute Toxicity of Reference Cigarette Smoke lafter Inhalation in Mice.",
            "Reason for the Amendment",
            "Survival after repeated doses over a 14 day period",
            "may not be accurately predicted from survival after a single day's exposure.",
            "A 14 Day Repeated Dose Assay for Reference Cigarette Smoke in Mice (I- 1725.001- M1 is attached.",
            "03 June 1982",
            "3 June 1982",
            "3 June 1982",
            "ACCEPT/ REJECT (as per 58.185 (c))",
            "Received by REGULATORY AFFATRS"
        ]
    },
    {
        "text": "Acute Toxicity of Reference Cigarette Smoke lafter Inhalation in Mice.",
        "box": [
            190,
            117,
            761,
            150
        ],
        "linking": [
            [
                15,
                24
            ]
        ],
        "label": "answer",
        "words": [
            {
                "text": "Acute",
                "box": [
                    190,
                    120,
                    242,
                    132
                ]
            },
            {
                "text": "Toxicity",
                "box": [
                    249,
                    118,
                    321,
                    130
                ]
            },
            {
                "text": "of",
                "box": [
                    326,
                    120,
                    348,
                    130
                ]
            },
            {
                "text": "Reference",
                "box": [
                    356,
                    117,
                    437,
                    132
                ]
            },
            {
                "text": "Cigarette",
                "box": [
                    439,
                    118,
                    527,
                    131
                ]
            },
            {
                "text": "Smoke",
                "box": [
                    530,
                    117,
                    581,
                    130
                ]
            },
            {
                "text": "lafter",
                "box": [
                    584,
                    118,
                    633,
                    130
                ]
            },
            {
                "text": "Inhalation",
                "box": [
                    635,
                    117,
                    734,
                    132
                ]
            },
            {
                "text": "in",
                "box": [
                    737,
                    120,
                    761,
                    132
                ]
            },
            {
                "text": "Mice.",
                "box": [
                    708,
                    135,
                    754,
                    150
                ]
            }
        ],
        "id": 24,
        "neighbours": [
            "DATE",
            "16/3/82",
            "",
            "APPROVALS",
            "Accept",
            "Accept",
            "Accept",
            "",
            "",
            "",
            "",
            "",
            "89368010",
            "RA/QA FORM 9",
            "FINAL REPORT AMENDMENT",
            "Study Name",
            "Study Number",
            "Initiation Date",
            "Date of Final Report (Review Completed Date)",
            "Part of Final Report to be Amended (Exact location)",
            "The attached is an addition to the I- 1725.001 Final Report",
            "27 April 1982",
            "25 March 1982",
            "I- 1725.001",
            "Reason for the Amendment",
            "Survival after repeated doses over a 14 day period",
            "may not be accurately predicted from survival after a single day's exposure.",
            "Amendment (Attach additional sheets as necessary)",
            "The report of the results of",
            "A 14 Day Repeated Dose Assay for Reference Cigarette Smoke in Mice (I- 1725.001- M1 is attached.",
            "STUDY DIRECTOR",
            "03 June 1982",
            "3 June 1982",
            "3 June 1982",
            "ACCEPT/ REJECT (as per 58.185 (c))",
            "QUALITY ASSURANCE ASSOC.",
            "DIRECTOR OF RESEARCH",
            "DIRECTOR OF RA/QA",
            "REGULATORY AFFAIRS",
            "Received by REGULATORY AFFATRS"
        ]
    },
    {
        "text": "Reason for the Amendment",
        "box": [
            108,
            310,
            297,
            325
        ],
        "linking": [
            [
                25,
                26
            ],
            [
                25,
                27
            ]
        ],
        "label": "question",
        "words": [
            {
                "text": "Reason",
                "box": [
                    108,
                    310,
                    157,
                    325
                ]
            },
            {
                "text": "for",
                "box": [
                    163,
                    310,
                    188,
                    322
                ]
            },
            {
                "text": "the",
                "box": [
                    198,
                    310,
                    219,
                    325
                ]
            },
            {
                "text": "Amendment",
                "box": [
                    225,
                    310,
                    297,
                    322
                ]
            }
        ],
        "id": 25,
        "neighbours": [
            "DATE",
            "16/3/82",
            "APPROVALS",
            "Accept",
            "Accept",
            "Accept",
            "",
            "RA/QA FORM 9",
            "FINAL REPORT AMENDMENT",
            "Study Name",
            "Study Number",
            "Initiation Date",
            "Date of Final Report (Review Completed Date)",
            "Part of Final Report to be Amended (Exact location)",
            "The attached is an addition to the I- 1725.001 Final Report",
            "25 March 1982",
            "I- 1725.001",
            "Acute Toxicity of Reference Cigarette Smoke lafter Inhalation in Mice.",
            "Survival after repeated doses over a 14 day period",
            "may not be accurately predicted from survival after a single day's exposure.",
            "Amendment (Attach additional sheets as necessary)",
            "A 14 Day Repeated Dose Assay for Reference Cigarette Smoke in Mice (I- 1725.001- M1 is attached.",
            "03 June 1982",
            "3 June 1982",
            "3 June 1982",
            "ACCEPT/ REJECT (as per 58.185 (c))",
            "Received by REGULATORY AFFATRS"
        ]
    },
    {
        "text": "Survival after repeated doses over a 14 day period",
        "box": [
            308,
            305,
            762,
            322
        ],
        "linking": [
            [
                25,
                26
            ]
        ],
        "label": "answer",
        "words": [
            {
                "text": "Survival",
                "box": [
                    308,
                    310,
                    386,
                    322
                ]
            },
            {
                "text": "after",
                "box": [
                    389,
                    308,
                    438,
                    320
                ]
            },
            {
                "text": "repeated",
                "box": [
                    437,
                    308,
                    518,
                    317
                ]
            },
            {
                "text": "doses",
                "box": [
                    524,
                    310,
                    569,
                    317
                ]
            },
            {
                "text": "over",
                "box": [
                    570,
                    308,
                    613,
                    320
                ]
            },
            {
                "text": "a",
                "box": [
                    620,
                    308,
                    630,
                    318
                ]
            },
            {
                "text": "14",
                "box": [
                    641,
                    305,
                    656,
                    317
                ]
            },
            {
                "text": "day",
                "box": [
                    663,
                    307,
                    694,
                    320
                ]
            },
            {
                "text": "period",
                "box": [
                    701,
                    305,
                    762,
                    318
                ]
            }
        ],
        "id": 26,
        "neighbours": [
            "16/3/82",
            "",
            "Accept",
            "Accept",
            "Accept",
            "",
            "",
            "",
            "",
            "",
            "89368010",
            "FINAL REPORT AMENDMENT",
            "Initiation Date",
            "Date of Final Report (Review Completed Date)",
            "Part of Final Report to be Amended (Exact location)",
            "The attached is an addition to the I- 1725.001 Final Report",
            "27 April 1982",
            "25 March 1982",
            "I- 1725.001",
            "Acute Toxicity of Reference Cigarette Smoke lafter Inhalation in Mice.",
            "Reason for the Amendment",
            "may not be accurately predicted from survival after a single day's exposure.",
            "Amendment (Attach additional sheets as necessary)",
            "The report of the results of",
            "A 14 Day Repeated Dose Assay for Reference Cigarette Smoke in Mice (I- 1725.001- M1 is attached.",
            "STUDY DIRECTOR",
            "03 June 1982",
            "3 June 1982",
            "3 June 1982",
            "ACCEPT/ REJECT (as per 58.185 (c))",
            "QUALITY ASSURANCE ASSOC.",
            "DIRECTOR OF RESEARCH",
            "DIRECTOR OF RA/QA",
            "REGULATORY AFFAIRS",
            "Received by REGULATORY AFFATRS"
        ]
    },
    {
        "text": "may not be accurately predicted from survival after a single day's exposure.",
        "box": [
            123,
            328,
            716,
            366
        ],
        "linking": [
            [
                25,
                27
            ]
        ],
        "label": "answer",
        "words": [
            {
                "text": "may",
                "box": [
                    123,
                    332,
                    156,
                    345
                ]
            },
            {
                "text": "not",
                "box": [
                    159,
                    334,
                    187,
                    344
                ]
            },
            {
                "text": "be",
                "box": [
                    193,
                    332,
                    214,
                    345
                ]
            },
            {
                "text": "accurately",
                "box": [
                    220,
                    329,
                    311,
                    342
                ]
            },
            {
                "text": "predicted",
                "box": [
                    320,
                    329,
                    404,
                    344
                ]
            },
            {
                "text": "from",
                "box": [
                    409,
                    329,
                    446,
                    342
                ]
            },
            {
                "text": "survival",
                "box": [
                    454,
                    329,
                    527,
                    342
                ]
            },
            {
                "text": "after",
                "box": [
                    533,
                    331,
                    578,
                    343
                ]
            },
            {
                "text": "a",
                "box": [
                    584,
                    329,
                    596,
                    342
                ]
            },
            {
                "text": "single",
                "box": [
                    603,
                    328,
                    660,
                    343
                ]
            },
            {
                "text": "day's",
                "box": [
                    665,
                    329,
                    716,
                    342
                ]
            },
            {
                "text": "exposure.",
                "box": [
                    123,
                    353,
                    204,
                    366
                ]
            }
        ],
        "id": 27,
        "neighbours": [
            "DATE",
            "16/3/82",
            "",
            "APPROVALS",
            "Accept",
            "Accept",
            "Accept",
            "",
            "",
            "",
            "",
            "",
            "89368010",
            "RA/QA FORM 9",
            "FINAL REPORT AMENDMENT",
            "Study Name",
            "Study Number",
            "Initiation Date",
            "Date of Final Report (Review Completed Date)",
            "Part of Final Report to be Amended (Exact location)",
            "The attached is an addition to the I- 1725.001 Final Report",
            "27 April 1982",
            "25 March 1982",
            "I- 1725.001",
            "Acute Toxicity of Reference Cigarette Smoke lafter Inhalation in Mice.",
            "Reason for the Amendment",
            "Survival after repeated doses over a 14 day period",
            "Amendment (Attach additional sheets as necessary)",
            "The report of the results of",
            "A 14 Day Repeated Dose Assay for Reference Cigarette Smoke in Mice (I- 1725.001- M1 is attached.",
            "STUDY DIRECTOR",
            "03 June 1982",
            "3 June 1982",
            "3 June 1982",
            "ACCEPT/ REJECT (as per 58.185 (c))",
            "QUALITY ASSURANCE ASSOC.",
            "DIRECTOR OF RESEARCH",
            "DIRECTOR OF RA/QA",
            "REGULATORY AFFAIRS",
            "Received by REGULATORY AFFATRS"
        ]
    },
    {
        "text": "Amendment (Attach additional sheets as necessary)",
        "box": [
            111,
            404,
            485,
            424
        ],
        "linking": [
            [
                28,
                29
            ],
            [
                28,
                30
            ]
        ],
        "label": "question",
        "words": [
            {
                "text": "Amendment",
                "box": [
                    111,
                    409,
                    186,
                    424
                ]
            },
            {
                "text": "(Attach",
                "box": [
                    190,
                    404,
                    244,
                    423
                ]
            },
            {
                "text": "additional",
                "box": [
                    247,
                    406,
                    329,
                    421
                ]
            },
            {
                "text": "sheets",
                "box": [
                    332,
                    407,
                    380,
                    417
                ]
            },
            {
                "text": "as",
                "box": [
                    385,
                    404,
                    404,
                    417
                ]
            },
            {
                "text": "necessary)",
                "box": [
                    406,
                    404,
                    485,
                    419
                ]
            }
        ],
        "id": 28,
        "neighbours": [
            "DATE",
            "16/3/82",
            "",
            "APPROVALS",
            "Accept",
            "Accept",
            "Accept",
            "",
            "",
            "",
            "",
            "",
            "RA/QA FORM 9",
            "FINAL REPORT AMENDMENT",
            "Study Name",
            "Study Number",
            "Initiation Date",
            "Date of Final Report (Review Completed Date)",
            "Part of Final Report to be Amended (Exact location)",
            "The attached is an addition to the I- 1725.001 Final Report",
            "27 April 1982",
            "25 March 1982",
            "I- 1725.001",
            "Acute Toxicity of Reference Cigarette Smoke lafter Inhalation in Mice.",
            "Reason for the Amendment",
            "Survival after repeated doses over a 14 day period",
            "may not be accurately predicted from survival after a single day's exposure.",
            "The report of the results of",
            "A 14 Day Repeated Dose Assay for Reference Cigarette Smoke in Mice (I- 1725.001- M1 is attached.",
            "STUDY DIRECTOR",
            "03 June 1982",
            "3 June 1982",
            "3 June 1982",
            "ACCEPT/ REJECT (as per 58.185 (c))",
            "QUALITY ASSURANCE ASSOC.",
            "DIRECTOR OF RESEARCH",
            "DIRECTOR OF RA/QA",
            "REGULATORY AFFAIRS",
            "Received by REGULATORY AFFATRS"
        ]
    },
    {
        "text": "The report of the results of",
        "box": [
            496,
            401,
            747,
            419
        ],
        "linking": [
            [
                28,
                29
            ]
        ],
        "label": "answer",
        "words": [
            {
                "text": "The",
                "box": [
                    496,
                    403,
                    529,
                    419
                ]
            },
            {
                "text": "report",
                "box": [
                    534,
                    406,
                    589,
                    418
                ]
            },
            {
                "text": "of",
                "box": [
                    594,
                    403,
                    615,
                    416
                ]
            },
            {
                "text": "the",
                "box": [
                    618,
                    401,
                    652,
                    416
                ]
            },
            {
                "text": "results",
                "box": [
                    657,
                    404,
                    723,
                    416
                ]
            },
            {
                "text": "of",
                "box": [
                    731,
                    401,
                    747,
                    416
                ]
            }
        ],
        "id": 29,
        "neighbours": [
            "",
            "Accept",
            "Accept",
            "Accept",
            "",
            "",
            "",
            "",
            "",
            "89368010",
            "FINAL REPORT AMENDMENT",
            "Date of Final Report (Review Completed Date)",
            "Part of Final Report to be Amended (Exact location)",
            "The attached is an addition to the I- 1725.001 Final Report",
            "27 April 1982",
            "Acute Toxicity of Reference Cigarette Smoke lafter Inhalation in Mice.",
            "Survival after repeated doses over a 14 day period",
            "may not be accurately predicted from survival after a single day's exposure.",
            "Amendment (Attach additional sheets as necessary)",
            "A 14 Day Repeated Dose Assay for Reference Cigarette Smoke in Mice (I- 1725.001- M1 is attached.",
            "STUDY DIRECTOR",
            "ACCEPT/ REJECT (as per 58.185 (c))",
            "QUALITY ASSURANCE ASSOC.",
            "DIRECTOR OF RESEARCH",
            "DIRECTOR OF RA/QA",
            "REGULATORY AFFAIRS"
        ]
    },
    {
        "text": "A 14 Day Repeated Dose Assay for Reference Cigarette Smoke in Mice (I- 1725.001- M1 is attached.",
        "box": [
            133,
            425,
            723,
            467
        ],
        "linking": [
            [
                28,
                30
            ]
        ],
        "label": "answer",
        "words": [
            {
                "text": "A",
                "box": [
                    133,
                    428,
                    146,
                    446
                ]
            },
            {
                "text": "14",
                "box": [
                    153,
                    428,
                    169,
                    443
                ]
            },
            {
                "text": "Day",
                "box": [
                    177,
                    430,
                    208,
                    446
                ]
            },
            {
                "text": "Repeated",
                "box": [
                    211,
                    428,
                    287,
                    443
                ]
            },
            {
                "text": "Dose",
                "box": [
                    292,
                    430,
                    331,
                    442
                ]
            },
            {
                "text": "Assay",
                "box": [
                    334,
                    427,
                    385,
                    442
                ]
            },
            {
                "text": "for",
                "box": [
                    391,
                    428,
                    427,
                    441
                ]
            },
            {
                "text": "Reference",
                "box": [
                    427,
                    428,
                    509,
                    440
                ]
            },
            {
                "text": "Cigarette",
                "box": [
                    513,
                    428,
                    595,
                    441
                ]
            },
            {
                "text": "Smoke",
                "box": [
                    602,
                    427,
                    650,
                    442
                ]
            },
            {
                "text": "in",
                "box": [
                    657,
                    425,
                    679,
                    440
                ]
            },
            {
                "text": "Mice",
                "box": [
                    683,
                    428,
                    723,
                    438
                ]
            },
            {
                "text": "(I-",
                "box": [
                    136,
                    451,
                    158,
                    467
                ]
            },
            {
                "text": "1725.001-",
                "box": [
                    162,
                    448,
                    240,
                    467
                ]
            },
            {
                "text": "M1",
                "box": [
                    241,
                    452,
                    266,
                    467
                ]
            },
            {
                "text": "is",
                "box": [
                    274,
                    451,
                    295,
                    466
                ]
            },
            {
                "text": "attached.",
                "box": [
                    302,
                    451,
                    383,
                    464
                ]
            }
        ],
        "id": 30,
        "neighbours": [
            "DATE",
            "16/3/82",
            "",
            "APPROVALS",
            "Accept",
            "Accept",
            "Accept",
            "",
            "",
            "",
            "",
            "",
            "89368010",
            "RA/QA FORM 9",
            "FINAL REPORT AMENDMENT",
            "Study Name",
            "Study Number",
            "Initiation Date",
            "Date of Final Report (Review Completed Date)",
            "Part of Final Report to be Amended (Exact location)",
            "The attached is an addition to the I- 1725.001 Final Report",
            "27 April 1982",
            "25 March 1982",
            "I- 1725.001",
            "Acute Toxicity of Reference Cigarette Smoke lafter Inhalation in Mice.",
            "Reason for the Amendment",
            "Survival after repeated doses over a 14 day period",
            "may not be accurately predicted from survival after a single day's exposure.",
            "Amendment (Attach additional sheets as necessary)",
            "The report of the results of",
            "STUDY DIRECTOR",
            "03 June 1982",
            "3 June 1982",
            "3 June 1982",
            "ACCEPT/ REJECT (as per 58.185 (c))",
            "QUALITY ASSURANCE ASSOC.",
            "DIRECTOR OF RESEARCH",
            "DIRECTOR OF RA/QA",
            "REGULATORY AFFAIRS",
            "Received by REGULATORY AFFATRS"
        ]
    },
    {
        "text": "STUDY DIRECTOR",
        "box": [
            504,
            615,
            615,
            628
        ],
        "linking": [
            [
                31,
                2
            ]
        ],
        "label": "question",
        "words": [
            {
                "text": "STUDY",
                "box": [
                    504,
                    615,
                    546,
                    628
                ]
            },
            {
                "text": "DIRECTOR",
                "box": [
                    549,
                    615,
                    615,
                    628
                ]
            }
        ],
        "id": 31,
        "neighbours": [
            "DATE",
            "16/3/82",
            "",
            "Accept",
            "Accept",
            "Accept",
            "",
            "",
            "",
            "",
            "",
            "FINAL REPORT AMENDMENT",
            "Date of Final Report (Review Completed Date)",
            "Part of Final Report to be Amended (Exact location)",
            "The attached is an addition to the I- 1725.001 Final Report",
            "27 April 1982",
            "Amendment (Attach additional sheets as necessary)",
            "The report of the results of",
            "ACCEPT/ REJECT (as per 58.185 (c))",
            "QUALITY ASSURANCE ASSOC.",
            "DIRECTOR OF RESEARCH",
            "DIRECTOR OF RA/QA",
            "REGULATORY AFFAIRS"
        ]
    },
    {
        "text": "03 June 1982",
        "box": [
            112,
            689,
            247,
            711
        ],
        "linking": [
            [
                3,
                32
            ]
        ],
        "label": "answer",
        "words": [
            {
                "text": "03",
                "box": [
                    112,
                    690,
                    140,
                    709
                ]
            },
            {
                "text": "June",
                "box": [
                    147,
                    689,
                    189,
                    711
                ]
            },
            {
                "text": "1982",
                "box": [
                    198,
                    690,
                    247,
                    709
                ]
            }
        ],
        "id": 32,
        "neighbours": [
            "DATE",
            "16/3/82",
            "APPROVALS",
            "Accept",
            "",
            "",
            "RA/QA FORM 9",
            "FINAL REPORT AMENDMENT",
            "Study Name",
            "Study Number",
            "Initiation Date",
            "Date of Final Report (Review Completed Date)",
            "Part of Final Report to be Amended (Exact location)",
            "The attached is an addition to the I- 1725.001 Final Report",
            "25 March 1982",
            "I- 1725.001",
            "Acute Toxicity of Reference Cigarette Smoke lafter Inhalation in Mice.",
            "Reason for the Amendment",
            "Survival after repeated doses over a 14 day period",
            "may not be accurately predicted from survival after a single day's exposure.",
            "Amendment (Attach additional sheets as necessary)",
            "A 14 Day Repeated Dose Assay for Reference Cigarette Smoke in Mice (I- 1725.001- M1 is attached.",
            "3 June 1982",
            "3 June 1982",
            "QUALITY ASSURANCE ASSOC.",
            "Received by REGULATORY AFFATRS"
        ]
    },
    {
        "text": "3 June 1982",
        "box": [
            132,
            725,
            250,
            770
        ],
        "linking": [
            [
                3,
                33
            ]
        ],
        "label": "answer",
        "words": [
            {
                "text": "3",
                "box": [
                    132,
                    737,
                    150,
                    755
                ]
            },
            {
                "text": "June",
                "box": [
                    151,
                    725,
                    191,
                    770
                ]
            },
            {
                "text": "1982",
                "box": [
                    201,
                    732,
                    250,
                    753
                ]
            }
        ],
        "id": 33,
        "neighbours": [
            "DATE",
            "16/3/82",
            "APPROVALS",
            "Accept",
            "Accept",
            "",
            "",
            "RA/QA FORM 9",
            "FINAL REPORT AMENDMENT",
            "Study Name",
            "Study Number",
            "Initiation Date",
            "Date of Final Report (Review Completed Date)",
            "Part of Final Report to be Amended (Exact location)",
            "The attached is an addition to the I- 1725.001 Final Report",
            "25 March 1982",
            "I- 1725.001",
            "Acute Toxicity of Reference Cigarette Smoke lafter Inhalation in Mice.",
            "Reason for the Amendment",
            "Survival after repeated doses over a 14 day period",
            "may not be accurately predicted from survival after a single day's exposure.",
            "Amendment (Attach additional sheets as necessary)",
            "A 14 Day Repeated Dose Assay for Reference Cigarette Smoke in Mice (I- 1725.001- M1 is attached.",
            "03 June 1982",
            "3 June 1982",
            "QUALITY ASSURANCE ASSOC.",
            "DIRECTOR OF RESEARCH",
            "Received by REGULATORY AFFATRS"
        ]
    },
    {
        "text": "3 June 1982",
        "box": [
            117,
            772,
            247,
            800
        ],
        "linking": [
            [
                3,
                34
            ]
        ],
        "label": "answer",
        "words": [
            {
                "text": "3",
                "box": [
                    117,
                    772,
                    138,
                    800
                ]
            },
            {
                "text": "June",
                "box": [
                    139,
                    778,
                    190,
                    797
                ]
            },
            {
                "text": "1982",
                "box": [
                    193,
                    778,
                    247,
                    799
                ]
            }
        ],
        "id": 34,
        "neighbours": [
            "DATE",
            "16/3/82",
            "APPROVALS",
            "Accept",
            "",
            "89368010",
            "RA/QA FORM 9",
            "FINAL REPORT AMENDMENT",
            "Study Name",
            "Study Number",
            "Initiation Date",
            "Date of Final Report (Review Completed Date)",
            "Part of Final Report to be Amended (Exact location)",
            "The attached is an addition to the I- 1725.001 Final Report",
            "25 March 1982",
            "I- 1725.001",
            "Acute Toxicity of Reference Cigarette Smoke lafter Inhalation in Mice.",
            "Reason for the Amendment",
            "Survival after repeated doses over a 14 day period",
            "may not be accurately predicted from survival after a single day's exposure.",
            "Amendment (Attach additional sheets as necessary)",
            "A 14 Day Repeated Dose Assay for Reference Cigarette Smoke in Mice (I- 1725.001- M1 is attached.",
            "03 June 1982",
            "3 June 1982",
            "DIRECTOR OF RESEARCH",
            "DIRECTOR OF RA/QA",
            "Received by REGULATORY AFFATRS"
        ]
    },
    {
        "text": "ACCEPT/ REJECT (as per 58.185 (c))",
        "box": [
            380,
            651,
            630,
            672
        ],
        "linking": [
            [
                35,
                4
            ],
            [
                35,
                5
            ],
            [
                35,
                6
            ],
            [
                35,
                7
            ],
            [
                35,
                8
            ],
            [
                35,
                9
            ]
        ],
        "label": "question",
        "words": [
            {
                "text": "ACCEPT/",
                "box": [
                    380,
                    653,
                    434,
                    672
                ]
            },
            {
                "text": "REJECT",
                "box": [
                    434,
                    653,
                    482,
                    671
                ]
            },
            {
                "text": "(as",
                "box": [
                    487,
                    653,
                    512,
                    669
                ]
            },
            {
                "text": "per",
                "box": [
                    515,
                    654,
                    539,
                    667
                ]
            },
            {
                "text": "58.185",
                "box": [
                    546,
                    651,
                    594,
                    667
                ]
            },
            {
                "text": "(c))",
                "box": [
                    594,
                    651,
                    630,
                    666
                ]
            }
        ],
        "id": 35,
        "neighbours": [
            "",
            "APPROVALS",
            "Accept",
            "Accept",
            "Accept",
            "",
            "",
            "",
            "",
            "",
            "89368010",
            "FINAL REPORT AMENDMENT",
            "Date of Final Report (Review Completed Date)",
            "Part of Final Report to be Amended (Exact location)",
            "The attached is an addition to the I- 1725.001 Final Report",
            "27 April 1982",
            "25 March 1982",
            "I- 1725.001",
            "Reason for the Amendment",
            "Survival after repeated doses over a 14 day period",
            "may not be accurately predicted from survival after a single day's exposure.",
            "Amendment (Attach additional sheets as necessary)",
            "The report of the results of",
            "A 14 Day Repeated Dose Assay for Reference Cigarette Smoke in Mice (I- 1725.001- M1 is attached.",
            "STUDY DIRECTOR",
            "QUALITY ASSURANCE ASSOC.",
            "DIRECTOR OF RESEARCH",
            "DIRECTOR OF RA/QA",
            "REGULATORY AFFAIRS",
            "Received by REGULATORY AFFATRS"
        ]
    },
    {
        "text": "QUALITY ASSURANCE ASSOC.",
        "box": [
            500,
            705,
            684,
            719
        ],
        "linking": [
            [
                36,
                7
            ]
        ],
        "label": "question",
        "words": [
            {
                "text": "QUALITY",
                "box": [
                    500,
                    710,
                    557,
                    719
                ]
            },
            {
                "text": "ASSURANCE",
                "box": [
                    555,
                    707,
                    631,
                    719
                ]
            },
            {
                "text": "ASSOC.",
                "box": [
                    635,
                    705,
                    684,
                    718
                ]
            }
        ],
        "id": 36,
        "neighbours": [
            "",
            "Accept",
            "Accept",
            "Accept",
            "",
            "",
            "",
            "",
            "",
            "89368010",
            "FINAL REPORT AMENDMENT",
            "Date of Final Report (Review Completed Date)",
            "Part of Final Report to be Amended (Exact location)",
            "The attached is an addition to the I- 1725.001 Final Report",
            "27 April 1982",
            "Acute Toxicity of Reference Cigarette Smoke lafter Inhalation in Mice.",
            "Survival after repeated doses over a 14 day period",
            "may not be accurately predicted from survival after a single day's exposure.",
            "Amendment (Attach additional sheets as necessary)",
            "The report of the results of",
            "A 14 Day Repeated Dose Assay for Reference Cigarette Smoke in Mice (I- 1725.001- M1 is attached.",
            "STUDY DIRECTOR",
            "03 June 1982",
            "3 June 1982",
            "ACCEPT/ REJECT (as per 58.185 (c))",
            "DIRECTOR OF RESEARCH",
            "DIRECTOR OF RA/QA",
            "REGULATORY AFFAIRS"
        ]
    },
    {
        "text": "DIRECTOR OF RESEARCH",
        "box": [
            501,
            749,
            657,
            764
        ],
        "linking": [
            [
                37,
                8
            ]
        ],
        "label": "question",
        "words": [
            {
                "text": "DIRECTOR",
                "box": [
                    501,
                    749,
                    565,
                    764
                ]
            },
            {
                "text": "OF",
                "box": [
                    569,
                    751,
                    587,
                    763
                ]
            },
            {
                "text": "RESEARCH",
                "box": [
                    588,
                    749,
                    657,
                    764
                ]
            }
        ],
        "id": 37,
        "neighbours": [
            "",
            "Accept",
            "Accept",
            "Accept",
            "",
            "",
            "",
            "",
            "",
            "89368010",
            "FINAL REPORT AMENDMENT",
            "Date of Final Report (Review Completed Date)",
            "Part of Final Report to be Amended (Exact location)",
            "The attached is an addition to the I- 1725.001 Final Report",
            "27 April 1982",
            "may not be accurately predicted from survival after a single day's exposure.",
            "Amendment (Attach additional sheets as necessary)",
            "The report of the results of",
            "A 14 Day Repeated Dose Assay for Reference Cigarette Smoke in Mice (I- 1725.001- M1 is attached.",
            "STUDY DIRECTOR",
            "3 June 1982",
            "3 June 1982",
            "ACCEPT/ REJECT (as per 58.185 (c))",
            "QUALITY ASSURANCE ASSOC.",
            "DIRECTOR OF RA/QA",
            "REGULATORY AFFAIRS"
        ]
    },
    {
        "text": "DIRECTOR OF RA/QA",
        "box": [
            499,
            795,
            636,
            809
        ],
        "linking": [
            [
                38,
                9
            ]
        ],
        "label": "question",
        "words": [
            {
                "text": "DIRECTOR",
                "box": [
                    499,
                    795,
                    568,
                    808
                ]
            },
            {
                "text": "OF",
                "box": [
                    566,
                    796,
                    588,
                    809
                ]
            },
            {
                "text": "RA/QA",
                "box": [
                    587,
                    796,
                    636,
                    809
                ]
            }
        ],
        "id": 38,
        "neighbours": [
            "",
            "Accept",
            "Accept",
            "Accept",
            "",
            "",
            "",
            "",
            "",
            "89368010",
            "FINAL REPORT AMENDMENT",
            "Date of Final Report (Review Completed Date)",
            "Part of Final Report to be Amended (Exact location)",
            "The attached is an addition to the I- 1725.001 Final Report",
            "27 April 1982",
            "may not be accurately predicted from survival after a single day's exposure.",
            "Amendment (Attach additional sheets as necessary)",
            "The report of the results of",
            "A 14 Day Repeated Dose Assay for Reference Cigarette Smoke in Mice (I- 1725.001- M1 is attached.",
            "STUDY DIRECTOR",
            "3 June 1982",
            "ACCEPT/ REJECT (as per 58.185 (c))",
            "QUALITY ASSURANCE ASSOC.",
            "DIRECTOR OF RESEARCH",
            "REGULATORY AFFAIRS"
        ]
    },
    {
        "text": "REGULATORY AFFAIRS",
        "box": [
            499,
            870,
            646,
            886
        ],
        "linking": [
            [
                39,
                10
            ]
        ],
        "label": "question",
        "words": [
            {
                "text": "REGULATORY",
                "box": [
                    499,
                    870,
                    583,
                    886
                ]
            },
            {
                "text": "AFFAIRS",
                "box": [
                    585,
                    870,
                    646,
                    886
                ]
            }
        ],
        "id": 39,
        "neighbours": [
            "",
            "Accept",
            "Accept",
            "Accept",
            "",
            "",
            "",
            "",
            "",
            "89368010",
            "FINAL REPORT AMENDMENT",
            "Date of Final Report (Review Completed Date)",
            "Part of Final Report to be Amended (Exact location)",
            "The attached is an addition to the I- 1725.001 Final Report",
            "27 April 1982",
            "may not be accurately predicted from survival after a single day's exposure.",
            "Amendment (Attach additional sheets as necessary)",
            "The report of the results of",
            "A 14 Day Repeated Dose Assay for Reference Cigarette Smoke in Mice (I- 1725.001- M1 is attached.",
            "STUDY DIRECTOR",
            "ACCEPT/ REJECT (as per 58.185 (c))",
            "QUALITY ASSURANCE ASSOC.",
            "DIRECTOR OF RESEARCH",
            "DIRECTOR OF RA/QA",
            "Received by REGULATORY AFFATRS"
        ]
    },
    {
        "text": "Received by REGULATORY AFFATRS",
        "box": [
            115,
            855,
            347,
            874
        ],
        "linking": [
            [
                40,
                11
            ]
        ],
        "label": "question",
        "words": [
            {
                "text": "Received",
                "box": [
                    115,
                    859,
                    179,
                    874
                ]
            },
            {
                "text": "by",
                "box": [
                    183,
                    859,
                    202,
                    874
                ]
            },
            {
                "text": "REGULATORY",
                "box": [
                    205,
                    855,
                    286,
                    871
                ]
            },
            {
                "text": "AFFATRS",
                "box": [
                    286,
                    858,
                    347,
                    871
                ]
            }
        ],
        "id": 40,
        "neighbours": [
            "DATE",
            "16/3/82",
            "APPROVALS",
            "Accept",
            "Accept",
            "Accept",
            "",
            "",
            "RA/QA FORM 9",
            "FINAL REPORT AMENDMENT",
            "Study Name",
            "Study Number",
            "Initiation Date",
            "Date of Final Report (Review Completed Date)",
            "Part of Final Report to be Amended (Exact location)",
            "The attached is an addition to the I- 1725.001 Final Report",
            "25 March 1982",
            "I- 1725.001",
            "Acute Toxicity of Reference Cigarette Smoke lafter Inhalation in Mice.",
            "Reason for the Amendment",
            "Survival after repeated doses over a 14 day period",
            "may not be accurately predicted from survival after a single day's exposure.",
            "Amendment (Attach additional sheets as necessary)",
            "A 14 Day Repeated Dose Assay for Reference Cigarette Smoke in Mice (I- 1725.001- M1 is attached.",
            "03 June 1982",
            "3 June 1982",
            "3 June 1982",
            "ACCEPT/ REJECT (as per 58.185 (c))",
            "REGULATORY AFFAIRS"
        ]
    }
]