[
    {
        "box": [
            68,
            206,
            119,
            221
        ],
        "text": "17,000",
        "label": "answer",
        "words": [
            {
                "box": [
                    68,
                    206,
                    119,
                    221
                ],
                "text": "17,000"
            }
        ],
        "linking": [
            [
                47,
                0
            ]
        ],
        "id": 0,
        "neighbours": [
            "8.000",
            "16.000",
            "19.000",
            "25,500",
            "4,000",
            "10,000",
            "8,500",
            "10.000",
            "6450",
            "Consumer",
            "30,000",
            "4,500)",
            "Sales",
            "Division",
            "60,000",
            "32,500",
            "LORILLARD DIVISION DE LOEW'S CORP.",
            "ACTUAL 8 MONTHS",
            "PROJECTED 4 MONTHS",
            "PROJECTED CURRENT YEAR EXPENSES 19",
            "DATE SUBMITTED AND DEPT. MANAGER"
        ]
    },
    {
        "box": [
            73,
            234,
            118,
            252
        ],
        "text": "8.000",
        "label": "answer",
        "words": [
            {
                "box": [
                    73,
                    234,
                    118,
                    252
                ],
                "text": "8.000"
            }
        ],
        "linking": [
            [
                47,
                1
            ]
        ],
        "id": 1,
        "neighbours": [
            "17,000",
            "16.000",
            "19.000",
            "18,000",
            "4,000",
            "10,000",
            "8,500",
            "10.000",
            "6460",
            "Consumer",
            "Consumer",
            "28,000",
            "(10,000)",
            "Sales",
            "Division",
            "60,000",
            "32,500",
            "LORILLARD DIVISION DE LOEW'S CORP.",
            "ACTUAL 8 MONTHS",
            "PROJECTED 4 MONTHS",
            "PROJECTED CURRENT YEAR EXPENSES 19",
            "DATE SUBMITTED AND DEPT. MANAGER"
        ]
    },
    {
        "box": [
            70,
            264,
            121,
            277
        ],
        "text": "16.000",
        "label": "answer",
        "words": [
            {
                "box": [
                    70,
                    264,
                    121,
                    277
                ],
                "text": "16.000"
            }
        ],
        "linking": [
            [
                47,
                2
            ]
        ],
        "id": 2,
        "neighbours": [
            "17,000",
            "8.000",
            "19.000",
            "20,000",
            "4,000",
            "10,000",
            "8,500",
            "10.000",
            "6470",
            "Consumer",
            "20,000",
            "(10,000)",
            "Sales",
            "Division",
            "60,000",
            "32,500",
            "LORILLARD DIVISION DE LOEW'S CORP.",
            "ACTUAL 8 MONTHS",
            "PROJECTED 4 MONTHS",
            "PROJECTED CURRENT YEAR EXPENSES 19",
            "DATE SUBMITTED AND DEPT. MANAGER"
        ]
    },
    {
        "box": [
            68,
            294,
            118,
            309
        ],
        "text": "19.000",
        "label": "answer",
        "words": [
            {
                "box": [
                    68,
                    294,
                    118,
                    309
                ],
                "text": "19.000"
            }
        ],
        "linking": [
            [
                47,
                3
            ]
        ],
        "id": 3,
        "neighbours": [
            "17,000",
            "8.000",
            "16.000",
            "29,000",
            "4,000",
            "10,000",
            "8,500",
            "10.000",
            "6560",
            "Special",
            "42,000",
            "(13,000)",
            "Sales",
            "Division",
            "60,000",
            "32,500",
            "LORILLARD DIVISION DE LOEW'S CORP.",
            "ACTUAL 8 MONTHS",
            "PROJECTED 4 MONTHS",
            "PROJECTED CURRENT YEAR EXPENSES 19",
            "DATE SUBMITTED AND DEPT. MANAGER"
        ]
    },
    {
        "box": [
            203,
            206,
            250,
            221
        ],
        "text": "25,500",
        "label": "answer",
        "words": [
            {
                "box": [
                    203,
                    206,
                    250,
                    221
                ],
                "text": "25,500"
            }
        ],
        "linking": [
            [
                49,
                4
            ]
        ],
        "id": 4,
        "neighbours": [
            "17,000",
            "18,000",
            "20,000",
            "29,000",
            "4,000",
            "10,000",
            "8,500",
            "10.000",
            "6450",
            "6460",
            "6470",
            "6560",
            "Consumer",
            "30,000",
            "4,500)",
            "Sales",
            "Department",
            "32,500",
            "92,500",
            "DEPARTMENT EXPENSE BUDGET SUMMARY",
            "LORILLARD DIVISION DE LOEW'S CORP.",
            "PROJECTED 4 MONTHS",
            "TOTAL YEAR",
            "ACCOUNT NO.",
            "PROJECTED CURRENT YEAR EXPENSES 19"
        ]
    },
    {
        "box": [
            203,
            238,
            250,
            251
        ],
        "text": "18,000",
        "label": "answer",
        "words": [
            {
                "box": [
                    203,
                    238,
                    250,
                    251
                ],
                "text": "18,000"
            }
        ],
        "linking": [
            [
                49,
                5
            ]
        ],
        "id": 5,
        "neighbours": [
            "8.000",
            "25,500",
            "20,000",
            "29,000",
            "4,000",
            "10,000",
            "8,500",
            "10.000",
            "6450",
            "6460",
            "6470",
            "6560",
            "Consumer",
            "28,000",
            "(10,000)",
            "Sales",
            "Department",
            "32,500",
            "92,500",
            "DEPARTMENT EXPENSE BUDGET SUMMARY",
            "LORILLARD DIVISION DE LOEW'S CORP.",
            "PROJECTED 4 MONTHS",
            "TOTAL YEAR",
            "ACCOUNT NO.",
            "PROJECTED CURRENT YEAR EXPENSES 19"
        ]
    },
    {
        "box": [
            201,
            264,
            251,
            279
        ],
        "text": "20,000",
        "label": "answer",
        "words": [
            {
                "box": [
                    201,
                    264,
                    251,
                    279
                ],
                "text": "20,000"
            }
        ],
        "linking": [
            [
                49,
                6
            ]
        ],
        "id": 6,
        "neighbours": [
            "16.000",
            "25,500",
            "18,000",
            "29,000",
            "4,000",
            "10,000",
            "8,500",
            "10.000",
            "6450",
            "6460",
            "6470",
            "6560",
            "Consumer",
            "20,000",
            "(10,000)",
            "Sales",
            "Department",
            "32,500",
            "92,500",
            "DEPARTMENT EXPENSE BUDGET SUMMARY",
            "LORILLARD DIVISION DE LOEW'S CORP.",
            "PROJECTED 4 MONTHS",
            "TOTAL YEAR",
            "ACCOUNT NO.",
            "PROJECTED CURRENT YEAR EXPENSES 19"
        ]
    },
    {
        "box": [
            199,
            294,
            250,
            309
        ],
        "text": "29,000",
        "label": "answer",
        "words": [
            {
                "box": [
                    199,
                    294,
                    250,
                    309
                ],
                "text": "29,000"
            }
        ],
        "linking": [
            [
                49,
                7
            ]
        ],
        "id": 7,
        "neighbours": [
            "19.000",
            "25,500",
            "18,000",
            "20,000",
            "4,000",
            "10,000",
            "8,500",
            "10.000",
            "6450",
            "6460",
            "6470",
            "6560",
            "Special",
            "42,000",
            "(13,000)",
            "Sales",
            "Department",
            "32,500",
            "92,500",
            "DEPARTMENT EXPENSE BUDGET SUMMARY",
            "LORILLARD DIVISION DE LOEW'S CORP.",
            "PROJECTED 4 MONTHS",
            "TOTAL YEAR",
            "ACCOUNT NO.",
            "PROJECTED CURRENT YEAR EXPENSES 19"
        ]
    },
    {
        "box": [
            140,
            266,
            188,
            279
        ],
        "text": "4,000",
        "label": "answer",
        "words": [
            {
                "box": [
                    140,
                    266,
                    188,
                    279
                ],
                "text": "4,000"
            }
        ],
        "linking": [
            [
                48,
                8
            ]
        ],
        "id": 8,
        "neighbours": [
            "17,000",
            "8.000",
            "16.000",
            "19.000",
            "25,500",
            "18,000",
            "20,000",
            "29,000",
            "10,000",
            "8,500",
            "10.000",
            "6470",
            "Consumer",
            "20,000",
            "Sales",
            "Division",
            "60,000",
            "32,500",
            "92,500",
            "ACTUAL 8 MONTHS",
            "PROJECTED 4 MONTHS",
            "TOTAL YEAR"
        ]
    },
    {
        "box": [
            135,
            234,
            185,
            247
        ],
        "text": "10,000",
        "label": "answer",
        "words": [
            {
                "box": [
                    135,
                    234,
                    185,
                    247
                ],
                "text": "10,000"
            }
        ],
        "linking": [
            [
                48,
                9
            ]
        ],
        "id": 9,
        "neighbours": [
            "17,000",
            "8.000",
            "16.000",
            "19.000",
            "25,500",
            "18,000",
            "20,000",
            "29,000",
            "4,000",
            "8,500",
            "10.000",
            "6460",
            "Consumer",
            "28,000",
            "(10,000)",
            "Sales",
            "Division",
            "60,000",
            "32,500",
            "92,500",
            "ACTUAL 8 MONTHS",
            "PROJECTED 4 MONTHS",
            "TOTAL YEAR"
        ]
    },
    {
        "box": [
            138,
            209,
            185,
            221
        ],
        "text": "8,500",
        "label": "answer",
        "words": [
            {
                "box": [
                    138,
                    209,
                    185,
                    221
                ],
                "text": "8,500"
            }
        ],
        "linking": [
            [
                48,
                10
            ]
        ],
        "id": 10,
        "neighbours": [
            "17,000",
            "8.000",
            "16.000",
            "19.000",
            "25,500",
            "18,000",
            "20,000",
            "29,000",
            "4,000",
            "10,000",
            "10.000",
            "6450",
            "Consumer",
            "30,000",
            "4,500)",
            "Sales",
            "Division",
            "60,000",
            "32,500",
            "92,500",
            "ACTUAL 8 MONTHS",
            "PROJECTED 4 MONTHS",
            "TOTAL YEAR"
        ]
    },
    {
        "box": [
            136,
            294,
            181,
            306
        ],
        "text": "10.000",
        "label": "answer",
        "words": [
            {
                "box": [
                    136,
                    294,
                    181,
                    306
                ],
                "text": "10.000"
            }
        ],
        "linking": [
            [
                48,
                11
            ]
        ],
        "id": 11,
        "neighbours": [
            "17,000",
            "8.000",
            "16.000",
            "19.000",
            "25,500",
            "18,000",
            "20,000",
            "29,000",
            "4,000",
            "10,000",
            "8,500",
            "6560",
            "Special",
            "42,000",
            "(13,000)",
            "Sales",
            "Division",
            "60,000",
            "32,500",
            "92,500",
            "ACTUAL 8 MONTHS",
            "PROJECTED 4 MONTHS",
            "TOTAL YEAR"
        ]
    },
    {
        "box": [
            272,
            206,
            309,
            223
        ],
        "text": "6450",
        "label": "answer",
        "words": [
            {
                "box": [
                    272,
                    206,
                    309,
                    223
                ],
                "text": "6450"
            }
        ],
        "linking": [
            [
                50,
                12
            ]
        ],
        "id": 12,
        "neighbours": [
            "17,000",
            "25,500",
            "18,000",
            "20,000",
            "29,000",
            "8,500",
            "6460",
            "6470",
            "6560",
            "Consumer",
            "Consumer",
            "Consumer",
            "Special",
            "30,000",
            "4,500)",
            "Department",
            "92,500",
            "",
            "APPROVAL",
            "",
            "DEPARTMENT EXPENSE BUDGET SUMMARY",
            "TOTAL YEAR",
            "ACCOUNT NO.",
            "DATE SUBMITTED AND DEPT. MANAGER"
        ]
    },
    {
        "box": [
            274,
            234,
            309,
            252
        ],
        "text": "6460",
        "label": "answer",
        "words": [
            {
                "box": [
                    274,
                    234,
                    309,
                    252
                ],
                "text": "6460"
            }
        ],
        "linking": [
            [
                50,
                13
            ]
        ],
        "id": 13,
        "neighbours": [
            "8.000",
            "25,500",
            "18,000",
            "20,000",
            "29,000",
            "10,000",
            "6450",
            "6470",
            "6560",
            "Consumer",
            "Consumer",
            "Consumer",
            "Special",
            "28,000",
            "(10,000)",
            "Department",
            "92,500",
            "",
            "APPROVAL",
            "",
            "DEPARTMENT EXPENSE BUDGET SUMMARY",
            "ACCOUNT NO.",
            "DATE SUBMITTED AND DEPT. MANAGER"
        ]
    },
    {
        "box": [
            272,
            262,
            305,
            277
        ],
        "text": "6470",
        "label": "answer",
        "words": [
            {
                "box": [
                    272,
                    262,
                    305,
                    277
                ],
                "text": "6470"
            }
        ],
        "linking": [
            [
                50,
                14
            ]
        ],
        "id": 14,
        "neighbours": [
            "16.000",
            "25,500",
            "18,000",
            "20,000",
            "29,000",
            "4,000",
            "6450",
            "6460",
            "6560",
            "Consumer",
            "Consumer",
            "Consumer",
            "Special",
            "28,000",
            "20,000",
            "(10,000)",
            "Department",
            "92,500",
            "",
            "APPROVAL",
            "",
            "DEPARTMENT EXPENSE BUDGET SUMMARY",
            "TOTAL YEAR",
            "ACCOUNT NO.",
            "DATE SUBMITTED AND DEPT. MANAGER"
        ]
    },
    {
        "box": [
            272,
            292,
            309,
            310
        ],
        "text": "6560",
        "label": "answer",
        "words": [
            {
                "box": [
                    272,
                    292,
                    309,
                    310
                ],
                "text": "6560"
            }
        ],
        "linking": [
            [
                50,
                15
            ]
        ],
        "id": 15,
        "neighbours": [
            "19.000",
            "25,500",
            "18,000",
            "20,000",
            "29,000",
            "10.000",
            "6450",
            "6460",
            "6470",
            "Consumer",
            "Consumer",
            "Consumer",
            "Special",
            "42,000",
            "(13,000)",
            "Department",
            "92,500",
            "",
            "APPROVAL",
            "",
            "DEPARTMENT EXPENSE BUDGET SUMMARY",
            "TOTAL YEAR",
            "ACCOUNT NO.",
            "DATE SUBMITTED AND DEPT. MANAGER"
        ]
    },
    {
        "box": [
            324,
            204,
            385,
            219
        ],
        "text": "Consumer",
        "label": "answer",
        "words": [
            {
                "box": [
                    324,
                    204,
                    385,
                    219
                ],
                "text": "Consumer"
            }
        ],
        "linking": [
            [
                28,
                16
            ]
        ],
        "id": 16,
        "neighbours": [
            "17,000",
            "25,500",
            "8,500",
            "6450",
            "6460",
            "6470",
            "6560",
            "Consumer",
            "Consumer",
            "Special",
            "30,000",
            "4,500)",
            "Department",
            "",
            "APPROVAL",
            "",
            "Domestic Tax Free",
            "ACCOUNT NO.",
            "DATE SUBMITTED AND DEPT. MANAGER"
        ]
    },
    {
        "box": [
            326,
            238,
            386,
            251
        ],
        "text": "Consumer",
        "label": "answer",
        "words": [
            {
                "box": [
                    326,
                    238,
                    386,
                    251
                ],
                "text": "Consumer"
            }
        ],
        "linking": [
            [
                28,
                17
            ]
        ],
        "id": 17,
        "neighbours": [
            "8.000",
            "18,000",
            "10,000",
            "6450",
            "6460",
            "6470",
            "6560",
            "Consumer",
            "Consumer",
            "Special",
            "28,000",
            "(10,000)",
            "Department",
            "",
            "APPROVAL",
            "",
            "Domestic Tax Free",
            "ACCOUNT NO.",
            "DATE SUBMITTED AND DEPT. MANAGER"
        ]
    },
    {
        "box": [
            326,
            261,
            389,
            281
        ],
        "text": "Consumer",
        "label": "answer",
        "words": [
            {
                "box": [
                    326,
                    261,
                    389,
                    281
                ],
                "text": "Consumer"
            }
        ],
        "linking": [
            [
                28,
                18
            ]
        ],
        "id": 18,
        "neighbours": [
            "8.000",
            "16.000",
            "20,000",
            "4,000",
            "6450",
            "6460",
            "6470",
            "6560",
            "Consumer",
            "Consumer",
            "Special",
            "28,000",
            "20,000",
            "(10,000)",
            "ITEM",
            "Department",
            "",
            "APPROVAL",
            "",
            "Domestic Tax Free",
            "ACCOUNT NO.",
            "DATE SUBMITTED AND DEPT. MANAGER"
        ]
    },
    {
        "box": [
            324,
            297,
            379,
            309
        ],
        "text": "Special",
        "label": "answer",
        "words": [
            {
                "box": [
                    324,
                    297,
                    379,
                    309
                ],
                "text": "Special"
            }
        ],
        "linking": [
            [
                28,
                19
            ]
        ],
        "id": 19,
        "neighbours": [
            "19.000",
            "29,000",
            "10.000",
            "6450",
            "6460",
            "6470",
            "6560",
            "Consumer",
            "Consumer",
            "Consumer",
            "42,000",
            "(13,000)",
            "Department",
            "",
            "APPROVAL",
            "",
            "Domestic Tax Free",
            "ACCOUNT NO.",
            "DATE SUBMITTED AND DEPT. MANAGER"
        ]
    },
    {
        "box": [
            576,
            204,
            624,
            224
        ],
        "text": "30,000",
        "label": "answer",
        "words": [
            {
                "box": [
                    576,
                    204,
                    624,
                    224
                ],
                "text": "30,000"
            }
        ],
        "linking": [
            [
                52,
                20
            ]
        ],
        "id": 20,
        "neighbours": [
            "17,000",
            "25,500",
            "8,500",
            "6450",
            "Consumer",
            "28,000",
            "20,000",
            "42,000",
            "4,500)",
            "(10,000)",
            "(13,000)",
            "120,000",
            "27,500",
            "",
            "APPROVAL",
            "Dept. Code No.",
            "BUDGET YEAR 19",
            "VS. CURRENT YEAR (INCR.) DECR.",
            "Form P.O. 1049-A 788"
        ]
    },
    {
        "box": [
            578,
            236,
            626,
            253
        ],
        "text": "28,000",
        "label": "answer",
        "words": [
            {
                "box": [
                    578,
                    236,
                    626,
                    253
                ],
                "text": "28,000"
            }
        ],
        "linking": [
            [
                52,
                21
            ]
        ],
        "id": 21,
        "neighbours": [
            "8.000",
            "18,000",
            "10,000",
            "6460",
            "6470",
            "Consumer",
            "Consumer",
            "30,000",
            "20,000",
            "42,000",
            "4,500)",
            "(10,000)",
            "(13,000)",
            "120,000",
            "27,500",
            "",
            "APPROVAL",
            "Dept. Code No.",
            "BUDGET YEAR 19",
            "VS. CURRENT YEAR (INCR.) DECR.",
            "Form P.O. 1049-A 788"
        ]
    },
    {
        "box": [
            578,
            264,
            626,
            281
        ],
        "text": "20,000",
        "label": "answer",
        "words": [
            {
                "box": [
                    578,
                    264,
                    626,
                    281
                ],
                "text": "20,000"
            }
        ],
        "linking": [
            [
                52,
                22
            ]
        ],
        "id": 22,
        "neighbours": [
            "16.000",
            "20,000",
            "4,000",
            "6470",
            "Consumer",
            "30,000",
            "28,000",
            "42,000",
            "4,500)",
            "(10,000)",
            "(13,000)",
            "120,000",
            "27,500",
            "",
            "APPROVAL",
            "Dept. Code No.",
            "BUDGET YEAR 19",
            "VS. CURRENT YEAR (INCR.) DECR.",
            "Form P.O. 1049-A 788"
        ]
    },
    {
        "box": [
            576,
            294,
            626,
            307
        ],
        "text": "42,000",
        "label": "other",
        "words": [
            {
                "box": [
                    576,
                    294,
                    626,
                    307
                ],
                "text": "42,000"
            }
        ],
        "linking": [],
        "id": 23,
        "neighbours": [
            "19.000",
            "29,000",
            "10.000",
            "6560",
            "Special",
            "30,000",
            "28,000",
            "20,000",
            "4,500)",
            "(10,000)",
            "(13,000)",
            "120,000",
            "27,500",
            "",
            "APPROVAL",
            "Dept. Code No.",
            "BUDGET YEAR 19",
            "VS. CURRENT YEAR (INCR.) DECR.",
            "Form P.O. 1049-A 788"
        ]
    },
    {
        "box": [
            636,
            206,
            696,
            223
        ],
        "text": "4,500)",
        "label": "answer",
        "words": [
            {
                "box": [
                    636,
                    206,
                    696,
                    223
                ],
                "text": "4,500)"
            }
        ],
        "linking": [
            [
                53,
                24
            ]
        ],
        "id": 24,
        "neighbours": [
            "17,000",
            "25,500",
            "8,500",
            "6450",
            "Consumer",
            "30,000",
            "28,000",
            "20,000",
            "42,000",
            "(10,000)",
            "(13,000)",
            "LT-1.71",
            "120,000",
            "27,500",
            "",
            "APPROVAL",
            "91104867",
            "BUDGET YEAR 19",
            "VS. CURRENT YEAR (INCR.) DECR."
        ]
    },
    {
        "box": [
            636,
            238,
            696,
            255
        ],
        "text": "(10,000)",
        "label": "answer",
        "words": [
            {
                "box": [
                    636,
                    238,
                    696,
                    255
                ],
                "text": "(10,000)"
            }
        ],
        "linking": [
            [
                53,
                25
            ]
        ],
        "id": 25,
        "neighbours": [
            "8.000",
            "16.000",
            "18,000",
            "20,000",
            "10,000",
            "6460",
            "6470",
            "Consumer",
            "Consumer",
            "30,000",
            "28,000",
            "20,000",
            "42,000",
            "4,500)",
            "(13,000)",
            "LT-1.71",
            "120,000",
            "27,500",
            "",
            "APPROVAL",
            "91104867",
            "BUDGET YEAR 19",
            "VS. CURRENT YEAR (INCR.) DECR."
        ]
    },
    {
        "box": [
            638,
            292,
            696,
            310
        ],
        "text": "(13,000)",
        "label": "answer",
        "words": [
            {
                "box": [
                    638,
                    292,
                    696,
                    310
                ],
                "text": "(13,000)"
            }
        ],
        "linking": [
            [
                53,
                26
            ]
        ],
        "id": 26,
        "neighbours": [
            "19.000",
            "29,000",
            "10.000",
            "6560",
            "Special",
            "30,000",
            "28,000",
            "20,000",
            "42,000",
            "4,500)",
            "(10,000)",
            "LT-1.71",
            "120,000",
            "27,500",
            "",
            "APPROVAL",
            "91104867",
            "BUDGET YEAR 19",
            "VS. CURRENT YEAR (INCR.) DECR."
        ]
    },
    {
        "box": [
            135,
            93,
            173,
            108
        ],
        "text": "Sales",
        "label": "answer",
        "words": [
            {
                "box": [
                    135,
                    93,
                    173,
                    108
                ],
                "text": "Sales"
            }
        ],
        "linking": [
            [
                29,
                27
            ]
        ],
        "id": 27,
        "neighbours": [
            "17,000",
            "8.000",
            "16.000",
            "19.000",
            "25,500",
            "18,000",
            "20,000",
            "29,000",
            "4,000",
            "10,000",
            "8,500",
            "10.000",
            "Division",
            "Department",
            "60,000",
            "32,500",
            "92,500",
            "LORILLARD DIVISION DE LOEW'S CORP.",
            "Domestic Tax Free",
            "Dept. Code No.",
            "ACTUAL 8 MONTHS",
            "PROJECTED 4 MONTHS",
            "TOTAL YEAR"
        ]
    },
    {
        "box": [
            422,
            146,
            459,
            164
        ],
        "text": "ITEM",
        "label": "question",
        "words": [
            {
                "box": [
                    422,
                    146,
                    459,
                    164
                ],
                "text": "ITEM"
            }
        ],
        "linking": [
            [
                28,
                16
            ],
            [
                28,
                17
            ],
            [
                28,
                18
            ],
            [
                28,
                19
            ],
            [
                28,
                41
            ]
        ],
        "id": 28,
        "neighbours": [
            "Consumer",
            "",
            "DEPARTMENT EXPENSE BUDGET SUMMARY",
            "Domestic Tax Free",
            "ACTUAL 8 MONTHS",
            "PROJECTED 4 MONTHS",
            "TOTAL YEAR",
            "ACCOUNT NO.",
            "PROJECTED CURRENT YEAR EXPENSES 19",
            "BUDGET YEAR 19"
        ]
    },
    {
        "box": [
            53,
            98,
            121,
            111
        ],
        "text": "Division",
        "label": "question",
        "words": [
            {
                "box": [
                    53,
                    98,
                    121,
                    111
                ],
                "text": "Division"
            }
        ],
        "linking": [
            [
                29,
                27
            ]
        ],
        "id": 29,
        "neighbours": [
            "17,000",
            "8.000",
            "16.000",
            "19.000",
            "4,000",
            "10,000",
            "8,500",
            "10.000",
            "Sales",
            "Department",
            "60,000",
            "32,500",
            "LORILLARD DIVISION DE LOEW'S CORP.",
            "Domestic Tax Free",
            "Dept. Code No.",
            "ACTUAL 8 MONTHS",
            "PROJECTED 4 MONTHS",
            "PROJECTED CURRENT YEAR EXPENSES 19",
            "DATE SUBMITTED AND DEPT. MANAGER"
        ]
    },
    {
        "box": [
            282,
            100,
            355,
            113
        ],
        "text": "Department",
        "label": "question",
        "words": [
            {
                "box": [
                    282,
                    100,
                    355,
                    113
                ],
                "text": "Department"
            }
        ],
        "linking": [
            [
                30,
                45
            ]
        ],
        "id": 30,
        "neighbours": [
            "25,500",
            "18,000",
            "20,000",
            "29,000",
            "6450",
            "6460",
            "6470",
            "6560",
            "Consumer",
            "Consumer",
            "Consumer",
            "Special",
            "Sales",
            "Division",
            "",
            "APPROVAL",
            "",
            "Domestic Tax Free",
            "Dept. Code No.",
            "ACCOUNT NO.",
            "PROJECTED CURRENT YEAR EXPENSES 19",
            "DATE SUBMITTED AND DEPT. MANAGER"
        ]
    },
    {
        "box": [
            664,
            65,
            699,
            77
        ],
        "text": "LT-1.71",
        "label": "other",
        "words": [
            {
                "box": [
                    664,
                    65,
                    699,
                    77
                ],
                "text": "LT-1.71"
            }
        ],
        "linking": [],
        "id": 31,
        "neighbours": [
            "4,500)",
            "(10,000)",
            "(13,000)",
            "27,500",
            "",
            "APPROVAL",
            "91104867",
            "DEPARTMENT EXPENSE BUDGET SUMMARY",
            "LORILLARD DIVISION DE LOEW'S CORP.",
            "Dept. Code No.",
            "VS. CURRENT YEAR (INCR.) DECR.",
            "Form P.O. 1049-A 788"
        ]
    },
    {
        "box": [
            70,
            899,
            117,
            919
        ],
        "text": "60,000",
        "label": "answer",
        "words": [
            {
                "box": [
                    70,
                    899,
                    117,
                    919
                ],
                "text": "60,000"
            }
        ],
        "linking": [
            [
                47,
                32
            ]
        ],
        "id": 32,
        "neighbours": [
            "17,000",
            "8.000",
            "16.000",
            "19.000",
            "4,000",
            "10,000",
            "8,500",
            "10.000",
            "Sales",
            "Division",
            "32,500",
            "92,500",
            "120,000",
            "27,500",
            "APPROVAL",
            "APPROVAL",
            "",
            "LORILLARD DIVISION DE LOEW'S CORP.",
            "ACTUAL 8 MONTHS",
            "PROJECTED 4 MONTHS",
            "PROJECTED CURRENT YEAR EXPENSES 19",
            "DATE SUBMITTED AND DEPT. MANAGER"
        ]
    },
    {
        "box": [
            133,
            899,
            178,
            919
        ],
        "text": "32,500",
        "label": "answer",
        "words": [
            {
                "box": [
                    133,
                    899,
                    178,
                    919
                ],
                "text": "32,500"
            }
        ],
        "linking": [
            [
                48,
                33
            ]
        ],
        "id": 33,
        "neighbours": [
            "17,000",
            "8.000",
            "16.000",
            "19.000",
            "25,500",
            "18,000",
            "20,000",
            "29,000",
            "4,000",
            "10,000",
            "8,500",
            "10.000",
            "Sales",
            "Division",
            "60,000",
            "92,500",
            "120,000",
            "27,500",
            "APPROVAL",
            "APPROVAL",
            "",
            "ACTUAL 8 MONTHS",
            "PROJECTED 4 MONTHS",
            "TOTAL YEAR",
            "DATE SUBMITTED AND DEPT. MANAGER"
        ]
    },
    {
        "box": [
            193,
            900,
            248,
            917
        ],
        "text": "92,500",
        "label": "answer",
        "words": [
            {
                "box": [
                    193,
                    900,
                    248,
                    917
                ],
                "text": "92,500"
            }
        ],
        "linking": [
            [
                49,
                34
            ]
        ],
        "id": 34,
        "neighbours": [
            "25,500",
            "18,000",
            "20,000",
            "29,000",
            "4,000",
            "10,000",
            "8,500",
            "10.000",
            "6450",
            "6460",
            "6470",
            "6560",
            "Sales",
            "60,000",
            "32,500",
            "120,000",
            "27,500",
            "APPROVAL",
            "",
            "DEPARTMENT EXPENSE BUDGET SUMMARY",
            "LORILLARD DIVISION DE LOEW'S CORP.",
            "PROJECTED 4 MONTHS",
            "TOTAL YEAR",
            "ACCOUNT NO.",
            "PROJECTED CURRENT YEAR EXPENSES 19",
            "DATE SUBMITTED AND DEPT. MANAGER"
        ]
    },
    {
        "box": [
            576,
            900,
            626,
            918
        ],
        "text": "120,000",
        "label": "answer",
        "words": [
            {
                "box": [
                    576,
                    900,
                    626,
                    918
                ],
                "text": "120,000"
            }
        ],
        "linking": [
            [
                52,
                35
            ]
        ],
        "id": 35,
        "neighbours": [
            "30,000",
            "28,000",
            "20,000",
            "42,000",
            "4,500)",
            "(10,000)",
            "(13,000)",
            "60,000",
            "32,500",
            "92,500",
            "27,500",
            "",
            "APPROVAL",
            "APPROVAL",
            "",
            "Dept. Code No.",
            "BUDGET YEAR 19",
            "VS. CURRENT YEAR (INCR.) DECR.",
            "Form P.O. 1049-A 788",
            "DATE SUBMITTED AND DEPT. MANAGER"
        ]
    },
    {
        "box": [
            638,
            904,
            688,
            919
        ],
        "text": "27,500",
        "label": "answer",
        "words": [
            {
                "box": [
                    638,
                    904,
                    688,
                    919
                ],
                "text": "27,500"
            }
        ],
        "linking": [
            [
                53,
                36
            ]
        ],
        "id": 36,
        "neighbours": [
            "30,000",
            "28,000",
            "20,000",
            "42,000",
            "4,500)",
            "(10,000)",
            "(13,000)",
            "LT-1.71",
            "60,000",
            "32,500",
            "92,500",
            "120,000",
            "",
            "APPROVAL",
            "APPROVAL",
            "",
            "91104867",
            "BUDGET YEAR 19",
            "VS. CURRENT YEAR (INCR.) DECR.",
            "DATE SUBMITTED AND DEPT. MANAGER"
        ]
    },
    {
        "box": [
            317,
            939,
            428,
            951
        ],
        "text": "",
        "label": "answer",
        "words": [
            {
                "box": [
                    317,
                    939,
                    428,
                    951
                ],
                "text": ""
            }
        ],
        "linking": [
            [
                39,
                37
            ]
        ],
        "id": 37,
        "neighbours": [
            "6450",
            "6460",
            "6470",
            "6560",
            "Consumer",
            "Consumer",
            "Consumer",
            "Special",
            "ITEM",
            "Department",
            "",
            "APPROVAL",
            "APPROVAL",
            "",
            "Domestic Tax Free",
            "ACCOUNT NO.",
            "DATE SUBMITTED AND DEPT. MANAGER"
        ]
    },
    {
        "box": [
            570,
            930,
            693,
            957
        ],
        "text": "",
        "label": "answer",
        "words": [
            {
                "box": [
                    570,
                    930,
                    693,
                    957
                ],
                "text": ""
            }
        ],
        "linking": [
            [
                40,
                38
            ]
        ],
        "id": 38,
        "neighbours": [
            "30,000",
            "28,000",
            "20,000",
            "42,000",
            "4,500)",
            "(10,000)",
            "(13,000)",
            "LT-1.71",
            "120,000",
            "27,500",
            "",
            "APPROVAL",
            "APPROVAL",
            "91104867",
            "Dept. Code No.",
            "BUDGET YEAR 19",
            "VS. CURRENT YEAR (INCR.) DECR.",
            "Form P.O. 1049-A 788",
            "DATE SUBMITTED AND DEPT. MANAGER"
        ]
    },
    {
        "box": [
            316,
            927,
            379,
            937
        ],
        "text": "APPROVAL",
        "label": "question",
        "words": [
            {
                "box": [
                    316,
                    927,
                    379,
                    937
                ],
                "text": "APPROVAL"
            }
        ],
        "linking": [
            [
                39,
                37
            ]
        ],
        "id": 39,
        "neighbours": [
            "6450",
            "6460",
            "6470",
            "6560",
            "Consumer",
            "Consumer",
            "Consumer",
            "Special",
            "Department",
            "60,000",
            "32,500",
            "120,000",
            "27,500",
            "",
            "",
            "APPROVAL",
            "",
            "Domestic Tax Free",
            "ACCOUNT NO.",
            "DATE SUBMITTED AND DEPT. MANAGER"
        ]
    },
    {
        "box": [
            570,
            925,
            631,
            935
        ],
        "text": "APPROVAL",
        "label": "question",
        "words": [
            {
                "box": [
                    570,
                    925,
                    631,
                    935
                ],
                "text": "APPROVAL"
            }
        ],
        "linking": [
            [
                40,
                38
            ]
        ],
        "id": 40,
        "neighbours": [
            "30,000",
            "28,000",
            "20,000",
            "42,000",
            "4,500)",
            "(10,000)",
            "(13,000)",
            "LT-1.71",
            "60,000",
            "32,500",
            "92,500",
            "120,000",
            "27,500",
            "",
            "",
            "APPROVAL",
            "Dept. Code No.",
            "BUDGET YEAR 19",
            "VS. CURRENT YEAR (INCR.) DECR.",
            "Form P.O. 1049-A 788",
            "DATE SUBMITTED AND DEPT. MANAGER"
        ]
    },
    {
        "box": [
            316,
            897,
            353,
            910
        ],
        "text": "",
        "label": "question",
        "words": [
            {
                "box": [
                    316,
                    897,
                    353,
                    910
                ],
                "text": ""
            }
        ],
        "linking": [
            [
                28,
                41
            ]
        ],
        "id": 41,
        "neighbours": [
            "6450",
            "6460",
            "6470",
            "6560",
            "Consumer",
            "Consumer",
            "Consumer",
            "Special",
            "Department",
            "60,000",
            "32,500",
            "92,500",
            "120,000",
            "27,500",
            "",
            "APPROVAL",
            "Domestic Tax Free",
            "ACCOUNT NO.",
            "DATE SUBMITTED AND DEPT. MANAGER"
        ]
    },
    {
        "box": [
            684,
            771,
            707,
            846
        ],
        "text": "91104867",
        "label": "other",
        "words": [
            {
                "box": [
                    684,
                    771,
                    707,
                    846
                ],
                "text": "91104867"
            }
        ],
        "linking": [],
        "id": 42,
        "neighbours": [
            "4,500)",
            "(10,000)",
            "(13,000)",
            "LT-1.71",
            "27,500",
            "",
            "VS. CURRENT YEAR (INCR.) DECR.",
            "Form P.O. 1049-A 788"
        ]
    },
    {
        "text": "DEPARTMENT EXPENSE BUDGET SUMMARY",
        "box": [
            241,
            51,
            489,
            61
        ],
        "linking": [],
        "label": "header",
        "words": [
            {
                "text": "DEPARTMENT",
                "box": [
                    241,
                    51,
                    319,
                    61
                ]
            },
            {
                "text": "EXPENSE",
                "box": [
                    321,
                    53,
                    376,
                    61
                ]
            },
            {
                "text": "BUDGET",
                "box": [
                    380,
                    51,
                    428,
                    61
                ]
            },
            {
                "text": "SUMMARY",
                "box": [
                    434,
                    51,
                    489,
                    61
                ]
            }
        ],
        "id": 43,
        "neighbours": [
            "25,500",
            "18,000",
            "20,000",
            "29,000",
            "6450",
            "6460",
            "6470",
            "6560",
            "Consumer",
            "Consumer",
            "Consumer",
            "Special",
            "ITEM",
            "Department",
            "LT-1.71",
            "92,500",
            "",
            "APPROVAL",
            "",
            "LORILLARD DIVISION DE LOEW'S CORP.",
            "Domestic Tax Free",
            "Dept. Code No.",
            "TOTAL YEAR",
            "ACCOUNT NO.",
            "PROJECTED CURRENT YEAR EXPENSES 19",
            "Form P.O. 1049-A 788",
            "DATE SUBMITTED AND DEPT. MANAGER"
        ]
    },
    {
        "text": "LORILLARD DIVISION DE LOEW'S CORP.",
        "box": [
            58,
            58,
            236,
            86
        ],
        "linking": [],
        "label": "other",
        "words": [
            {
                "text": "LORILLARD",
                "box": [
                    60,
                    58,
                    126,
                    71
                ]
            },
            {
                "text": "DIVISION",
                "box": [
                    58,
                    71,
                    123,
                    86
                ]
            },
            {
                "text": "DE",
                "box": [
                    128,
                    73,
                    141,
                    86
                ]
            },
            {
                "text": "LOEW'S",
                "box": [
                    148,
                    73,
                    191,
                    86
                ]
            },
            {
                "text": "CORP.",
                "box": [
                    203,
                    73,
                    236,
                    85
                ]
            }
        ],
        "id": 44,
        "neighbours": [
            "17,000",
            "8.000",
            "16.000",
            "19.000",
            "25,500",
            "18,000",
            "20,000",
            "29,000",
            "4,000",
            "10,000",
            "8,500",
            "10.000",
            "Sales",
            "Division",
            "LT-1.71",
            "60,000",
            "32,500",
            "92,500",
            "DEPARTMENT EXPENSE BUDGET SUMMARY",
            "Domestic Tax Free",
            "Dept. Code No.",
            "ACTUAL 8 MONTHS",
            "PROJECTED 4 MONTHS",
            "TOTAL YEAR",
            "ACCOUNT NO.",
            "PROJECTED CURRENT YEAR EXPENSES 19",
            "Form P.O. 1049-A 788",
            "DATE SUBMITTED AND DEPT. MANAGER"
        ]
    },
    {
        "text": "Domestic Tax Free",
        "box": [
            359,
            93,
            490,
            108
        ],
        "linking": [
            [
                30,
                45
            ]
        ],
        "label": "answer",
        "words": [
            {
                "text": "Domestic",
                "box": [
                    359,
                    93,
                    422,
                    106
                ]
            },
            {
                "text": "Tax",
                "box": [
                    429,
                    93,
                    454,
                    106
                ]
            },
            {
                "text": "Free",
                "box": [
                    458,
                    95,
                    490,
                    108
                ]
            }
        ],
        "id": 45,
        "neighbours": [
            "Consumer",
            "Consumer",
            "Consumer",
            "Special",
            "Sales",
            "ITEM",
            "Division",
            "Department",
            "",
            "APPROVAL",
            "",
            "DEPARTMENT EXPENSE BUDGET SUMMARY",
            "LORILLARD DIVISION DE LOEW'S CORP.",
            "Dept. Code No."
        ]
    },
    {
        "text": "Dept. Code No.",
        "box": [
            520,
            81,
            585,
            111
        ],
        "linking": [],
        "label": "question",
        "words": [
            {
                "text": "Dept.",
                "box": [
                    520,
                    81,
                    558,
                    94
                ]
            },
            {
                "text": "Code",
                "box": [
                    525,
                    96,
                    558,
                    111
                ]
            },
            {
                "text": "No.",
                "box": [
                    560,
                    98,
                    585,
                    106
                ]
            }
        ],
        "id": 46,
        "neighbours": [
            "30,000",
            "28,000",
            "20,000",
            "42,000",
            "Sales",
            "Division",
            "Department",
            "LT-1.71",
            "120,000",
            "",
            "APPROVAL",
            "DEPARTMENT EXPENSE BUDGET SUMMARY",
            "LORILLARD DIVISION DE LOEW'S CORP.",
            "Domestic Tax Free",
            "BUDGET YEAR 19",
            "Form P.O. 1049-A 788"
        ]
    },
    {
        "text": "ACTUAL 8 MONTHS",
        "box": [
            58,
            159,
            121,
            191
        ],
        "linking": [
            [
                47,
                0
            ],
            [
                47,
                1
            ],
            [
                47,
                2
            ],
            [
                47,
                3
            ],
            [
                51,
                47
            ],
            [
                47,
                32
            ]
        ],
        "label": "question",
        "words": [
            {
                "text": "ACTUAL",
                "box": [
                    61,
                    159,
                    114,
                    172
                ]
            },
            {
                "text": "8",
                "box": [
                    58,
                    174,
                    73,
                    187
                ]
            },
            {
                "text": "MONTHS",
                "box": [
                    76,
                    176,
                    121,
                    191
                ]
            }
        ],
        "id": 47,
        "neighbours": [
            "17,000",
            "8.000",
            "16.000",
            "19.000",
            "4,000",
            "10,000",
            "8,500",
            "10.000",
            "Sales",
            "ITEM",
            "Division",
            "60,000",
            "32,500",
            "LORILLARD DIVISION DE LOEW'S CORP.",
            "PROJECTED 4 MONTHS",
            "TOTAL YEAR",
            "ACCOUNT NO.",
            "PROJECTED CURRENT YEAR EXPENSES 19",
            "BUDGET YEAR 19",
            "VS. CURRENT YEAR (INCR.) DECR.",
            "DATE SUBMITTED AND DEPT. MANAGER"
        ]
    },
    {
        "text": "PROJECTED 4 MONTHS",
        "box": [
            125,
            158,
            189,
            187
        ],
        "linking": [
            [
                48,
                10
            ],
            [
                48,
                9
            ],
            [
                48,
                8
            ],
            [
                48,
                11
            ],
            [
                51,
                48
            ],
            [
                48,
                33
            ]
        ],
        "label": "question",
        "words": [
            {
                "text": "PROJECTED",
                "box": [
                    128,
                    158,
                    189,
                    173
                ]
            },
            {
                "text": "4",
                "box": [
                    125,
                    174,
                    135,
                    187
                ]
            },
            {
                "text": "MONTHS",
                "box": [
                    136,
                    174,
                    184,
                    187
                ]
            }
        ],
        "id": 48,
        "neighbours": [
            "17,000",
            "8.000",
            "16.000",
            "19.000",
            "25,500",
            "18,000",
            "20,000",
            "29,000",
            "4,000",
            "10,000",
            "8,500",
            "10.000",
            "Sales",
            "ITEM",
            "Division",
            "60,000",
            "32,500",
            "92,500",
            "ACTUAL 8 MONTHS",
            "TOTAL YEAR",
            "ACCOUNT NO.",
            "PROJECTED CURRENT YEAR EXPENSES 19",
            "BUDGET YEAR 19",
            "VS. CURRENT YEAR (INCR.) DECR."
        ]
    },
    {
        "text": "TOTAL YEAR",
        "box": [
            198,
            159,
            240,
            187
        ],
        "linking": [
            [
                49,
                4
            ],
            [
                49,
                5
            ],
            [
                49,
                6
            ],
            [
                49,
                7
            ],
            [
                51,
                49
            ],
            [
                49,
                34
            ]
        ],
        "label": "question",
        "words": [
            {
                "text": "TOTAL",
                "box": [
                    198,
                    159,
                    240,
                    172
                ]
            },
            {
                "text": "YEAR",
                "box": [
                    203,
                    174,
                    233,
                    187
                ]
            }
        ],
        "id": 49,
        "neighbours": [
            "25,500",
            "18,000",
            "20,000",
            "29,000",
            "4,000",
            "10,000",
            "8,500",
            "10.000",
            "6450",
            "6470",
            "6560",
            "Sales",
            "ITEM",
            "32,500",
            "92,500",
            "DEPARTMENT EXPENSE BUDGET SUMMARY",
            "LORILLARD DIVISION DE LOEW'S CORP.",
            "ACTUAL 8 MONTHS",
            "PROJECTED 4 MONTHS",
            "ACCOUNT NO.",
            "PROJECTED CURRENT YEAR EXPENSES 19",
            "BUDGET YEAR 19",
            "VS. CURRENT YEAR (INCR.) DECR."
        ]
    },
    {
        "text": "ACCOUNT NO.",
        "box": [
            257,
            145,
            308,
            174
        ],
        "linking": [
            [
                50,
                12
            ],
            [
                50,
                13
            ],
            [
                50,
                14
            ],
            [
                50,
                15
            ]
        ],
        "label": "question",
        "words": [
            {
                "text": "ACCOUNT",
                "box": [
                    257,
                    145,
                    308,
                    160
                ]
            },
            {
                "text": "NO.",
                "box": [
                    269,
                    159,
                    296,
                    174
                ]
            }
        ],
        "id": 50,
        "neighbours": [
            "25,500",
            "18,000",
            "20,000",
            "29,000",
            "6450",
            "6460",
            "6470",
            "6560",
            "Consumer",
            "Consumer",
            "Consumer",
            "Special",
            "ITEM",
            "Department",
            "92,500",
            "",
            "APPROVAL",
            "",
            "DEPARTMENT EXPENSE BUDGET SUMMARY",
            "LORILLARD DIVISION DE LOEW'S CORP.",
            "ACTUAL 8 MONTHS",
            "PROJECTED 4 MONTHS",
            "TOTAL YEAR",
            "PROJECTED CURRENT YEAR EXPENSES 19",
            "BUDGET YEAR 19",
            "DATE SUBMITTED AND DEPT. MANAGER"
        ]
    },
    {
        "text": "PROJECTED CURRENT YEAR EXPENSES 19",
        "box": [
            73,
            121,
            238,
            155
        ],
        "linking": [
            [
                51,
                47
            ],
            [
                51,
                48
            ],
            [
                51,
                49
            ]
        ],
        "label": "header",
        "words": [
            {
                "text": "PROJECTED",
                "box": [
                    75,
                    126,
                    141,
                    138
                ]
            },
            {
                "text": "CURRENT",
                "box": [
                    145,
                    121,
                    205,
                    138
                ]
            },
            {
                "text": "YEAR",
                "box": [
                    206,
                    126,
                    238,
                    139
                ]
            },
            {
                "text": "EXPENSES",
                "box": [
                    73,
                    143,
                    136,
                    155
                ]
            },
            {
                "text": "19",
                "box": [
                    143,
                    140,
                    166,
                    155
                ]
            }
        ],
        "id": 51,
        "neighbours": [
            "17,000",
            "8.000",
            "16.000",
            "19.000",
            "25,500",
            "18,000",
            "20,000",
            "29,000",
            "4,000",
            "10,000",
            "8,500",
            "10.000",
            "Sales",
            "ITEM",
            "Division",
            "Department",
            "60,000",
            "32,500",
            "92,500",
            "DEPARTMENT EXPENSE BUDGET SUMMARY",
            "LORILLARD DIVISION DE LOEW'S CORP.",
            "ACTUAL 8 MONTHS",
            "PROJECTED 4 MONTHS",
            "TOTAL YEAR",
            "ACCOUNT NO.",
            "BUDGET YEAR 19",
            "VS. CURRENT YEAR (INCR.) DECR.",
            "DATE SUBMITTED AND DEPT. MANAGER"
        ]
    },
    {
        "text": "BUDGET YEAR 19",
        "box": [
            580,
            148,
            627,
            186
        ],
        "linking": [
            [
                52,
                20
            ],
            [
                52,
                21
            ],
            [
                52,
                22
            ],
            [
                52,
                35
            ]
        ],
        "label": "question",
        "words": [
            {
                "text": "BUDGET",
                "box": [
                    580,
                    148,
                    627,
                    161
                ]
            },
            {
                "text": "YEAR",
                "box": [
                    580,
                    163,
                    612,
                    176
                ]
            },
            {
                "text": "19",
                "box": [
                    580,
                    176,
                    598,
                    186
                ]
            }
        ],
        "id": 52,
        "neighbours": [
            "30,000",
            "28,000",
            "20,000",
            "42,000",
            "4,500)",
            "(10,000)",
            "(13,000)",
            "ITEM",
            "120,000",
            "27,500",
            "",
            "APPROVAL",
            "Dept. Code No.",
            "ACTUAL 8 MONTHS",
            "PROJECTED 4 MONTHS",
            "TOTAL YEAR",
            "ACCOUNT NO.",
            "PROJECTED CURRENT YEAR EXPENSES 19",
            "VS. CURRENT YEAR (INCR.) DECR.",
            "Form P.O. 1049-A 788"
        ]
    },
    {
        "text": "VS. CURRENT YEAR (INCR.) DECR.",
        "box": [
            641,
            126,
            699,
            194
        ],
        "linking": [
            [
                53,
                24
            ],
            [
                53,
                25
            ],
            [
                53,
                26
            ],
            [
                53,
                36
            ]
        ],
        "label": "question",
        "words": [
            {
                "text": "",
                "box": [
                    646,
                    126,
                    696,
                    138
                ]
            },
            {
                "text": "VS.",
                "box": [
                    659,
                    136,
                    681,
                    148
                ]
            },
            {
                "text": "CURRENT",
                "box": [
                    641,
                    146,
                    697,
                    158
                ]
            },
            {
                "text": "YEAR",
                "box": [
                    654,
                    158,
                    684,
                    170
                ]
            },
            {
                "text": "(INCR.)",
                "box": [
                    643,
                    166,
                    699,
                    181
                ]
            },
            {
                "text": "DECR.",
                "box": [
                    648,
                    179,
                    691,
                    194
                ]
            }
        ],
        "id": 53,
        "neighbours": [
            "30,000",
            "28,000",
            "20,000",
            "42,000",
            "4,500)",
            "(10,000)",
            "(13,000)",
            "ITEM",
            "LT-1.71",
            "120,000",
            "27,500",
            "",
            "APPROVAL",
            "91104867",
            "ACTUAL 8 MONTHS",
            "PROJECTED 4 MONTHS",
            "TOTAL YEAR",
            "ACCOUNT NO.",
            "PROJECTED CURRENT YEAR EXPENSES 19",
            "BUDGET YEAR 19",
            "Form P.O. 1049-A 788"
        ]
    },
    {
        "text": "Form P.O. 1049-A 788",
        "box": [
            576,
            50,
            731,
            71
        ],
        "linking": [],
        "label": "other",
        "words": [
            {
                "text": "Form",
                "box": [
                    576,
                    51,
                    609,
                    63
                ]
            },
            {
                "text": "P.O.",
                "box": [
                    611,
                    53,
                    643,
                    65
                ]
            },
            {
                "text": "1049-A",
                "box": [
                    651,
                    50,
                    694,
                    62
                ]
            },
            {
                "text": "788",
                "box": [
                    706,
                    51,
                    731,
                    71
                ]
            }
        ],
        "id": 54,
        "neighbours": [
            "30,000",
            "28,000",
            "20,000",
            "42,000",
            "4,500)",
            "(10,000)",
            "(13,000)",
            "LT-1.71",
            "120,000",
            "27,500",
            "",
            "APPROVAL",
            "91104867",
            "DEPARTMENT EXPENSE BUDGET SUMMARY",
            "LORILLARD DIVISION DE LOEW'S CORP.",
            "Dept. Code No.",
            "BUDGET YEAR 19",
            "VS. CURRENT YEAR (INCR.) DECR."
        ]
    },
    {
        "text": "DATE SUBMITTED AND DEPT. MANAGER",
        "box": [
            65,
            925,
            299,
            938
        ],
        "linking": [],
        "label": "question",
        "words": [
            {
                "text": "DATE",
                "box": [
                    65,
                    925,
                    98,
                    938
                ]
            },
            {
                "text": "SUBMITTED",
                "box": [
                    103,
                    927,
                    164,
                    937
                ]
            },
            {
                "text": "AND",
                "box": [
                    169,
                    925,
                    196,
                    937
                ]
            },
            {
                "text": "DEPT.",
                "box": [
                    199,
                    925,
                    237,
                    938
                ]
            },
            {
                "text": "MANAGER",
                "box": [
                    244,
                    925,
                    299,
                    937
                ]
            }
        ],
        "id": 55,
        "neighbours": [
            "17,000",
            "8.000",
            "16.000",
            "19.000",
            "25,500",
            "18,000",
            "20,000",
            "29,000",
            "4,000",
            "10,000",
            "8,500",
            "10.000",
            "6450",
            "6460",
            "6470",
            "6560",
            "Consumer",
            "Consumer",
            "Consumer",
            "Special",
            "Sales",
            "Division",
            "Department",
            "60,000",
            "32,500",
            "92,500",
            "120,000",
            "27,500",
            "",
            "",
            "APPROVAL",
            "APPROVAL",
            "",
            "DEPARTMENT EXPENSE BUDGET SUMMARY",
            "LORILLARD DIVISION DE LOEW'S CORP.",
            "ACTUAL 8 MONTHS",
            "PROJECTED 4 MONTHS",
            "TOTAL YEAR",
            "ACCOUNT NO.",
            "PROJECTED CURRENT YEAR EXPENSES 19"
        ]
    }
]