[
    {
        "box": [
            190,
            201,
            225,
            218
        ],
        "text": "DATE:",
        "label": "question",
        "words": [
            {
                "box": [
                    190,
                    201,
                    225,
                    218
                ],
                "text": "DATE:"
            }
        ],
        "linking": [
            [
                0,
                7
            ]
        ],
        "id": 0,
        "neighbours": [
            "MANUFACTURER:",
            "COMPETITIVE ACTIVITIES AND PROMOTIONS",
            "A. L. EVERETT, MANAGER, CHAIN ACCOUNTS - ATLANTA, GA",
            "REPORTED BY:",
            "SEPT. 27, 1991",
            "BROWN & WILLIAMSON",
            "BRAND (S) PROMOTED:",
            "TYPE OF PROMOTION:",
            "SEE ATTACHMENTS",
            "HOW WIDESPREAD?",
            "OTHER COMMENTS:",
            "A. H. TISCH",
            "R. H. ORCUTT",
            "M. A. PETERSON",
            "M. L. ORLOWSKY",
            "L. GORDON",
            "J. P. MASTANDREA"
        ]
    },
    {
        "box": [
            102,
            271,
            204,
            286
        ],
        "text": "MANUFACTURER:",
        "label": "question",
        "words": [
            {
                "box": [
                    102,
                    271,
                    204,
                    286
                ],
                "text": "MANUFACTURER:"
            }
        ],
        "linking": [
            [
                1,
                8
            ]
        ],
        "id": 1,
        "neighbours": [
            "DATE:",
            "CC:",
            "A. L. EVERETT, MANAGER, CHAIN ACCOUNTS - ATLANTA, GA",
            "REPORTED BY:",
            "BROWN & WILLIAMSON",
            "BRAND (S) PROMOTED:",
            "TYPE OF PROMOTION:",
            "HOW WIDESPREAD?",
            "OTHER COMMENTS:",
            "A. H. TISCH",
            "R. H. ORCUTT",
            "M. A. PETERSON",
            "M. L. ORLOWSKY",
            "L. GORDON",
            "J. P. MASTANDREA"
        ]
    },
    {
        "box": [
            99,
            753,
            121,
            767
        ],
        "text": "CC:",
        "label": "question",
        "words": [
            {
                "box": [
                    99,
                    753,
                    121,
                    767
                ],
                "text": "CC:"
            }
        ],
        "linking": [
            [
                2,
                15
            ],
            [
                2,
                16
            ],
            [
                2,
                17
            ],
            [
                2,
                18
            ],
            [
                2,
                19
            ],
            [
                2,
                20
            ],
            [
                2,
                21
            ],
            [
                2,
                22
            ],
            [
                2,
                23
            ],
            [
                2,
                24
            ],
            [
                2,
                25
            ],
            [
                2,
                26
            ],
            [
                2,
                27
            ],
            [
                2,
                28
            ],
            [
                2,
                29
            ],
            [
                2,
                30
            ],
            [
                2,
                31
            ],
            [
                2,
                32
            ],
            [
                2,
                33
            ]
        ],
        "id": 2,
        "neighbours": [
            "MANUFACTURER:",
            "REPORTED BY:",
            "BRAND (S) PROMOTED:",
            "TYPE OF PROMOTION:",
            "HOW WIDESPREAD?",
            "OTHER COMMENTS:",
            "A. H. TISCH",
            "R. H. ORCUTT",
            "M. A. PETERSON",
            "M. L. ORLOWSKY",
            "L. GORDON",
            "J. P. MASTANDREA",
            "G. R. TELFORD",
            "L. H. KERSH"
        ]
    },
    {
        "box": [
            709,
            718,
            724,
            798
        ],
        "text": "91355841",
        "label": "other",
        "words": [
            {
                "box": [
                    709,
                    718,
                    724,
                    798
                ],
                "text": "91355841"
            }
        ],
        "linking": [],
        "id": 3,
        "neighbours": [
            "CC:",
            "A. L. EVERETT, MANAGER, CHAIN ACCOUNTS - ATLANTA, GA",
            "A. H. TISCH",
            "R. H. ORCUTT",
            "M. A. PETERSON",
            "G. R. TELFORD",
            "R. G. RYAN",
            "N. P. RUFFALO",
            "L. H. KERSH",
            "J. R. SLATER",
            "S. T. JONES"
        ]
    },
    {
        "text": "COMPETITIVE ACTIVITIES AND PROMOTIONS",
        "box": [
            263,
            71,
            567,
            89
        ],
        "linking": [],
        "label": "header",
        "words": [
            {
                "text": "COMPETITIVE",
                "box": [
                    263,
                    73,
                    357,
                    87
                ]
            },
            {
                "text": "ACTIVITIES",
                "box": [
                    360,
                    71,
                    435,
                    89
                ]
            },
            {
                "text": "AND",
                "box": [
                    440,
                    73,
                    471,
                    87
                ]
            },
            {
                "text": "PROMOTIONS",
                "box": [
                    473,
                    71,
                    567,
                    88
                ]
            }
        ],
        "id": 4,
        "neighbours": [
            "DATE:",
            "A. L. EVERETT, MANAGER, CHAIN ACCOUNTS - ATLANTA, GA",
            "SEPT. 27, 1991",
            "BROWN & WILLIAMSON",
            "BRAND (S) PROMOTED:",
            "KOOL CIGARETTES",
            "TYPE OF PROMOTION:",
            "SEE ATTACHMENTS",
            "HOW WIDESPREAD?",
            "OTHER COMMENTS:",
            "M. A. PETERSON",
            "M. L. ORLOWSKY",
            "J. P. MASTANDREA",
            "G. R. TELFORD",
            "R. G. RYAN",
            "N. P. RUFFALO",
            "T. L. ACHEY",
            "P. J. McCANN",
            "A. J. GIACOIO",
            "J. J. TATULLI",
            "L. H. KERSH",
            "J. R. SLATER",
            "S. T. JONES",
            "R. S. GOLDBRENNER",
            "N. SIMEONIDIS",
            "S. F. SMITH"
        ]
    },
    {
        "text": "A. L. EVERETT, MANAGER, CHAIN ACCOUNTS - ATLANTA, GA",
        "box": [
            253,
            131,
            702,
            146
        ],
        "linking": [
            [
                6,
                5
            ]
        ],
        "label": "answer",
        "words": [
            {
                "text": "A.",
                "box": [
                    253,
                    131,
                    268,
                    146
                ]
            },
            {
                "text": "L.",
                "box": [
                    277,
                    131,
                    295,
                    145
                ]
            },
            {
                "text": "EVERETT,",
                "box": [
                    304,
                    131,
                    371,
                    145
                ]
            },
            {
                "text": "MANAGER,",
                "box": [
                    380,
                    131,
                    448,
                    145
                ]
            },
            {
                "text": "CHAIN",
                "box": [
                    458,
                    131,
                    503,
                    146
                ]
            },
            {
                "text": "ACCOUNTS",
                "box": [
                    510,
                    133,
                    583,
                    144
                ]
            },
            {
                "text": "-",
                "box": [
                    587,
                    134,
                    598,
                    142
                ]
            },
            {
                "text": "ATLANTA,",
                "box": [
                    602,
                    131,
                    672,
                    145
                ]
            },
            {
                "text": "GA",
                "box": [
                    682,
                    134,
                    702,
                    145
                ]
            }
        ],
        "id": 5,
        "neighbours": [
            "DATE:",
            "MANUFACTURER:",
            "91355841",
            "COMPETITIVE ACTIVITIES AND PROMOTIONS",
            "REPORTED BY:",
            "SEPT. 27, 1991",
            "BROWN & WILLIAMSON",
            "BRAND (S) PROMOTED:",
            "KOOL CIGARETTES",
            "TYPE OF PROMOTION:",
            "SEE ATTACHMENTS",
            "HOW WIDESPREAD?",
            "OTHER COMMENTS:",
            "R. H. ORCUTT",
            "M. A. PETERSON",
            "M. L. ORLOWSKY",
            "J. P. MASTANDREA",
            "G. R. TELFORD",
            "R. G. RYAN",
            "N. P. RUFFALO",
            "T. L. ACHEY",
            "P. J. McCANN",
            "A. J. GIACOIO",
            "J. J. TATULLI",
            "L. H. KERSH",
            "J. R. SLATER",
            "S. T. JONES",
            "R. S. GOLDBRENNER",
            "N. SIMEONIDIS",
            "S. F. SMITH"
        ]
    },
    {
        "text": "REPORTED BY:",
        "box": [
            103,
            137,
            191,
            151
        ],
        "linking": [
            [
                6,
                5
            ]
        ],
        "label": "question",
        "words": [
            {
                "text": "REPORTED",
                "box": [
                    103,
                    137,
                    167,
                    150
                ]
            },
            {
                "text": "BY:",
                "box": [
                    170,
                    137,
                    191,
                    151
                ]
            }
        ],
        "id": 6,
        "neighbours": [
            "DATE:",
            "MANUFACTURER:",
            "CC:",
            "A. L. EVERETT, MANAGER, CHAIN ACCOUNTS - ATLANTA, GA",
            "BRAND (S) PROMOTED:",
            "TYPE OF PROMOTION:",
            "HOW WIDESPREAD?",
            "OTHER COMMENTS:",
            "A. H. TISCH",
            "R. H. ORCUTT",
            "M. A. PETERSON",
            "M. L. ORLOWSKY",
            "L. GORDON",
            "J. P. MASTANDREA"
        ]
    },
    {
        "text": "SEPT. 27, 1991",
        "box": [
            270,
            203,
            390,
            218
        ],
        "linking": [
            [
                0,
                7
            ]
        ],
        "label": "answer",
        "words": [
            {
                "text": "SEPT.",
                "box": [
                    270,
                    204,
                    311,
                    218
                ]
            },
            {
                "text": "27,",
                "box": [
                    320,
                    203,
                    345,
                    217
                ]
            },
            {
                "text": "1991",
                "box": [
                    355,
                    203,
                    390,
                    218
                ]
            }
        ],
        "id": 7,
        "neighbours": [
            "DATE:",
            "COMPETITIVE ACTIVITIES AND PROMOTIONS",
            "A. L. EVERETT, MANAGER, CHAIN ACCOUNTS - ATLANTA, GA",
            "BROWN & WILLIAMSON",
            "BRAND (S) PROMOTED:",
            "KOOL CIGARETTES",
            "TYPE OF PROMOTION:",
            "SEE ATTACHMENTS",
            "HOW WIDESPREAD?",
            "OTHER COMMENTS:",
            "M. A. PETERSON",
            "M. L. ORLOWSKY",
            "J. P. MASTANDREA",
            "G. R. TELFORD",
            "R. G. RYAN",
            "N. P. RUFFALO",
            "T. L. ACHEY",
            "P. J. McCANN",
            "A. J. GIACOIO",
            "J. J. TATULLI",
            "L. H. KERSH",
            "J. R. SLATER",
            "S. T. JONES",
            "R. S. GOLDBRENNER",
            "N. SIMEONIDIS",
            "S. F. SMITH"
        ]
    },
    {
        "text": "BROWN & WILLIAMSON",
        "box": [
            278,
            268,
            434,
            283
        ],
        "linking": [
            [
                1,
                8
            ]
        ],
        "label": "answer",
        "words": [
            {
                "text": "BROWN",
                "box": [
                    278,
                    268,
                    321,
                    283
                ]
            },
            {
                "text": "&",
                "box": [
                    328,
                    270,
                    339,
                    280
                ]
            },
            {
                "text": "WILLIAMSON",
                "box": [
                    345,
                    268,
                    434,
                    281
                ]
            }
        ],
        "id": 8,
        "neighbours": [
            "DATE:",
            "MANUFACTURER:",
            "COMPETITIVE ACTIVITIES AND PROMOTIONS",
            "A. L. EVERETT, MANAGER, CHAIN ACCOUNTS - ATLANTA, GA",
            "SEPT. 27, 1991",
            "BRAND (S) PROMOTED:",
            "KOOL CIGARETTES",
            "TYPE OF PROMOTION:",
            "SEE ATTACHMENTS",
            "M. A. PETERSON",
            "M. L. ORLOWSKY",
            "J. P. MASTANDREA",
            "G. R. TELFORD",
            "R. G. RYAN",
            "N. P. RUFFALO",
            "T. L. ACHEY",
            "P. J. McCANN",
            "A. J. GIACOIO",
            "J. J. TATULLI",
            "L. H. KERSH",
            "J. R. SLATER",
            "S. T. JONES",
            "R. S. GOLDBRENNER",
            "N. SIMEONIDIS",
            "S. F. SMITH"
        ]
    },
    {
        "text": "BRAND (S) PROMOTED:",
        "box": [
            101,
            339,
            233,
            355
        ],
        "linking": [
            [
                9,
                10
            ]
        ],
        "label": "question",
        "words": [
            {
                "text": "BRAND",
                "box": [
                    101,
                    339,
                    143,
                    353
                ]
            },
            {
                "text": "(S)",
                "box": [
                    142,
                    341,
                    159,
                    355
                ]
            },
            {
                "text": "PROMOTED:",
                "box": [
                    162,
                    341,
                    233,
                    354
                ]
            }
        ],
        "id": 9,
        "neighbours": [
            "DATE:",
            "MANUFACTURER:",
            "CC:",
            "COMPETITIVE ACTIVITIES AND PROMOTIONS",
            "A. L. EVERETT, MANAGER, CHAIN ACCOUNTS - ATLANTA, GA",
            "REPORTED BY:",
            "SEPT. 27, 1991",
            "BROWN & WILLIAMSON",
            "KOOL CIGARETTES",
            "TYPE OF PROMOTION:",
            "SEE ATTACHMENTS",
            "HOW WIDESPREAD?",
            "OTHER COMMENTS:",
            "A. H. TISCH",
            "R. H. ORCUTT",
            "M. A. PETERSON",
            "M. L. ORLOWSKY",
            "L. GORDON",
            "J. P. MASTANDREA",
            "G. R. TELFORD",
            "R. G. RYAN",
            "N. P. RUFFALO",
            "T. L. ACHEY",
            "P. J. McCANN",
            "A. J. GIACOIO",
            "J. J. TATULLI"
        ]
    },
    {
        "text": "KOOL CIGARETTES",
        "box": [
            295,
            338,
            423,
            355
        ],
        "linking": [
            [
                9,
                10
            ]
        ],
        "label": "answer",
        "words": [
            {
                "text": "KOOL",
                "box": [
                    295,
                    339,
                    330,
                    352
                ]
            },
            {
                "text": "CIGARETTES",
                "box": [
                    338,
                    338,
                    423,
                    355
                ]
            }
        ],
        "id": 10,
        "neighbours": [
            "COMPETITIVE ACTIVITIES AND PROMOTIONS",
            "A. L. EVERETT, MANAGER, CHAIN ACCOUNTS - ATLANTA, GA",
            "SEPT. 27, 1991",
            "BROWN & WILLIAMSON",
            "BRAND (S) PROMOTED:",
            "SEE ATTACHMENTS",
            "G. R. TELFORD",
            "R. G. RYAN",
            "N. P. RUFFALO",
            "T. L. ACHEY",
            "P. J. McCANN",
            "A. J. GIACOIO",
            "J. J. TATULLI",
            "L. H. KERSH",
            "J. R. SLATER",
            "S. T. JONES",
            "R. S. GOLDBRENNER",
            "N. SIMEONIDIS",
            "S. F. SMITH"
        ]
    },
    {
        "text": "TYPE OF PROMOTION:",
        "box": [
            101,
            406,
            231,
            423
        ],
        "linking": [
            [
                11,
                12
            ]
        ],
        "label": "question",
        "words": [
            {
                "text": "TYPE",
                "box": [
                    101,
                    408,
                    132,
                    423
                ]
            },
            {
                "text": "OF",
                "box": [
                    134,
                    406,
                    151,
                    420
                ]
            },
            {
                "text": "PROMOTION:",
                "box": [
                    154,
                    408,
                    231,
                    422
                ]
            }
        ],
        "id": 11,
        "neighbours": [
            "DATE:",
            "MANUFACTURER:",
            "CC:",
            "COMPETITIVE ACTIVITIES AND PROMOTIONS",
            "A. L. EVERETT, MANAGER, CHAIN ACCOUNTS - ATLANTA, GA",
            "REPORTED BY:",
            "SEPT. 27, 1991",
            "BROWN & WILLIAMSON",
            "BRAND (S) PROMOTED:",
            "SEE ATTACHMENTS",
            "HOW WIDESPREAD?",
            "OTHER COMMENTS:",
            "A. H. TISCH",
            "R. H. ORCUTT",
            "M. A. PETERSON",
            "M. L. ORLOWSKY",
            "L. GORDON",
            "J. P. MASTANDREA",
            "G. R. TELFORD",
            "R. G. RYAN",
            "N. P. RUFFALO",
            "T. L. ACHEY",
            "P. J. McCANN",
            "A. J. GIACOIO",
            "J. J. TATULLI"
        ]
    },
    {
        "text": "SEE ATTACHMENTS",
        "box": [
            278,
            402,
            406,
            419
        ],
        "linking": [
            [
                11,
                12
            ]
        ],
        "label": "answer",
        "words": [
            {
                "text": "SEE",
                "box": [
                    278,
                    402,
                    305,
                    417
                ]
            },
            {
                "text": "ATTACHMENTS",
                "box": [
                    311,
                    405,
                    406,
                    419
                ]
            }
        ],
        "id": 12,
        "neighbours": [
            "DATE:",
            "COMPETITIVE ACTIVITIES AND PROMOTIONS",
            "A. L. EVERETT, MANAGER, CHAIN ACCOUNTS - ATLANTA, GA",
            "SEPT. 27, 1991",
            "BROWN & WILLIAMSON",
            "BRAND (S) PROMOTED:",
            "KOOL CIGARETTES",
            "TYPE OF PROMOTION:",
            "M. A. PETERSON",
            "M. L. ORLOWSKY",
            "J. P. MASTANDREA",
            "G. R. TELFORD",
            "R. G. RYAN",
            "N. P. RUFFALO",
            "T. L. ACHEY",
            "P. J. McCANN",
            "A. J. GIACOIO",
            "J. J. TATULLI",
            "L. H. KERSH",
            "J. R. SLATER",
            "S. T. JONES",
            "R. S. GOLDBRENNER",
            "N. SIMEONIDIS",
            "S. F. SMITH"
        ]
    },
    {
        "text": "HOW WIDESPREAD?",
        "box": [
            99,
            528,
            220,
            541
        ],
        "linking": [],
        "label": "question",
        "words": [
            {
                "text": "HOW",
                "box": [
                    99,
                    528,
                    128,
                    541
                ]
            },
            {
                "text": "WIDESPREAD?",
                "box": [
                    131,
                    528,
                    220,
                    541
                ]
            }
        ],
        "id": 13,
        "neighbours": [
            "DATE:",
            "MANUFACTURER:",
            "CC:",
            "COMPETITIVE ACTIVITIES AND PROMOTIONS",
            "A. L. EVERETT, MANAGER, CHAIN ACCOUNTS - ATLANTA, GA",
            "REPORTED BY:",
            "SEPT. 27, 1991",
            "BRAND (S) PROMOTED:",
            "TYPE OF PROMOTION:",
            "OTHER COMMENTS:",
            "A. H. TISCH",
            "R. H. ORCUTT",
            "M. A. PETERSON",
            "M. L. ORLOWSKY",
            "L. GORDON",
            "J. P. MASTANDREA"
        ]
    },
    {
        "text": "OTHER COMMENTS:",
        "box": [
            101,
            595,
            221,
            611
        ],
        "linking": [],
        "label": "question",
        "words": [
            {
                "text": "OTHER",
                "box": [
                    101,
                    596,
                    143,
                    611
                ]
            },
            {
                "text": "COMMENTS:",
                "box": [
                    144,
                    595,
                    221,
                    610
                ]
            }
        ],
        "id": 14,
        "neighbours": [
            "DATE:",
            "MANUFACTURER:",
            "CC:",
            "COMPETITIVE ACTIVITIES AND PROMOTIONS",
            "A. L. EVERETT, MANAGER, CHAIN ACCOUNTS - ATLANTA, GA",
            "REPORTED BY:",
            "SEPT. 27, 1991",
            "BRAND (S) PROMOTED:",
            "TYPE OF PROMOTION:",
            "HOW WIDESPREAD?",
            "A. H. TISCH",
            "R. H. ORCUTT",
            "M. A. PETERSON",
            "M. L. ORLOWSKY",
            "L. GORDON",
            "J. P. MASTANDREA"
        ]
    },
    {
        "text": "A. H. TISCH",
        "box": [
            124,
            768,
            196,
            783
        ],
        "linking": [
            [
                2,
                15
            ]
        ],
        "label": "answer",
        "words": [
            {
                "text": "A.",
                "box": [
                    124,
                    771,
                    137,
                    782
                ]
            },
            {
                "text": "H.",
                "box": [
                    141,
                    768,
                    152,
                    782
                ]
            },
            {
                "text": "TISCH",
                "box": [
                    155,
                    770,
                    196,
                    783
                ]
            }
        ],
        "id": 15,
        "neighbours": [
            "DATE:",
            "MANUFACTURER:",
            "CC:",
            "REPORTED BY:",
            "BRAND (S) PROMOTED:",
            "TYPE OF PROMOTION:",
            "HOW WIDESPREAD?",
            "OTHER COMMENTS:",
            "R. H. ORCUTT",
            "M. A. PETERSON",
            "M. L. ORLOWSKY",
            "L. GORDON",
            "J. P. MASTANDREA",
            "G. R. TELFORD",
            "R. G. RYAN",
            "L. H. KERSH",
            "J. R. SLATER"
        ]
    },
    {
        "text": "R. H. ORCUTT",
        "box": [
            124,
            785,
            208,
            802
        ],
        "linking": [
            [
                2,
                16
            ]
        ],
        "label": "answer",
        "words": [
            {
                "text": "R.",
                "box": [
                    124,
                    788,
                    137,
                    802
                ]
            },
            {
                "text": "H.",
                "box": [
                    141,
                    786,
                    154,
                    800
                ]
            },
            {
                "text": "ORCUTT",
                "box": [
                    158,
                    785,
                    208,
                    799
                ]
            }
        ],
        "id": 16,
        "neighbours": [
            "DATE:",
            "MANUFACTURER:",
            "CC:",
            "91355841",
            "A. L. EVERETT, MANAGER, CHAIN ACCOUNTS - ATLANTA, GA",
            "REPORTED BY:",
            "BRAND (S) PROMOTED:",
            "TYPE OF PROMOTION:",
            "HOW WIDESPREAD?",
            "OTHER COMMENTS:",
            "A. H. TISCH",
            "M. A. PETERSON",
            "M. L. ORLOWSKY",
            "L. GORDON",
            "J. P. MASTANDREA",
            "G. R. TELFORD",
            "R. G. RYAN",
            "N. P. RUFFALO",
            "L. H. KERSH",
            "J. R. SLATER",
            "S. T. JONES"
        ]
    },
    {
        "text": "M. A. PETERSON",
        "box": [
            124,
            803,
            225,
            820
        ],
        "linking": [
            [
                2,
                17
            ]
        ],
        "label": "answer",
        "words": [
            {
                "text": "M.",
                "box": [
                    124,
                    804,
                    139,
                    815
                ]
            },
            {
                "text": "A.",
                "box": [
                    142,
                    806,
                    156,
                    819
                ]
            },
            {
                "text": "PETERSON",
                "box": [
                    158,
                    803,
                    225,
                    820
                ]
            }
        ],
        "id": 17,
        "neighbours": [
            "DATE:",
            "MANUFACTURER:",
            "CC:",
            "91355841",
            "COMPETITIVE ACTIVITIES AND PROMOTIONS",
            "A. L. EVERETT, MANAGER, CHAIN ACCOUNTS - ATLANTA, GA",
            "REPORTED BY:",
            "SEPT. 27, 1991",
            "BROWN & WILLIAMSON",
            "BRAND (S) PROMOTED:",
            "TYPE OF PROMOTION:",
            "SEE ATTACHMENTS",
            "HOW WIDESPREAD?",
            "OTHER COMMENTS:",
            "A. H. TISCH",
            "R. H. ORCUTT",
            "M. L. ORLOWSKY",
            "L. GORDON",
            "J. P. MASTANDREA",
            "R. G. RYAN",
            "N. P. RUFFALO",
            "T. L. ACHEY",
            "J. R. SLATER",
            "S. T. JONES",
            "R. S. GOLDBRENNER"
        ]
    },
    {
        "text": "M. L. ORLOWSKY",
        "box": [
            124,
            820,
            225,
            835
        ],
        "linking": [
            [
                2,
                18
            ]
        ],
        "label": "answer",
        "words": [
            {
                "text": "M.",
                "box": [
                    124,
                    820,
                    138,
                    834
                ]
            },
            {
                "text": "L.",
                "box": [
                    141,
                    823,
                    154,
                    834
                ]
            },
            {
                "text": "ORLOWSKY",
                "box": [
                    155,
                    821,
                    225,
                    835
                ]
            }
        ],
        "id": 18,
        "neighbours": [
            "DATE:",
            "MANUFACTURER:",
            "CC:",
            "COMPETITIVE ACTIVITIES AND PROMOTIONS",
            "A. L. EVERETT, MANAGER, CHAIN ACCOUNTS - ATLANTA, GA",
            "REPORTED BY:",
            "SEPT. 27, 1991",
            "BROWN & WILLIAMSON",
            "BRAND (S) PROMOTED:",
            "TYPE OF PROMOTION:",
            "SEE ATTACHMENTS",
            "HOW WIDESPREAD?",
            "OTHER COMMENTS:",
            "A. H. TISCH",
            "R. H. ORCUTT",
            "M. A. PETERSON",
            "L. GORDON",
            "J. P. MASTANDREA",
            "N. P. RUFFALO",
            "T. L. ACHEY",
            "P. J. McCANN",
            "S. T. JONES",
            "R. S. GOLDBRENNER",
            "N. SIMEONIDIS"
        ]
    },
    {
        "text": "L. GORDON",
        "box": [
            126,
            838,
            194,
            852
        ],
        "linking": [
            [
                2,
                19
            ]
        ],
        "label": "answer",
        "words": [
            {
                "text": "L.",
                "box": [
                    126,
                    838,
                    137,
                    852
                ]
            },
            {
                "text": "GORDON",
                "box": [
                    140,
                    838,
                    194,
                    851
                ]
            }
        ],
        "id": 19,
        "neighbours": [
            "DATE:",
            "MANUFACTURER:",
            "CC:",
            "REPORTED BY:",
            "BRAND (S) PROMOTED:",
            "TYPE OF PROMOTION:",
            "HOW WIDESPREAD?",
            "OTHER COMMENTS:",
            "A. H. TISCH",
            "R. H. ORCUTT",
            "M. A. PETERSON",
            "M. L. ORLOWSKY",
            "J. P. MASTANDREA",
            "T. L. ACHEY",
            "P. J. McCANN",
            "A. J. GIACOIO",
            "R. S. GOLDBRENNER",
            "N. SIMEONIDIS",
            "S. F. SMITH"
        ]
    },
    {
        "text": "J. P. MASTANDREA",
        "box": [
            123,
            855,
            238,
            872
        ],
        "linking": [
            [
                2,
                20
            ]
        ],
        "label": "answer",
        "words": [
            {
                "text": "J.",
                "box": [
                    123,
                    855,
                    134,
                    869
                ]
            },
            {
                "text": "P.",
                "box": [
                    138,
                    855,
                    151,
                    872
                ]
            },
            {
                "text": "MASTANDREA",
                "box": [
                    154,
                    855,
                    238,
                    869
                ]
            }
        ],
        "id": 20,
        "neighbours": [
            "DATE:",
            "MANUFACTURER:",
            "CC:",
            "COMPETITIVE ACTIVITIES AND PROMOTIONS",
            "A. L. EVERETT, MANAGER, CHAIN ACCOUNTS - ATLANTA, GA",
            "REPORTED BY:",
            "SEPT. 27, 1991",
            "BROWN & WILLIAMSON",
            "BRAND (S) PROMOTED:",
            "TYPE OF PROMOTION:",
            "SEE ATTACHMENTS",
            "HOW WIDESPREAD?",
            "OTHER COMMENTS:",
            "A. H. TISCH",
            "R. H. ORCUTT",
            "M. A. PETERSON",
            "M. L. ORLOWSKY",
            "L. GORDON",
            "G. R. TELFORD",
            "R. G. RYAN",
            "N. P. RUFFALO",
            "T. L. ACHEY",
            "P. J. McCANN",
            "A. J. GIACOIO",
            "J. J. TATULLI",
            "N. SIMEONIDIS",
            "S. F. SMITH"
        ]
    },
    {
        "text": "G. R. TELFORD",
        "box": [
            285,
            767,
            373,
            784
        ],
        "linking": [
            [
                2,
                21
            ]
        ],
        "label": "answer",
        "words": [
            {
                "text": "G.",
                "box": [
                    285,
                    770,
                    298,
                    784
                ]
            },
            {
                "text": "R.",
                "box": [
                    300,
                    771,
                    315,
                    782
                ]
            },
            {
                "text": "TELFORD",
                "box": [
                    317,
                    767,
                    373,
                    784
                ]
            }
        ],
        "id": 21,
        "neighbours": [
            "CC:",
            "COMPETITIVE ACTIVITIES AND PROMOTIONS",
            "A. L. EVERETT, MANAGER, CHAIN ACCOUNTS - ATLANTA, GA",
            "SEPT. 27, 1991",
            "BROWN & WILLIAMSON",
            "BRAND (S) PROMOTED:",
            "KOOL CIGARETTES",
            "TYPE OF PROMOTION:",
            "SEE ATTACHMENTS",
            "A. H. TISCH",
            "R. H. ORCUTT",
            "J. P. MASTANDREA",
            "R. G. RYAN",
            "N. P. RUFFALO",
            "T. L. ACHEY",
            "P. J. McCANN",
            "A. J. GIACOIO",
            "J. J. TATULLI",
            "L. H. KERSH",
            "J. R. SLATER",
            "S. T. JONES",
            "R. S. GOLDBRENNER",
            "N. SIMEONIDIS",
            "S. F. SMITH"
        ]
    },
    {
        "text": "R. G. RYAN",
        "box": [
            284,
            785,
            353,
            800
        ],
        "linking": [
            [
                2,
                22
            ]
        ],
        "label": "answer",
        "words": [
            {
                "text": "R.",
                "box": [
                    284,
                    786,
                    297,
                    799
                ]
            },
            {
                "text": "G.",
                "box": [
                    300,
                    785,
                    313,
                    799
                ]
            },
            {
                "text": "RYAN",
                "box": [
                    317,
                    786,
                    353,
                    800
                ]
            }
        ],
        "id": 22,
        "neighbours": [
            "91355841",
            "COMPETITIVE ACTIVITIES AND PROMOTIONS",
            "A. L. EVERETT, MANAGER, CHAIN ACCOUNTS - ATLANTA, GA",
            "SEPT. 27, 1991",
            "BROWN & WILLIAMSON",
            "BRAND (S) PROMOTED:",
            "KOOL CIGARETTES",
            "TYPE OF PROMOTION:",
            "SEE ATTACHMENTS",
            "A. H. TISCH",
            "R. H. ORCUTT",
            "M. A. PETERSON",
            "J. P. MASTANDREA",
            "G. R. TELFORD",
            "N. P. RUFFALO",
            "T. L. ACHEY",
            "P. J. McCANN",
            "A. J. GIACOIO",
            "J. J. TATULLI",
            "L. H. KERSH",
            "J. R. SLATER",
            "S. T. JONES",
            "R. S. GOLDBRENNER",
            "N. SIMEONIDIS"
        ]
    },
    {
        "text": "N. P. RUFFALO",
        "box": [
            285,
            802,
            373,
            817
        ],
        "linking": [
            [
                2,
                23
            ]
        ],
        "label": "answer",
        "words": [
            {
                "text": "N.",
                "box": [
                    285,
                    803,
                    296,
                    817
                ]
            },
            {
                "text": "P.",
                "box": [
                    300,
                    802,
                    313,
                    816
                ]
            },
            {
                "text": "RUFFALO",
                "box": [
                    316,
                    803,
                    373,
                    817
                ]
            }
        ],
        "id": 23,
        "neighbours": [
            "91355841",
            "COMPETITIVE ACTIVITIES AND PROMOTIONS",
            "A. L. EVERETT, MANAGER, CHAIN ACCOUNTS - ATLANTA, GA",
            "SEPT. 27, 1991",
            "BROWN & WILLIAMSON",
            "BRAND (S) PROMOTED:",
            "KOOL CIGARETTES",
            "TYPE OF PROMOTION:",
            "SEE ATTACHMENTS",
            "R. H. ORCUTT",
            "M. A. PETERSON",
            "M. L. ORLOWSKY",
            "J. P. MASTANDREA",
            "G. R. TELFORD",
            "R. G. RYAN",
            "T. L. ACHEY",
            "P. J. McCANN",
            "A. J. GIACOIO",
            "J. J. TATULLI",
            "L. H. KERSH",
            "J. R. SLATER",
            "S. T. JONES",
            "R. S. GOLDBRENNER",
            "N. SIMEONIDIS",
            "S. F. SMITH"
        ]
    },
    {
        "text": "T. L. ACHEY",
        "box": [
            284,
            820,
            356,
            835
        ],
        "linking": [
            [
                2,
                24
            ]
        ],
        "label": "answer",
        "words": [
            {
                "text": "T.",
                "box": [
                    284,
                    820,
                    295,
                    835
                ]
            },
            {
                "text": "L.",
                "box": [
                    299,
                    820,
                    310,
                    835
                ]
            },
            {
                "text": "ACHEY",
                "box": [
                    310,
                    820,
                    356,
                    834
                ]
            }
        ],
        "id": 24,
        "neighbours": [
            "COMPETITIVE ACTIVITIES AND PROMOTIONS",
            "A. L. EVERETT, MANAGER, CHAIN ACCOUNTS - ATLANTA, GA",
            "SEPT. 27, 1991",
            "BROWN & WILLIAMSON",
            "BRAND (S) PROMOTED:",
            "KOOL CIGARETTES",
            "TYPE OF PROMOTION:",
            "SEE ATTACHMENTS",
            "M. A. PETERSON",
            "M. L. ORLOWSKY",
            "L. GORDON",
            "J. P. MASTANDREA",
            "G. R. TELFORD",
            "R. G. RYAN",
            "N. P. RUFFALO",
            "P. J. McCANN",
            "A. J. GIACOIO",
            "J. J. TATULLI",
            "L. H. KERSH",
            "J. R. SLATER",
            "S. T. JONES",
            "R. S. GOLDBRENNER",
            "N. SIMEONIDIS",
            "S. F. SMITH"
        ]
    },
    {
        "text": "P. J. McCANN",
        "box": [
            284,
            838,
            367,
            853
        ],
        "linking": [
            [
                2,
                25
            ]
        ],
        "label": "answer",
        "words": [
            {
                "text": "P.",
                "box": [
                    284,
                    838,
                    298,
                    852
                ]
            },
            {
                "text": "J.",
                "box": [
                    299,
                    839,
                    312,
                    852
                ]
            },
            {
                "text": "McCANN",
                "box": [
                    314,
                    838,
                    367,
                    853
                ]
            }
        ],
        "id": 25,
        "neighbours": [
            "COMPETITIVE ACTIVITIES AND PROMOTIONS",
            "A. L. EVERETT, MANAGER, CHAIN ACCOUNTS - ATLANTA, GA",
            "SEPT. 27, 1991",
            "BROWN & WILLIAMSON",
            "BRAND (S) PROMOTED:",
            "KOOL CIGARETTES",
            "TYPE OF PROMOTION:",
            "SEE ATTACHMENTS",
            "M. L. ORLOWSKY",
            "L. GORDON",
            "J. P. MASTANDREA",
            "G. R. TELFORD",
            "R. G. RYAN",
            "N. P. RUFFALO",
            "T. L. ACHEY",
            "A. J. GIACOIO",
            "J. J. TATULLI",
            "L. H. KERSH",
            "J. R. SLATER",
            "S. T. JONES",
            "R. S. GOLDBRENNER",
            "N. SIMEONIDIS",
            "S. F. SMITH"
        ]
    },
    {
        "text": "A. J. GIACOIO",
        "box": [
            282,
            856,
            370,
            869
        ],
        "linking": [
            [
                2,
                26
            ]
        ],
        "label": "answer",
        "words": [
            {
                "text": "A.",
                "box": [
                    282,
                    856,
                    296,
                    869
                ]
            },
            {
                "text": "J.",
                "box": [
                    300,
                    858,
                    311,
                    869
                ]
            },
            {
                "text": "GIACOIO",
                "box": [
                    311,
                    856,
                    370,
                    869
                ]
            }
        ],
        "id": 26,
        "neighbours": [
            "COMPETITIVE ACTIVITIES AND PROMOTIONS",
            "A. L. EVERETT, MANAGER, CHAIN ACCOUNTS - ATLANTA, GA",
            "SEPT. 27, 1991",
            "BROWN & WILLIAMSON",
            "BRAND (S) PROMOTED:",
            "KOOL CIGARETTES",
            "TYPE OF PROMOTION:",
            "SEE ATTACHMENTS",
            "L. GORDON",
            "J. P. MASTANDREA",
            "G. R. TELFORD",
            "R. G. RYAN",
            "N. P. RUFFALO",
            "T. L. ACHEY",
            "P. J. McCANN",
            "J. J. TATULLI",
            "L. H. KERSH",
            "J. R. SLATER",
            "S. T. JONES",
            "R. S. GOLDBRENNER",
            "N. SIMEONIDIS",
            "S. F. SMITH"
        ]
    },
    {
        "text": "J. J. TATULLI",
        "box": [
            284,
            872,
            361,
            886
        ],
        "linking": [
            [
                2,
                27
            ]
        ],
        "label": "answer",
        "words": [
            {
                "text": "J.",
                "box": [
                    284,
                    873,
                    295,
                    886
                ]
            },
            {
                "text": "J.",
                "box": [
                    297,
                    872,
                    310,
                    886
                ]
            },
            {
                "text": "TATULLI",
                "box": [
                    314,
                    874,
                    361,
                    885
                ]
            }
        ],
        "id": 27,
        "neighbours": [
            "COMPETITIVE ACTIVITIES AND PROMOTIONS",
            "A. L. EVERETT, MANAGER, CHAIN ACCOUNTS - ATLANTA, GA",
            "SEPT. 27, 1991",
            "BROWN & WILLIAMSON",
            "BRAND (S) PROMOTED:",
            "KOOL CIGARETTES",
            "TYPE OF PROMOTION:",
            "SEE ATTACHMENTS",
            "J. P. MASTANDREA",
            "G. R. TELFORD",
            "R. G. RYAN",
            "N. P. RUFFALO",
            "T. L. ACHEY",
            "P. J. McCANN",
            "A. J. GIACOIO",
            "L. H. KERSH",
            "J. R. SLATER",
            "S. T. JONES",
            "R. S. GOLDBRENNER",
            "N. SIMEONIDIS",
            "S. F. SMITH"
        ]
    },
    {
        "text": "L. H. KERSH",
        "box": [
            406,
            770,
            482,
            784
        ],
        "linking": [
            [
                2,
                28
            ]
        ],
        "label": "answer",
        "words": [
            {
                "text": "L.",
                "box": [
                    406,
                    771,
                    417,
                    784
                ]
            },
            {
                "text": "H.",
                "box": [
                    420,
                    770,
                    434,
                    784
                ]
            },
            {
                "text": "KERSH",
                "box": [
                    439,
                    771,
                    482,
                    784
                ]
            }
        ],
        "id": 28,
        "neighbours": [
            "CC:",
            "SEPT. 27, 1991",
            "BROWN & WILLIAMSON",
            "KOOL CIGARETTES",
            "SEE ATTACHMENTS",
            "A. H. TISCH",
            "R. H. ORCUTT",
            "G. R. TELFORD",
            "R. G. RYAN",
            "N. P. RUFFALO",
            "T. L. ACHEY",
            "P. J. McCANN",
            "A. J. GIACOIO",
            "J. J. TATULLI",
            "J. R. SLATER",
            "S. T. JONES",
            "R. S. GOLDBRENNER",
            "N. SIMEONIDIS",
            "S. F. SMITH"
        ]
    },
    {
        "text": "J. R. SLATER",
        "box": [
            408,
            785,
            484,
            802
        ],
        "linking": [
            [
                2,
                29
            ]
        ],
        "label": "answer",
        "words": [
            {
                "text": "J.",
                "box": [
                    408,
                    788,
                    419,
                    801
                ]
            },
            {
                "text": "R.",
                "box": [
                    422,
                    788,
                    435,
                    802
                ]
            },
            {
                "text": "SLATER",
                "box": [
                    437,
                    785,
                    484,
                    802
                ]
            }
        ],
        "id": 29,
        "neighbours": [
            "91355841",
            "SEPT. 27, 1991",
            "BROWN & WILLIAMSON",
            "KOOL CIGARETTES",
            "SEE ATTACHMENTS",
            "A. H. TISCH",
            "R. H. ORCUTT",
            "M. A. PETERSON",
            "G. R. TELFORD",
            "R. G. RYAN",
            "N. P. RUFFALO",
            "T. L. ACHEY",
            "P. J. McCANN",
            "A. J. GIACOIO",
            "J. J. TATULLI",
            "L. H. KERSH",
            "S. T. JONES",
            "R. S. GOLDBRENNER",
            "N. SIMEONIDIS",
            "S. F. SMITH"
        ]
    },
    {
        "text": "S. T. JONES",
        "box": [
            406,
            803,
            482,
            818
        ],
        "linking": [
            [
                2,
                30
            ]
        ],
        "label": "answer",
        "words": [
            {
                "text": "S.",
                "box": [
                    406,
                    804,
                    420,
                    818
                ]
            },
            {
                "text": "T.",
                "box": [
                    423,
                    804,
                    436,
                    815
                ]
            },
            {
                "text": "JONES",
                "box": [
                    439,
                    803,
                    482,
                    818
                ]
            }
        ],
        "id": 30,
        "neighbours": [
            "91355841",
            "SEPT. 27, 1991",
            "BROWN & WILLIAMSON",
            "KOOL CIGARETTES",
            "SEE ATTACHMENTS",
            "R. H. ORCUTT",
            "M. A. PETERSON",
            "M. L. ORLOWSKY",
            "G. R. TELFORD",
            "R. G. RYAN",
            "N. P. RUFFALO",
            "T. L. ACHEY",
            "P. J. McCANN",
            "A. J. GIACOIO",
            "J. J. TATULLI",
            "L. H. KERSH",
            "J. R. SLATER",
            "R. S. GOLDBRENNER",
            "N. SIMEONIDIS",
            "S. F. SMITH"
        ]
    },
    {
        "text": "R. S. GOLDBRENNER",
        "box": [
            406,
            820,
            534,
            834
        ],
        "linking": [
            [
                2,
                31
            ]
        ],
        "label": "answer",
        "words": [
            {
                "text": "R.",
                "box": [
                    406,
                    821,
                    420,
                    834
                ]
            },
            {
                "text": "S.",
                "box": [
                    423,
                    820,
                    436,
                    834
                ]
            },
            {
                "text": "GOLDBRENNER",
                "box": [
                    440,
                    821,
                    534,
                    834
                ]
            }
        ],
        "id": 31,
        "neighbours": [
            "COMPETITIVE ACTIVITIES AND PROMOTIONS",
            "SEPT. 27, 1991",
            "BROWN & WILLIAMSON",
            "KOOL CIGARETTES",
            "SEE ATTACHMENTS",
            "M. A. PETERSON",
            "M. L. ORLOWSKY",
            "L. GORDON",
            "G. R. TELFORD",
            "R. G. RYAN",
            "N. P. RUFFALO",
            "T. L. ACHEY",
            "P. J. McCANN",
            "A. J. GIACOIO",
            "J. J. TATULLI",
            "L. H. KERSH",
            "J. R. SLATER",
            "S. T. JONES",
            "N. SIMEONIDIS",
            "S. F. SMITH"
        ]
    },
    {
        "text": "N. SIMEONIDIS",
        "box": [
            406,
            838,
            498,
            853
        ],
        "linking": [
            [
                2,
                32
            ]
        ],
        "label": "answer",
        "words": [
            {
                "text": "N.",
                "box": [
                    406,
                    839,
                    421,
                    852
                ]
            },
            {
                "text": "SIMEONIDIS",
                "box": [
                    425,
                    838,
                    498,
                    853
                ]
            }
        ],
        "id": 32,
        "neighbours": [
            "SEPT. 27, 1991",
            "BROWN & WILLIAMSON",
            "KOOL CIGARETTES",
            "SEE ATTACHMENTS",
            "M. L. ORLOWSKY",
            "L. GORDON",
            "J. P. MASTANDREA",
            "G. R. TELFORD",
            "R. G. RYAN",
            "N. P. RUFFALO",
            "T. L. ACHEY",
            "P. J. McCANN",
            "A. J. GIACOIO",
            "J. J. TATULLI",
            "L. H. KERSH",
            "J. R. SLATER",
            "S. T. JONES",
            "R. S. GOLDBRENNER",
            "S. F. SMITH"
        ]
    },
    {
        "text": "S. F. SMITH",
        "box": [
            408,
            855,
            478,
            869
        ],
        "linking": [
            [
                2,
                33
            ]
        ],
        "label": "answer",
        "words": [
            {
                "text": "S.",
                "box": [
                    408,
                    855,
                    421,
                    869
                ]
            },
            {
                "text": "F.",
                "box": [
                    422,
                    856,
                    435,
                    867
                ]
            },
            {
                "text": "SMITH",
                "box": [
                    439,
                    856,
                    478,
                    869
                ]
            }
        ],
        "id": 33,
        "neighbours": [
            "SEPT. 27, 1991",
            "BROWN & WILLIAMSON",
            "KOOL CIGARETTES",
            "SEE ATTACHMENTS",
            "L. GORDON",
            "J. P. MASTANDREA",
            "G. R. TELFORD",
            "N. P. RUFFALO",
            "T. L. ACHEY",
            "P. J. McCANN",
            "A. J. GIACOIO",
            "J. J. TATULLI",
            "L. H. KERSH",
            "J. R. SLATER",
            "S. T. JONES",
            "R. S. GOLDBRENNER",
            "N. SIMEONIDIS"
        ]
    }
]