[
    {
        "box": [
            108,
            117,
            154,
            134
        ],
        "text": "FROM:",
        "label": "question",
        "words": [
            {
                "box": [
                    108,
                    117,
                    154,
                    134
                ],
                "text": "FROM:"
            }
        ],
        "linking": [
            [
                0,
                16
            ]
        ],
        "id": 0,
        "neighbours": [
            "TO:",
            "CC:",
            "MEDIA",
            "CIRCULATION",
            "THOM SMITH",
            "VINCE LOSITO",
            "T. BAYLIES, L GIORDANO, V. LINDSLEY, M. MCGLYNN, S RAPISARLDI,",
            "BRANDS(S) APPLICABLE",
            "ISSUE FREQUENCY/ YEAR",
            "SPACE/ COLOR",
            "COUPON ISSUE DATE",
            "COUPON EXPIRATION DATE",
            "GEOGRAPHICAL AREA(S)",
            "COUPON VALUE",
            "PACK AND OR/ CARTOCARTON",
            "ADVERTISING CREATIVE THEME",
            "SIGNATURE OF INITIATOR",
            "DATE INITIATED",
            "ANALYTICAL REQUIREMENTS:"
        ]
    },
    {
        "box": [
            108,
            152,
            133,
            165
        ],
        "text": "TO:",
        "label": "question",
        "words": [
            {
                "box": [
                    108,
                    152,
                    133,
                    165
                ],
                "text": "TO:"
            }
        ],
        "linking": [
            [
                1,
                17
            ]
        ],
        "id": 1,
        "neighbours": [
            "FROM:",
            "CC:",
            "MEDIA",
            "CIRCULATION",
            "THOM SMITH",
            "VINCE LOSITO",
            "T. BAYLIES, L GIORDANO, V. LINDSLEY, M. MCGLYNN, S RAPISARLDI,",
            "B. maj ",
            "BRANDS(S) APPLICABLE",
            "ISSUE FREQUENCY/ YEAR",
            "SPACE/ COLOR",
            "COUPON ISSUE DATE",
            "COUPON EXPIRATION DATE",
            "GEOGRAPHICAL AREA(S)",
            "COUPON VALUE",
            "PACK AND OR/ CARTOCARTON",
            "ADVERTISING CREATIVE THEME",
            "SIGNATURE OF INITIATOR",
            "DATE INITIATED",
            "ANALYTICAL REQUIREMENTS:"
        ]
    },
    {
        "box": [
            108,
            184,
            133,
            197
        ],
        "text": "CC:",
        "label": "question",
        "words": [
            {
                "box": [
                    108,
                    184,
                    133,
                    197
                ],
                "text": "CC:"
            }
        ],
        "linking": [
            [
                2,
                18
            ]
        ],
        "id": 2,
        "neighbours": [
            "FROM:",
            "TO:",
            "MEDIA",
            "CIRCULATION",
            "THOM SMITH",
            "VINCE LOSITO",
            "T. BAYLIES, L GIORDANO, V. LINDSLEY, M. MCGLYNN, S RAPISARLDI,",
            "B. maj ",
            "BRANDS(S) APPLICABLE",
            "ISSUE FREQUENCY/ YEAR",
            "SPACE/ COLOR",
            "COUPON ISSUE DATE",
            "COUPON EXPIRATION DATE",
            "GEOGRAPHICAL AREA(S)",
            "COUPON VALUE",
            "PACK AND OR/ CARTOCARTON",
            "ADVERTISING CREATIVE THEME",
            "SIGNATURE OF INITIATOR",
            "DATE INITIATED",
            "ANALYTICAL REQUIREMENTS:"
        ]
    },
    {
        "box": [
            108,
            282,
            150,
            296
        ],
        "text": "MEDIA",
        "label": "question",
        "words": [
            {
                "box": [
                    108,
                    282,
                    150,
                    296
                ],
                "text": "MEDIA"
            }
        ],
        "linking": [
            [
                3,
                21
            ]
        ],
        "id": 3,
        "neighbours": [
            "FROM:",
            "TO:",
            "CC:",
            "CIRCULATION",
            "THOM SMITH",
            "VINCE LOSITO",
            "T. BAYLIES, L GIORDANO, V. LINDSLEY, M. MCGLYNN, S RAPISARLDI,",
            "MAGAZINE- HOT ROD",
            "BRANDS(S) APPLICABLE",
            "ISSUE FREQUENCY/ YEAR",
            "SPACE/ COLOR",
            "COUPON ISSUE DATE",
            "COUPON EXPIRATION DATE",
            "GEOGRAPHICAL AREA(S)",
            "COUPON VALUE",
            "PACK AND OR/ CARTOCARTON",
            "ADVERTISING CREATIVE THEME",
            "SIGNATURE OF INITIATOR",
            "DATE INITIATED",
            "ANALYTICAL REQUIREMENTS:"
        ]
    },
    {
        "box": [
            108,
            459,
            197,
            476
        ],
        "text": "CIRCULATION",
        "label": "question",
        "words": [
            {
                "box": [
                    108,
                    459,
                    197,
                    476
                ],
                "text": "CIRCULATION"
            }
        ],
        "linking": [
            [
                4,
                8
            ]
        ],
        "id": 4,
        "neighbours": [
            "FROM:",
            "TO:",
            "CC:",
            "MEDIA",
            "25,461",
            "THOM SMITH",
            "VINCE LOSITO",
            "T. BAYLIES, L GIORDANO, V. LINDSLEY, M. MCGLYNN, S RAPISARLDI,",
            "BRANDS(S) APPLICABLE",
            "ISSUE FREQUENCY/ YEAR",
            "SPACE/ COLOR",
            "COUPON ISSUE DATE",
            "COUPON EXPIRATION DATE",
            "GEOGRAPHICAL AREA(S)",
            "COUPON VALUE",
            "PACK AND OR/ CARTOCARTON",
            "ADVERTISING CREATIVE THEME",
            "SIGNATURE OF INITIATOR",
            "DATE INITIATED",
            "ANALYTICAL REQUIREMENTS:"
        ]
    },
    {
        "box": [
            337,
            311,
            348,
            324
        ],
        "text": "1",
        "label": "answer",
        "words": [
            {
                "box": [
                    337,
                    311,
                    348,
                    324
                ],
                "text": "1"
            }
        ],
        "linking": [
            [
                23,
                5
            ]
        ],
        "id": 5,
        "neighbours": [
            "5/19/93",
            "11/30/93",
            "25,461",
            "PACK",
            "2/3/93",
            "COUPON CODE REGISTRATION FORM",
            "HARLEY- DAVIDSON",
            "MAGAZINE- HOT ROD",
            "ISSUE FREQUENCY/ YEAR",
            "FULL PAGE",
            "COUPON EXPIRATION DATE",
            "TOTAL HOUSTON, GALVESTON, MINNEAPOLIS, ST. PAUL, DULUTH",
            "$ .75 OFF 1 PACK",
            "ADVERTISING CREATIVE THEME",
            "BLUE SKY",
            "ANALYTICAL REQUIREMENTS:",
            "FOR CONTROL USE ONLY:",
            "CODE ASSIGNED:",
            "JOB NUMBER:",
            "EST. REDEMPTION:"
        ]
    },
    {
        "box": [
            335,
            381,
            392,
            396
        ],
        "text": "5/19/93",
        "label": "answer",
        "words": [
            {
                "box": [
                    335,
                    381,
                    392,
                    396
                ],
                "text": "5/19/93"
            }
        ],
        "linking": [
            [
                26,
                6
            ]
        ],
        "id": 6,
        "neighbours": [
            "1",
            "11/30/93",
            "25,461",
            "PACK",
            "2/3/93",
            "COUPON CODE REGISTRATION FORM",
            "HARLEY- DAVIDSON",
            "MAGAZINE- HOT ROD",
            "FULL PAGE",
            "COUPON ISSUE DATE",
            "COUPON EXPIRATION DATE",
            "TOTAL HOUSTON, GALVESTON, MINNEAPOLIS, ST. PAUL, DULUTH",
            "$ .75 OFF 1 PACK",
            "ADVERTISING CREATIVE THEME",
            "BLUE SKY",
            "",
            "ANALYTICAL REQUIREMENTS:",
            "FOR CONTROL USE ONLY:",
            "CODE ASSIGNED:",
            "JOB NUMBER:",
            "EST. REDEMPTION:"
        ]
    },
    {
        "box": [
            337,
            409,
            401,
            426
        ],
        "text": "11/30/93",
        "label": "answer",
        "words": [
            {
                "box": [
                    337,
                    409,
                    401,
                    426
                ],
                "text": "11/30/93"
            }
        ],
        "linking": [
            [
                27,
                7
            ]
        ],
        "id": 7,
        "neighbours": [
            "1",
            "5/19/93",
            "25,461",
            "PACK",
            "2/3/93",
            "COUPON CODE REGISTRATION FORM",
            "HARLEY- DAVIDSON",
            "MAGAZINE- HOT ROD",
            "FULL PAGE",
            "COUPON EXPIRATION DATE",
            "TOTAL HOUSTON, GALVESTON, MINNEAPOLIS, ST. PAUL, DULUTH",
            "$ .75 OFF 1 PACK",
            "ADVERTISING CREATIVE THEME",
            "BLUE SKY",
            "",
            "ANALYTICAL REQUIREMENTS:",
            "FOR CONTROL USE ONLY:",
            "CODE ASSIGNED:",
            "JOB NUMBER:",
            "EST. REDEMPTION:"
        ]
    },
    {
        "box": [
            334,
            473,
            383,
            488
        ],
        "text": "25,461",
        "label": "answer",
        "words": [
            {
                "box": [
                    334,
                    473,
                    383,
                    488
                ],
                "text": "25,461"
            }
        ],
        "linking": [
            [
                4,
                8
            ]
        ],
        "id": 8,
        "neighbours": [
            "CIRCULATION",
            "1",
            "5/19/93",
            "11/30/93",
            "PACK",
            "2/3/93",
            "COUPON CODE REGISTRATION FORM",
            "HARLEY- DAVIDSON",
            "MAGAZINE- HOT ROD",
            "FULL PAGE",
            "COUPON EXPIRATION DATE",
            "TOTAL HOUSTON, GALVESTON, MINNEAPOLIS, ST. PAUL, DULUTH",
            "$ .75 OFF 1 PACK",
            "ADVERTISING CREATIVE THEME",
            "BLUE SKY",
            "",
            "ANALYTICAL REQUIREMENTS:",
            "FOR CONTROL USE ONLY:",
            "CODE ASSIGNED:",
            "JOB NUMBER:",
            "EST. REDEMPTION:"
        ]
    },
    {
        "box": [
            337,
            571,
            373,
            584
        ],
        "text": "PACK",
        "label": "answer",
        "words": [
            {
                "box": [
                    337,
                    571,
                    373,
                    584
                ],
                "text": "PACK"
            }
        ],
        "linking": [
            [
                32,
                9
            ]
        ],
        "id": 9,
        "neighbours": [
            "1",
            "5/19/93",
            "11/30/93",
            "25,461",
            "2/3/93",
            "COUPON CODE REGISTRATION FORM",
            "HARLEY- DAVIDSON",
            "MAGAZINE- HOT ROD",
            "FULL PAGE",
            "COUPON EXPIRATION DATE",
            "TOTAL HOUSTON, GALVESTON, MINNEAPOLIS, ST. PAUL, DULUTH",
            "$ .75 OFF 1 PACK",
            "PACK AND OR/ CARTOCARTON",
            "ADVERTISING CREATIVE THEME",
            "BLUE SKY",
            "",
            "ANALYTICAL REQUIREMENTS:",
            "FOR CONTROL USE ONLY:",
            "CODE ASSIGNED:",
            "JOB NUMBER:",
            "EST. REDEMPTION:"
        ]
    },
    {
        "box": [
            366,
            655,
            444,
            694
        ],
        "text": "2/3/93",
        "label": "answer",
        "words": [
            {
                "box": [
                    366,
                    655,
                    444,
                    694
                ],
                "text": "2/3/93"
            }
        ],
        "linking": [
            [
                37,
                10
            ]
        ],
        "id": 10,
        "neighbours": [
            "1",
            "5/19/93",
            "11/30/93",
            "25,461",
            "PACK",
            "COUPON CODE REGISTRATION FORM",
            "HARLEY- DAVIDSON",
            "MAGAZINE- HOT ROD",
            "FULL PAGE",
            "TOTAL HOUSTON, GALVESTON, MINNEAPOLIS, ST. PAUL, DULUTH",
            "$ .75 OFF 1 PACK",
            "ADVERTISING CREATIVE THEME",
            "BLUE SKY",
            "SIGNATURE OF INITIATOR",
            "",
            "DATE INITIATED",
            "ANALYTICAL REQUIREMENTS:",
            "FOR CONTROL USE ONLY:",
            "CODE ASSIGNED:",
            "JOB NUMBER:",
            "EST. REDEMPTION:"
        ]
    },
    {
        "box": [
            554,
            761,
            604,
            781
        ],
        "text": "8482",
        "label": "answer",
        "words": [
            {
                "box": [
                    554,
                    761,
                    604,
                    781
                ],
                "text": "8482"
            }
        ],
        "linking": [
            [
                41,
                11
            ]
        ],
        "id": 11,
        "neighbours": [
            "1.54",
            "9076",
            "91391286",
            "COUPON CODE REGISTRATION FORM",
            "T. BAYLIES, L GIORDANO, V. LINDSLEY, M. MCGLYNN, S RAPISARLDI,",
            "B. maj ",
            "",
            "FOR CONTROL USE ONLY:",
            "93- 056",
            "CODE ASSIGNED:",
            "JOB NUMBER:"
        ]
    },
    {
        "box": [
            581,
            797,
            626,
            814
        ],
        "text": "1.54",
        "label": "answer",
        "words": [
            {
                "box": [
                    581,
                    797,
                    626,
                    814
                ],
                "text": "1.54"
            }
        ],
        "linking": [
            [
                43,
                12
            ]
        ],
        "id": 12,
        "neighbours": [
            "8482",
            "9076",
            "COUPON CODE REGISTRATION FORM",
            "T. BAYLIES, L GIORDANO, V. LINDSLEY, M. MCGLYNN, S RAPISARLDI,",
            "B. maj ",
            "",
            "93- 056",
            "JOB NUMBER:",
            "EST. REDEMPTION:"
        ]
    },
    {
        "box": [
            568,
            781,
            620,
            796
        ],
        "text": "9076",
        "label": "answer",
        "words": [
            {
                "box": [
                    568,
                    781,
                    620,
                    796
                ],
                "text": "9076"
            }
        ],
        "linking": [
            [
                42,
                13
            ]
        ],
        "id": 13,
        "neighbours": [
            "8482",
            "1.54",
            "91391286",
            "COUPON CODE REGISTRATION FORM",
            "T. BAYLIES, L GIORDANO, V. LINDSLEY, M. MCGLYNN, S RAPISARLDI,",
            "B. maj ",
            "",
            "93- 056",
            "CODE ASSIGNED:",
            "JOB NUMBER:",
            "EST. REDEMPTION:"
        ]
    },
    {
        "box": [
            742,
            774,
            760,
            847
        ],
        "text": "91391286",
        "label": "other",
        "words": [
            {
                "box": [
                    742,
                    774,
                    760,
                    847
                ],
                "text": "91391286"
            }
        ],
        "linking": [],
        "id": 14,
        "neighbours": [
            "8482",
            "1.54",
            "9076",
            "TOTAL HOUSTON, GALVESTON, MINNEAPOLIS, ST. PAUL, DULUTH",
            "CODE ASSIGNED:",
            "JOB NUMBER:",
            "EST. REDEMPTION:"
        ]
    },
    {
        "text": "COUPON CODE REGISTRATION FORM",
        "box": [
            328,
            82,
            571,
            99
        ],
        "linking": [],
        "label": "header",
        "words": [
            {
                "text": "COUPON",
                "box": [
                    328,
                    85,
                    387,
                    99
                ]
            },
            {
                "text": "CODE",
                "box": [
                    387,
                    84,
                    429,
                    99
                ]
            },
            {
                "text": "REGISTRATION",
                "box": [
                    429,
                    84,
                    527,
                    98
                ]
            },
            {
                "text": "FORM",
                "box": [
                    529,
                    82,
                    571,
                    99
                ]
            }
        ],
        "id": 15,
        "neighbours": [
            "1",
            "5/19/93",
            "11/30/93",
            "25,461",
            "PACK",
            "2/3/93",
            "8482",
            "1.54",
            "9076",
            "T. BAYLIES, L GIORDANO, V. LINDSLEY, M. MCGLYNN, S RAPISARLDI,",
            "B. maj ",
            "HARLEY- DAVIDSON",
            "MAGAZINE- HOT ROD",
            "ISSUE FREQUENCY/ YEAR",
            "FULL PAGE",
            "COUPON EXPIRATION DATE",
            "TOTAL HOUSTON, GALVESTON, MINNEAPOLIS, ST. PAUL, DULUTH",
            "$ .75 OFF 1 PACK",
            "ADVERTISING CREATIVE THEME",
            "BLUE SKY",
            "SIGNATURE OF INITIATOR",
            "",
            "ANALYTICAL REQUIREMENTS:",
            "FOR CONTROL USE ONLY:",
            "93- 056",
            "CODE ASSIGNED:",
            "JOB NUMBER:",
            "EST. REDEMPTION:"
        ]
    },
    {
        "text": "THOM SMITH",
        "box": [
            161,
            117,
            245,
            132
        ],
        "linking": [
            [
                0,
                16
            ]
        ],
        "label": "answer",
        "words": [
            {
                "text": "THOM",
                "box": [
                    161,
                    117,
                    200,
                    132
                ]
            },
            {
                "text": "SMITH",
                "box": [
                    203,
                    117,
                    245,
                    131
                ]
            }
        ],
        "id": 16,
        "neighbours": [
            "FROM:",
            "TO:",
            "CC:",
            "MEDIA",
            "CIRCULATION",
            "VINCE LOSITO",
            "T. BAYLIES, L GIORDANO, V. LINDSLEY, M. MCGLYNN, S RAPISARLDI,",
            "BRANDS(S) APPLICABLE",
            "ISSUE FREQUENCY/ YEAR",
            "SPACE/ COLOR",
            "COUPON ISSUE DATE",
            "COUPON EXPIRATION DATE",
            "GEOGRAPHICAL AREA(S)",
            "COUPON VALUE",
            "PACK AND OR/ CARTOCARTON",
            "ADVERTISING CREATIVE THEME",
            "SIGNATURE OF INITIATOR",
            "DATE INITIATED",
            "ANALYTICAL REQUIREMENTS:"
        ]
    },
    {
        "text": "VINCE LOSITO",
        "box": [
            148,
            149,
            242,
            164
        ],
        "linking": [
            [
                1,
                17
            ]
        ],
        "label": "answer",
        "words": [
            {
                "text": "VINCE",
                "box": [
                    148,
                    149,
                    190,
                    164
                ]
            },
            {
                "text": "LOSITO",
                "box": [
                    189,
                    149,
                    242,
                    164
                ]
            }
        ],
        "id": 17,
        "neighbours": [
            "FROM:",
            "TO:",
            "CC:",
            "MEDIA",
            "CIRCULATION",
            "THOM SMITH",
            "T. BAYLIES, L GIORDANO, V. LINDSLEY, M. MCGLYNN, S RAPISARLDI,",
            "B. maj ",
            "BRANDS(S) APPLICABLE",
            "ISSUE FREQUENCY/ YEAR",
            "SPACE/ COLOR",
            "COUPON ISSUE DATE",
            "COUPON EXPIRATION DATE",
            "GEOGRAPHICAL AREA(S)",
            "COUPON VALUE",
            "PACK AND OR/ CARTOCARTON",
            "ADVERTISING CREATIVE THEME",
            "SIGNATURE OF INITIATOR",
            "DATE INITIATED",
            "ANALYTICAL REQUIREMENTS:"
        ]
    },
    {
        "text": "T. BAYLIES, L GIORDANO, V. LINDSLEY, M. MCGLYNN, S RAPISARLDI,",
        "box": [
            145,
            180,
            591,
            198
        ],
        "linking": [
            [
                2,
                18
            ]
        ],
        "label": "answer",
        "words": [
            {
                "text": "T.",
                "box": [
                    145,
                    183,
                    163,
                    197
                ]
            },
            {
                "text": "BAYLIES,",
                "box": [
                    162,
                    183,
                    225,
                    197
                ]
            },
            {
                "text": "L",
                "box": [
                    225,
                    183,
                    236,
                    197
                ]
            },
            {
                "text": "GIORDANO,",
                "box": [
                    240,
                    183,
                    318,
                    198
                ]
            },
            {
                "text": "V.",
                "box": [
                    316,
                    183,
                    333,
                    197
                ]
            },
            {
                "text": "LINDSLEY,",
                "box": [
                    332,
                    182,
                    403,
                    197
                ]
            },
            {
                "text": "M.",
                "box": [
                    401,
                    182,
                    421,
                    196
                ]
            },
            {
                "text": "MCGLYNN,",
                "box": [
                    423,
                    180,
                    490,
                    194
                ]
            },
            {
                "text": "S",
                "box": [
                    490,
                    182,
                    508,
                    197
                ]
            },
            {
                "text": "RAPISARLDI,",
                "box": [
                    507,
                    182,
                    591,
                    196
                ]
            }
        ],
        "id": 18,
        "neighbours": [
            "FROM:",
            "TO:",
            "CC:",
            "MEDIA",
            "CIRCULATION",
            "1",
            "5/19/93",
            "11/30/93",
            "25,461",
            "PACK",
            "2/3/93",
            "8482",
            "1.54",
            "9076",
            "COUPON CODE REGISTRATION FORM",
            "THOM SMITH",
            "VINCE LOSITO",
            "B. maj ",
            "HARLEY- DAVIDSON",
            "MAGAZINE- HOT ROD",
            "BRANDS(S) APPLICABLE",
            "ISSUE FREQUENCY/ YEAR",
            "SPACE/ COLOR",
            "FULL PAGE",
            "COUPON ISSUE DATE",
            "COUPON EXPIRATION DATE",
            "GEOGRAPHICAL AREA(S)",
            "TOTAL HOUSTON, GALVESTON, MINNEAPOLIS, ST. PAUL, DULUTH",
            "COUPON VALUE",
            "$ .75 OFF 1 PACK",
            "PACK AND OR/ CARTOCARTON",
            "ADVERTISING CREATIVE THEME",
            "BLUE SKY",
            "SIGNATURE OF INITIATOR",
            "",
            "DATE INITIATED",
            "ANALYTICAL REQUIREMENTS:",
            "FOR CONTROL USE ONLY:",
            "93- 056",
            "CODE ASSIGNED:",
            "JOB NUMBER:",
            "EST. REDEMPTION:"
        ]
    },
    {
        "text": "B. maj ",
        "box": [
            589,
            165,
            659,
            194
        ],
        "linking": [],
        "label": "other",
        "words": [
            {
                "text": "B.",
                "box": [
                    589,
                    172,
                    610,
                    194
                ]
            },
            {
                "text": "maj",
                "box": [
                    613,
                    176,
                    642,
                    194
                ]
            },
            {
                "text": "",
                "box": [
                    644,
                    165,
                    659,
                    187
                ]
            }
        ],
        "id": 19,
        "neighbours": [
            "TO:",
            "CC:",
            "8482",
            "1.54",
            "9076",
            "COUPON CODE REGISTRATION FORM",
            "VINCE LOSITO",
            "T. BAYLIES, L GIORDANO, V. LINDSLEY, M. MCGLYNN, S RAPISARLDI,",
            "",
            "93- 056"
        ]
    },
    {
        "text": "HARLEY- DAVIDSON",
        "box": [
            338,
            250,
            454,
            264
        ],
        "linking": [
            [
                22,
                20
            ]
        ],
        "label": "answer",
        "words": [
            {
                "text": "HARLEY-",
                "box": [
                    338,
                    253,
                    390,
                    264
                ]
            },
            {
                "text": "DAVIDSON",
                "box": [
                    390,
                    250,
                    454,
                    264
                ]
            }
        ],
        "id": 20,
        "neighbours": [
            "1",
            "5/19/93",
            "11/30/93",
            "25,461",
            "PACK",
            "2/3/93",
            "COUPON CODE REGISTRATION FORM",
            "MAGAZINE- HOT ROD",
            "BRANDS(S) APPLICABLE",
            "FULL PAGE",
            "COUPON EXPIRATION DATE",
            "TOTAL HOUSTON, GALVESTON, MINNEAPOLIS, ST. PAUL, DULUTH",
            "$ .75 OFF 1 PACK",
            "ADVERTISING CREATIVE THEME",
            "BLUE SKY",
            "",
            "ANALYTICAL REQUIREMENTS:",
            "FOR CONTROL USE ONLY:",
            "CODE ASSIGNED:",
            "JOB NUMBER:",
            "EST. REDEMPTION:"
        ]
    },
    {
        "text": "MAGAZINE- HOT ROD",
        "box": [
            337,
            281,
            478,
            295
        ],
        "linking": [
            [
                3,
                21
            ]
        ],
        "label": "answer",
        "words": [
            {
                "text": "MAGAZINE-",
                "box": [
                    337,
                    282,
                    400,
                    295
                ]
            },
            {
                "text": "",
                "box": [
                    404,
                    285,
                    417,
                    293
                ]
            },
            {
                "text": "HOT",
                "box": [
                    420,
                    281,
                    444,
                    295
                ]
            },
            {
                "text": "ROD",
                "box": [
                    450,
                    281,
                    478,
                    294
                ]
            }
        ],
        "id": 21,
        "neighbours": [
            "MEDIA",
            "1",
            "5/19/93",
            "11/30/93",
            "25,461",
            "PACK",
            "2/3/93",
            "COUPON CODE REGISTRATION FORM",
            "HARLEY- DAVIDSON",
            "FULL PAGE",
            "COUPON EXPIRATION DATE",
            "TOTAL HOUSTON, GALVESTON, MINNEAPOLIS, ST. PAUL, DULUTH",
            "$ .75 OFF 1 PACK",
            "ADVERTISING CREATIVE THEME",
            "BLUE SKY",
            "",
            "ANALYTICAL REQUIREMENTS:",
            "FOR CONTROL USE ONLY:",
            "CODE ASSIGNED:",
            "JOB NUMBER:",
            "EST. REDEMPTION:"
        ]
    },
    {
        "text": "BRANDS(S) APPLICABLE",
        "box": [
            106,
            247,
            262,
            266
        ],
        "linking": [
            [
                22,
                20
            ]
        ],
        "label": "question",
        "words": [
            {
                "text": "BRANDS(S)",
                "box": [
                    106,
                    247,
                    179,
                    265
                ]
            },
            {
                "text": "APPLICABLE",
                "box": [
                    182,
                    249,
                    262,
                    266
                ]
            }
        ],
        "id": 22,
        "neighbours": [
            "FROM:",
            "TO:",
            "CC:",
            "MEDIA",
            "CIRCULATION",
            "THOM SMITH",
            "VINCE LOSITO",
            "T. BAYLIES, L GIORDANO, V. LINDSLEY, M. MCGLYNN, S RAPISARLDI,",
            "HARLEY- DAVIDSON",
            "ISSUE FREQUENCY/ YEAR",
            "SPACE/ COLOR",
            "COUPON ISSUE DATE",
            "COUPON EXPIRATION DATE",
            "GEOGRAPHICAL AREA(S)",
            "COUPON VALUE",
            "PACK AND OR/ CARTOCARTON",
            "ADVERTISING CREATIVE THEME",
            "SIGNATURE OF INITIATOR",
            "DATE INITIATED",
            "ANALYTICAL REQUIREMENTS:"
        ]
    },
    {
        "text": "ISSUE FREQUENCY/ YEAR",
        "box": [
            105,
            313,
            271,
            328
        ],
        "linking": [
            [
                23,
                5
            ]
        ],
        "label": "question",
        "words": [
            {
                "text": "ISSUE",
                "box": [
                    105,
                    314,
                    148,
                    328
                ]
            },
            {
                "text": "FREQUENCY/",
                "box": [
                    149,
                    314,
                    237,
                    328
                ]
            },
            {
                "text": "YEAR",
                "box": [
                    235,
                    313,
                    271,
                    328
                ]
            }
        ],
        "id": 23,
        "neighbours": [
            "FROM:",
            "TO:",
            "CC:",
            "MEDIA",
            "CIRCULATION",
            "1",
            "COUPON CODE REGISTRATION FORM",
            "THOM SMITH",
            "VINCE LOSITO",
            "T. BAYLIES, L GIORDANO, V. LINDSLEY, M. MCGLYNN, S RAPISARLDI,",
            "BRANDS(S) APPLICABLE",
            "SPACE/ COLOR",
            "COUPON ISSUE DATE",
            "COUPON EXPIRATION DATE",
            "GEOGRAPHICAL AREA(S)",
            "COUPON VALUE",
            "PACK AND OR/ CARTOCARTON",
            "ADVERTISING CREATIVE THEME",
            "SIGNATURE OF INITIATOR",
            "DATE INITIATED",
            "ANALYTICAL REQUIREMENTS:",
            "FOR CONTROL USE ONLY:",
            "CODE ASSIGNED:",
            "JOB NUMBER:",
            "EST. REDEMPTION:"
        ]
    },
    {
        "text": "SPACE/ COLOR",
        "box": [
            105,
            346,
            202,
            363
        ],
        "linking": [
            [
                24,
                25
            ]
        ],
        "label": "question",
        "words": [
            {
                "text": "SPACE/",
                "box": [
                    105,
                    346,
                    155,
                    363
                ]
            },
            {
                "text": "COLOR",
                "box": [
                    156,
                    346,
                    202,
                    361
                ]
            }
        ],
        "id": 24,
        "neighbours": [
            "FROM:",
            "TO:",
            "CC:",
            "MEDIA",
            "CIRCULATION",
            "THOM SMITH",
            "VINCE LOSITO",
            "T. BAYLIES, L GIORDANO, V. LINDSLEY, M. MCGLYNN, S RAPISARLDI,",
            "BRANDS(S) APPLICABLE",
            "ISSUE FREQUENCY/ YEAR",
            "FULL PAGE",
            "COUPON ISSUE DATE",
            "COUPON EXPIRATION DATE",
            "GEOGRAPHICAL AREA(S)",
            "COUPON VALUE",
            "PACK AND OR/ CARTOCARTON",
            "ADVERTISING CREATIVE THEME",
            "SIGNATURE OF INITIATOR",
            "DATE INITIATED",
            "ANALYTICAL REQUIREMENTS:"
        ]
    },
    {
        "text": "FULL PAGE",
        "box": [
            334,
            339,
            409,
            354
        ],
        "linking": [
            [
                24,
                25
            ]
        ],
        "label": "answer",
        "words": [
            {
                "text": "FULL",
                "box": [
                    334,
                    339,
                    369,
                    353
                ]
            },
            {
                "text": "PAGE",
                "box": [
                    374,
                    339,
                    409,
                    354
                ]
            }
        ],
        "id": 25,
        "neighbours": [
            "1",
            "5/19/93",
            "11/30/93",
            "25,461",
            "PACK",
            "2/3/93",
            "COUPON CODE REGISTRATION FORM",
            "HARLEY- DAVIDSON",
            "MAGAZINE- HOT ROD",
            "SPACE/ COLOR",
            "COUPON EXPIRATION DATE",
            "TOTAL HOUSTON, GALVESTON, MINNEAPOLIS, ST. PAUL, DULUTH",
            "$ .75 OFF 1 PACK",
            "ADVERTISING CREATIVE THEME",
            "BLUE SKY",
            "",
            "ANALYTICAL REQUIREMENTS:",
            "FOR CONTROL USE ONLY:",
            "CODE ASSIGNED:",
            "JOB NUMBER:",
            "EST. REDEMPTION:"
        ]
    },
    {
        "text": "COUPON ISSUE DATE",
        "box": [
            106,
            378,
            247,
            394
        ],
        "linking": [
            [
                26,
                6
            ]
        ],
        "label": "question",
        "words": [
            {
                "text": "COUPON",
                "box": [
                    106,
                    380,
                    165,
                    394
                ]
            },
            {
                "text": "ISSUE",
                "box": [
                    168,
                    378,
                    209,
                    392
                ]
            },
            {
                "text": "DATE",
                "box": [
                    208,
                    378,
                    247,
                    391
                ]
            }
        ],
        "id": 26,
        "neighbours": [
            "FROM:",
            "TO:",
            "CC:",
            "MEDIA",
            "CIRCULATION",
            "5/19/93",
            "THOM SMITH",
            "VINCE LOSITO",
            "T. BAYLIES, L GIORDANO, V. LINDSLEY, M. MCGLYNN, S RAPISARLDI,",
            "BRANDS(S) APPLICABLE",
            "ISSUE FREQUENCY/ YEAR",
            "SPACE/ COLOR",
            "COUPON EXPIRATION DATE",
            "GEOGRAPHICAL AREA(S)",
            "COUPON VALUE",
            "PACK AND OR/ CARTOCARTON",
            "ADVERTISING CREATIVE THEME",
            "SIGNATURE OF INITIATOR",
            "DATE INITIATED",
            "ANALYTICAL REQUIREMENTS:"
        ]
    },
    {
        "text": "COUPON EXPIRATION DATE",
        "box": [
            108,
            411,
            288,
            426
        ],
        "linking": [
            [
                27,
                7
            ]
        ],
        "label": "question",
        "words": [
            {
                "text": "COUPON",
                "box": [
                    108,
                    412,
                    168,
                    426
                ]
            },
            {
                "text": "EXPIRATION",
                "box": [
                    168,
                    412,
                    246,
                    426
                ]
            },
            {
                "text": "DATE",
                "box": [
                    246,
                    411,
                    288,
                    425
                ]
            }
        ],
        "id": 27,
        "neighbours": [
            "FROM:",
            "TO:",
            "CC:",
            "MEDIA",
            "CIRCULATION",
            "1",
            "5/19/93",
            "11/30/93",
            "25,461",
            "PACK",
            "COUPON CODE REGISTRATION FORM",
            "THOM SMITH",
            "VINCE LOSITO",
            "T. BAYLIES, L GIORDANO, V. LINDSLEY, M. MCGLYNN, S RAPISARLDI,",
            "HARLEY- DAVIDSON",
            "MAGAZINE- HOT ROD",
            "BRANDS(S) APPLICABLE",
            "ISSUE FREQUENCY/ YEAR",
            "SPACE/ COLOR",
            "FULL PAGE",
            "COUPON ISSUE DATE",
            "GEOGRAPHICAL AREA(S)",
            "TOTAL HOUSTON, GALVESTON, MINNEAPOLIS, ST. PAUL, DULUTH",
            "COUPON VALUE",
            "$ .75 OFF 1 PACK",
            "PACK AND OR/ CARTOCARTON",
            "ADVERTISING CREATIVE THEME",
            "BLUE SKY",
            "SIGNATURE OF INITIATOR",
            "DATE INITIATED",
            "ANALYTICAL REQUIREMENTS:",
            "FOR CONTROL USE ONLY:",
            "CODE ASSIGNED:",
            "JOB NUMBER:",
            "EST. REDEMPTION:"
        ]
    },
    {
        "text": "GEOGRAPHICAL AREA(S)",
        "box": [
            106,
            507,
            266,
            524
        ],
        "linking": [
            [
                28,
                29
            ]
        ],
        "label": "question",
        "words": [
            {
                "text": "GEOGRAPHICAL",
                "box": [
                    106,
                    508,
                    211,
                    522
                ]
            },
            {
                "text": "AREA(S)",
                "box": [
                    214,
                    507,
                    266,
                    524
                ]
            }
        ],
        "id": 28,
        "neighbours": [
            "FROM:",
            "TO:",
            "CC:",
            "MEDIA",
            "CIRCULATION",
            "THOM SMITH",
            "VINCE LOSITO",
            "T. BAYLIES, L GIORDANO, V. LINDSLEY, M. MCGLYNN, S RAPISARLDI,",
            "BRANDS(S) APPLICABLE",
            "ISSUE FREQUENCY/ YEAR",
            "SPACE/ COLOR",
            "COUPON ISSUE DATE",
            "COUPON EXPIRATION DATE",
            "TOTAL HOUSTON, GALVESTON, MINNEAPOLIS, ST. PAUL, DULUTH",
            "COUPON VALUE",
            "PACK AND OR/ CARTOCARTON",
            "ADVERTISING CREATIVE THEME",
            "SIGNATURE OF INITIATOR",
            "DATE INITIATED",
            "ANALYTICAL REQUIREMENTS:"
        ]
    },
    {
        "text": "TOTAL HOUSTON, GALVESTON, MINNEAPOLIS, ST. PAUL, DULUTH",
        "box": [
            335,
            503,
            752,
            521
        ],
        "linking": [
            [
                28,
                29
            ]
        ],
        "label": "answer",
        "words": [
            {
                "text": "TOTAL",
                "box": [
                    335,
                    506,
                    377,
                    519
                ]
            },
            {
                "text": "HOUSTON,",
                "box": [
                    381,
                    506,
                    442,
                    521
                ]
            },
            {
                "text": "GALVESTON,",
                "box": [
                    448,
                    506,
                    523,
                    520
                ]
            },
            {
                "text": "MINNEAPOLIS,",
                "box": [
                    532,
                    504,
                    623,
                    518
                ]
            },
            {
                "text": "ST.",
                "box": [
                    630,
                    504,
                    652,
                    518
                ]
            },
            {
                "text": "PAUL,",
                "box": [
                    662,
                    503,
                    700,
                    518
                ]
            },
            {
                "text": "DULUTH",
                "box": [
                    705,
                    503,
                    752,
                    518
                ]
            }
        ],
        "id": 29,
        "neighbours": [
            "1",
            "5/19/93",
            "11/30/93",
            "25,461",
            "PACK",
            "2/3/93",
            "8482",
            "1.54",
            "9076",
            "91391286",
            "COUPON CODE REGISTRATION FORM",
            "T. BAYLIES, L GIORDANO, V. LINDSLEY, M. MCGLYNN, S RAPISARLDI,",
            "B. maj ",
            "HARLEY- DAVIDSON",
            "MAGAZINE- HOT ROD",
            "FULL PAGE",
            "COUPON EXPIRATION DATE",
            "GEOGRAPHICAL AREA(S)",
            "$ .75 OFF 1 PACK",
            "ADVERTISING CREATIVE THEME",
            "BLUE SKY",
            "",
            "ANALYTICAL REQUIREMENTS:",
            "FOR CONTROL USE ONLY:",
            "93- 056",
            "CODE ASSIGNED:",
            "JOB NUMBER:",
            "EST. REDEMPTION:"
        ]
    },
    {
        "text": "COUPON VALUE",
        "box": [
            105,
            539,
            213,
            555
        ],
        "linking": [
            [
                30,
                31
            ]
        ],
        "label": "question",
        "words": [
            {
                "text": "COUPON",
                "box": [
                    105,
                    541,
                    165,
                    555
                ]
            },
            {
                "text": "VALUE",
                "box": [
                    166,
                    539,
                    213,
                    554
                ]
            }
        ],
        "id": 30,
        "neighbours": [
            "FROM:",
            "TO:",
            "CC:",
            "MEDIA",
            "CIRCULATION",
            "THOM SMITH",
            "VINCE LOSITO",
            "T. BAYLIES, L GIORDANO, V. LINDSLEY, M. MCGLYNN, S RAPISARLDI,",
            "BRANDS(S) APPLICABLE",
            "ISSUE FREQUENCY/ YEAR",
            "SPACE/ COLOR",
            "COUPON ISSUE DATE",
            "COUPON EXPIRATION DATE",
            "GEOGRAPHICAL AREA(S)",
            "$ .75 OFF 1 PACK",
            "PACK AND OR/ CARTOCARTON",
            "ADVERTISING CREATIVE THEME",
            "SIGNATURE OF INITIATOR",
            "DATE INITIATED",
            "ANALYTICAL REQUIREMENTS:"
        ]
    },
    {
        "text": "$ .75 OFF 1 PACK",
        "box": [
            334,
            541,
            455,
            556
        ],
        "linking": [
            [
                30,
                31
            ]
        ],
        "label": "answer",
        "words": [
            {
                "text": "$",
                "box": [
                    334,
                    543,
                    345,
                    554
                ]
            },
            {
                "text": ".75",
                "box": [
                    346,
                    541,
                    368,
                    554
                ]
            },
            {
                "text": "OFF",
                "box": [
                    374,
                    541,
                    398,
                    554
                ]
            },
            {
                "text": "1",
                "box": [
                    404,
                    541,
                    415,
                    556
                ]
            },
            {
                "text": "PACK",
                "box": [
                    420,
                    542,
                    455,
                    556
                ]
            }
        ],
        "id": 31,
        "neighbours": [
            "1",
            "5/19/93",
            "11/30/93",
            "25,461",
            "PACK",
            "2/3/93",
            "COUPON CODE REGISTRATION FORM",
            "HARLEY- DAVIDSON",
            "MAGAZINE- HOT ROD",
            "FULL PAGE",
            "COUPON EXPIRATION DATE",
            "TOTAL HOUSTON, GALVESTON, MINNEAPOLIS, ST. PAUL, DULUTH",
            "COUPON VALUE",
            "ADVERTISING CREATIVE THEME",
            "BLUE SKY",
            "",
            "ANALYTICAL REQUIREMENTS:",
            "FOR CONTROL USE ONLY:",
            "CODE ASSIGNED:",
            "JOB NUMBER:",
            "EST. REDEMPTION:"
        ]
    },
    {
        "text": "PACK AND OR/ CARTOCARTON",
        "box": [
            106,
            573,
            256,
            588
        ],
        "linking": [
            [
                32,
                9
            ]
        ],
        "label": "question",
        "words": [
            {
                "text": "PACK",
                "box": [
                    106,
                    573,
                    144,
                    588
                ]
            },
            {
                "text": "AND",
                "box": [
                    147,
                    574,
                    174,
                    588
                ]
            },
            {
                "text": "OR/",
                "box": [
                    177,
                    573,
                    202,
                    588
                ]
            },
            {
                "text": "CARTOCARTON",
                "box": [
                    200,
                    573,
                    256,
                    587
                ]
            }
        ],
        "id": 32,
        "neighbours": [
            "FROM:",
            "TO:",
            "CC:",
            "MEDIA",
            "CIRCULATION",
            "PACK",
            "THOM SMITH",
            "VINCE LOSITO",
            "T. BAYLIES, L GIORDANO, V. LINDSLEY, M. MCGLYNN, S RAPISARLDI,",
            "BRANDS(S) APPLICABLE",
            "ISSUE FREQUENCY/ YEAR",
            "SPACE/ COLOR",
            "COUPON ISSUE DATE",
            "COUPON EXPIRATION DATE",
            "GEOGRAPHICAL AREA(S)",
            "COUPON VALUE",
            "ADVERTISING CREATIVE THEME",
            "SIGNATURE OF INITIATOR",
            "DATE INITIATED",
            "ANALYTICAL REQUIREMENTS:"
        ]
    },
    {
        "text": "ADVERTISING CREATIVE THEME",
        "box": [
            105,
            603,
            315,
            621
        ],
        "linking": [
            [
                33,
                34
            ]
        ],
        "label": "question",
        "words": [
            {
                "text": "ADVERTISING",
                "box": [
                    105,
                    606,
                    194,
                    621
                ]
            },
            {
                "text": "CREATIVE",
                "box": [
                    197,
                    603,
                    264,
                    620
                ]
            },
            {
                "text": "THEME",
                "box": [
                    265,
                    605,
                    315,
                    618
                ]
            }
        ],
        "id": 33,
        "neighbours": [
            "FROM:",
            "TO:",
            "CC:",
            "MEDIA",
            "CIRCULATION",
            "1",
            "5/19/93",
            "11/30/93",
            "25,461",
            "PACK",
            "2/3/93",
            "COUPON CODE REGISTRATION FORM",
            "THOM SMITH",
            "VINCE LOSITO",
            "T. BAYLIES, L GIORDANO, V. LINDSLEY, M. MCGLYNN, S RAPISARLDI,",
            "HARLEY- DAVIDSON",
            "MAGAZINE- HOT ROD",
            "BRANDS(S) APPLICABLE",
            "ISSUE FREQUENCY/ YEAR",
            "SPACE/ COLOR",
            "FULL PAGE",
            "COUPON ISSUE DATE",
            "COUPON EXPIRATION DATE",
            "GEOGRAPHICAL AREA(S)",
            "TOTAL HOUSTON, GALVESTON, MINNEAPOLIS, ST. PAUL, DULUTH",
            "COUPON VALUE",
            "$ .75 OFF 1 PACK",
            "PACK AND OR/ CARTOCARTON",
            "BLUE SKY",
            "SIGNATURE OF INITIATOR",
            "",
            "DATE INITIATED",
            "ANALYTICAL REQUIREMENTS:",
            "FOR CONTROL USE ONLY:",
            "CODE ASSIGNED:",
            "JOB NUMBER:",
            "EST. REDEMPTION:"
        ]
    },
    {
        "text": "BLUE SKY",
        "box": [
            338,
            606,
            401,
            621
        ],
        "linking": [
            [
                33,
                34
            ]
        ],
        "label": "answer",
        "words": [
            {
                "text": "BLUE",
                "box": [
                    338,
                    606,
                    370,
                    621
                ]
            },
            {
                "text": "SKY",
                "box": [
                    373,
                    608,
                    401,
                    619
                ]
            }
        ],
        "id": 34,
        "neighbours": [
            "1",
            "5/19/93",
            "11/30/93",
            "25,461",
            "PACK",
            "2/3/93",
            "COUPON CODE REGISTRATION FORM",
            "HARLEY- DAVIDSON",
            "MAGAZINE- HOT ROD",
            "FULL PAGE",
            "COUPON EXPIRATION DATE",
            "TOTAL HOUSTON, GALVESTON, MINNEAPOLIS, ST. PAUL, DULUTH",
            "$ .75 OFF 1 PACK",
            "ADVERTISING CREATIVE THEME",
            "",
            "ANALYTICAL REQUIREMENTS:",
            "FOR CONTROL USE ONLY:",
            "CODE ASSIGNED:",
            "JOB NUMBER:",
            "EST. REDEMPTION:"
        ]
    },
    {
        "text": "SIGNATURE OF INITIATOR",
        "box": [
            105,
            637,
            272,
            655
        ],
        "linking": [
            [
                35,
                36
            ]
        ],
        "label": "question",
        "words": [
            {
                "text": "SIGNATURE",
                "box": [
                    105,
                    640,
                    183,
                    655
                ]
            },
            {
                "text": "OF",
                "box": [
                    184,
                    637,
                    205,
                    652
                ]
            },
            {
                "text": "INITIATOR",
                "box": [
                    205,
                    637,
                    272,
                    652
                ]
            }
        ],
        "id": 35,
        "neighbours": [
            "FROM:",
            "TO:",
            "CC:",
            "MEDIA",
            "CIRCULATION",
            "2/3/93",
            "COUPON CODE REGISTRATION FORM",
            "THOM SMITH",
            "VINCE LOSITO",
            "T. BAYLIES, L GIORDANO, V. LINDSLEY, M. MCGLYNN, S RAPISARLDI,",
            "BRANDS(S) APPLICABLE",
            "ISSUE FREQUENCY/ YEAR",
            "SPACE/ COLOR",
            "COUPON ISSUE DATE",
            "COUPON EXPIRATION DATE",
            "GEOGRAPHICAL AREA(S)",
            "COUPON VALUE",
            "PACK AND OR/ CARTOCARTON",
            "ADVERTISING CREATIVE THEME",
            "DATE INITIATED",
            "ANALYTICAL REQUIREMENTS:",
            "FOR CONTROL USE ONLY:",
            "CODE ASSIGNED:",
            "JOB NUMBER:",
            "EST. REDEMPTION:"
        ]
    },
    {
        "text": "",
        "box": [
            429,
            599,
            634,
            676
        ],
        "linking": [
            [
                35,
                36
            ]
        ],
        "label": "answer",
        "words": [
            {
                "text": "",
                "box": [
                    429,
                    601,
                    493,
                    657
                ]
            },
            {
                "text": "",
                "box": [
                    507,
                    612,
                    552,
                    653
                ]
            },
            {
                "text": "",
                "box": [
                    517,
                    599,
                    634,
                    676
                ]
            }
        ],
        "id": 36,
        "neighbours": [
            "5/19/93",
            "11/30/93",
            "25,461",
            "PACK",
            "2/3/93",
            "8482",
            "1.54",
            "9076",
            "COUPON CODE REGISTRATION FORM",
            "T. BAYLIES, L GIORDANO, V. LINDSLEY, M. MCGLYNN, S RAPISARLDI,",
            "B. maj ",
            "HARLEY- DAVIDSON",
            "MAGAZINE- HOT ROD",
            "FULL PAGE",
            "$ .75 OFF 1 PACK",
            "ADVERTISING CREATIVE THEME",
            "BLUE SKY",
            "SIGNATURE OF INITIATOR",
            "DATE INITIATED",
            "FOR CONTROL USE ONLY:",
            "93- 056",
            "CODE ASSIGNED:",
            "JOB NUMBER:",
            "EST. REDEMPTION:"
        ]
    },
    {
        "text": "DATE INITIATED",
        "box": [
            108,
            670,
            211,
            686
        ],
        "linking": [
            [
                37,
                10
            ]
        ],
        "label": "question",
        "words": [
            {
                "text": "DATE",
                "box": [
                    108,
                    672,
                    143,
                    686
                ]
            },
            {
                "text": "INITIATED",
                "box": [
                    144,
                    670,
                    211,
                    685
                ]
            }
        ],
        "id": 37,
        "neighbours": [
            "FROM:",
            "TO:",
            "CC:",
            "MEDIA",
            "CIRCULATION",
            "2/3/93",
            "THOM SMITH",
            "VINCE LOSITO",
            "T. BAYLIES, L GIORDANO, V. LINDSLEY, M. MCGLYNN, S RAPISARLDI,",
            "BRANDS(S) APPLICABLE",
            "ISSUE FREQUENCY/ YEAR",
            "SPACE/ COLOR",
            "COUPON ISSUE DATE",
            "COUPON EXPIRATION DATE",
            "GEOGRAPHICAL AREA(S)",
            "COUPON VALUE",
            "PACK AND OR/ CARTOCARTON",
            "ADVERTISING CREATIVE THEME",
            "SIGNATURE OF INITIATOR",
            "",
            "ANALYTICAL REQUIREMENTS:"
        ]
    },
    {
        "text": "ANALYTICAL REQUIREMENTS:",
        "box": [
            108,
            700,
            299,
            721
        ],
        "linking": [
            [
                38,
                39
            ],
            [
                38,
                41
            ],
            [
                38,
                42
            ],
            [
                38,
                43
            ]
        ],
        "label": "header",
        "words": [
            {
                "text": "ANALYTICAL",
                "box": [
                    108,
                    701,
                    188,
                    721
                ]
            },
            {
                "text": "REQUIREMENTS:",
                "box": [
                    189,
                    700,
                    299,
                    717
                ]
            }
        ],
        "id": 38,
        "neighbours": [
            "FROM:",
            "TO:",
            "CC:",
            "MEDIA",
            "CIRCULATION",
            "1",
            "5/19/93",
            "11/30/93",
            "25,461",
            "PACK",
            "2/3/93",
            "COUPON CODE REGISTRATION FORM",
            "THOM SMITH",
            "VINCE LOSITO",
            "T. BAYLIES, L GIORDANO, V. LINDSLEY, M. MCGLYNN, S RAPISARLDI,",
            "HARLEY- DAVIDSON",
            "MAGAZINE- HOT ROD",
            "BRANDS(S) APPLICABLE",
            "ISSUE FREQUENCY/ YEAR",
            "SPACE/ COLOR",
            "FULL PAGE",
            "COUPON ISSUE DATE",
            "COUPON EXPIRATION DATE",
            "GEOGRAPHICAL AREA(S)",
            "TOTAL HOUSTON, GALVESTON, MINNEAPOLIS, ST. PAUL, DULUTH",
            "COUPON VALUE",
            "$ .75 OFF 1 PACK",
            "PACK AND OR/ CARTOCARTON",
            "ADVERTISING CREATIVE THEME",
            "BLUE SKY",
            "SIGNATURE OF INITIATOR",
            "DATE INITIATED",
            "FOR CONTROL USE ONLY:",
            "93- 056",
            "CODE ASSIGNED:",
            "JOB NUMBER:",
            "EST. REDEMPTION:"
        ]
    },
    {
        "text": "FOR CONTROL USE ONLY:",
        "box": [
            325,
            732,
            498,
            750
        ],
        "linking": [
            [
                39,
                40
            ],
            [
                38,
                39
            ]
        ],
        "label": "question",
        "words": [
            {
                "text": "FOR",
                "box": [
                    325,
                    732,
                    357,
                    749
                ]
            },
            {
                "text": "CONTROL",
                "box": [
                    358,
                    733,
                    425,
                    750
                ]
            },
            {
                "text": "USE",
                "box": [
                    425,
                    733,
                    454,
                    748
                ]
            },
            {
                "text": "ONLY:",
                "box": [
                    453,
                    732,
                    498,
                    747
                ]
            }
        ],
        "id": 39,
        "neighbours": [
            "1",
            "5/19/93",
            "11/30/93",
            "25,461",
            "PACK",
            "2/3/93",
            "8482",
            "COUPON CODE REGISTRATION FORM",
            "HARLEY- DAVIDSON",
            "MAGAZINE- HOT ROD",
            "ISSUE FREQUENCY/ YEAR",
            "FULL PAGE",
            "COUPON EXPIRATION DATE",
            "TOTAL HOUSTON, GALVESTON, MINNEAPOLIS, ST. PAUL, DULUTH",
            "$ .75 OFF 1 PACK",
            "ADVERTISING CREATIVE THEME",
            "BLUE SKY",
            "SIGNATURE OF INITIATOR",
            "",
            "ANALYTICAL REQUIREMENTS:",
            "93- 056",
            "CODE ASSIGNED:",
            "JOB NUMBER:",
            "EST. REDEMPTION:"
        ]
    },
    {
        "text": "93- 056",
        "box": [
            554,
            729,
            627,
            747
        ],
        "linking": [
            [
                39,
                40
            ]
        ],
        "label": "answer",
        "words": [
            {
                "text": "93-",
                "box": [
                    554,
                    729,
                    586,
                    747
                ]
            },
            {
                "text": "056",
                "box": [
                    589,
                    729,
                    627,
                    746
                ]
            }
        ],
        "id": 40,
        "neighbours": [
            "8482",
            "1.54",
            "9076",
            "COUPON CODE REGISTRATION FORM",
            "T. BAYLIES, L GIORDANO, V. LINDSLEY, M. MCGLYNN, S RAPISARLDI,",
            "B. maj ",
            "",
            "ANALYTICAL REQUIREMENTS:",
            "FOR CONTROL USE ONLY:"
        ]
    },
    {
        "text": "CODE ASSIGNED:",
        "box": [
            327,
            765,
            440,
            783
        ],
        "linking": [
            [
                41,
                11
            ],
            [
                38,
                41
            ]
        ],
        "label": "question",
        "words": [
            {
                "text": "CODE",
                "box": [
                    327,
                    768,
                    368,
                    783
                ]
            },
            {
                "text": "ASSIGNED:",
                "box": [
                    369,
                    765,
                    440,
                    780
                ]
            }
        ],
        "id": 41,
        "neighbours": [
            "1",
            "5/19/93",
            "11/30/93",
            "25,461",
            "PACK",
            "2/3/93",
            "8482",
            "9076",
            "91391286",
            "COUPON CODE REGISTRATION FORM",
            "HARLEY- DAVIDSON",
            "MAGAZINE- HOT ROD",
            "ISSUE FREQUENCY/ YEAR",
            "FULL PAGE",
            "COUPON EXPIRATION DATE",
            "TOTAL HOUSTON, GALVESTON, MINNEAPOLIS, ST. PAUL, DULUTH",
            "$ .75 OFF 1 PACK",
            "ADVERTISING CREATIVE THEME",
            "BLUE SKY",
            "SIGNATURE OF INITIATOR",
            "",
            "ANALYTICAL REQUIREMENTS:",
            "FOR CONTROL USE ONLY:",
            "JOB NUMBER:",
            "EST. REDEMPTION:"
        ]
    },
    {
        "text": "JOB NUMBER:",
        "box": [
            325,
            784,
            422,
            798
        ],
        "linking": [
            [
                42,
                13
            ],
            [
                38,
                42
            ]
        ],
        "label": "question",
        "words": [
            {
                "text": "JOB",
                "box": [
                    325,
                    784,
                    353,
                    797
                ]
            },
            {
                "text": "NUMBER:",
                "box": [
                    359,
                    785,
                    422,
                    798
                ]
            }
        ],
        "id": 42,
        "neighbours": [
            "1",
            "5/19/93",
            "11/30/93",
            "25,461",
            "PACK",
            "2/3/93",
            "8482",
            "1.54",
            "9076",
            "COUPON CODE REGISTRATION FORM",
            "HARLEY- DAVIDSON",
            "MAGAZINE- HOT ROD",
            "ISSUE FREQUENCY/ YEAR",
            "FULL PAGE",
            "COUPON EXPIRATION DATE",
            "TOTAL HOUSTON, GALVESTON, MINNEAPOLIS, ST. PAUL, DULUTH",
            "$ .75 OFF 1 PACK",
            "ADVERTISING CREATIVE THEME",
            "BLUE SKY",
            "SIGNATURE OF INITIATOR",
            "",
            "ANALYTICAL REQUIREMENTS:",
            "FOR CONTROL USE ONLY:",
            "CODE ASSIGNED:",
            "EST. REDEMPTION:"
        ]
    },
    {
        "text": "EST. REDEMPTION:",
        "box": [
            325,
            799,
            454,
            814
        ],
        "linking": [
            [
                43,
                12
            ],
            [
                38,
                43
            ]
        ],
        "label": "question",
        "words": [
            {
                "text": "EST.",
                "box": [
                    325,
                    799,
                    357,
                    814
                ]
            },
            {
                "text": "REDEMPTION:",
                "box": [
                    359,
                    800,
                    454,
                    813
                ]
            }
        ],
        "id": 43,
        "neighbours": [
            "1",
            "5/19/93",
            "11/30/93",
            "25,461",
            "PACK",
            "2/3/93",
            "1.54",
            "9076",
            "COUPON CODE REGISTRATION FORM",
            "HARLEY- DAVIDSON",
            "MAGAZINE- HOT ROD",
            "ISSUE FREQUENCY/ YEAR",
            "FULL PAGE",
            "COUPON EXPIRATION DATE",
            "TOTAL HOUSTON, GALVESTON, MINNEAPOLIS, ST. PAUL, DULUTH",
            "$ .75 OFF 1 PACK",
            "ADVERTISING CREATIVE THEME",
            "BLUE SKY",
            "SIGNATURE OF INITIATOR",
            "",
            "ANALYTICAL REQUIREMENTS:",
            "FOR CONTROL USE ONLY:",
            "CODE ASSIGNED:",
            "JOB NUMBER:"
        ]
    }
]