[
    {
        "box": [
            96,
            127,
            120,
            141
        ],
        "text": "TO:",
        "label": "question",
        "words": [
            {
                "box": [
                    96,
                    127,
                    120,
                    141
                ],
                "text": "TO:"
            }
        ],
        "linking": [
            [
                0,
                8
            ]
        ],
        "id": 0,
        "neighbours": [
            "FROM:",
            "REQFORM",
            "K. A. SPARROW",
            "DATE TO NYO:",
            "DIV. NAME/ NO:",
            "NAME OF EVENT:",
            "* DATE OF EVENT:",
            "SAMPLES/ ITEMS REQUIRED:",
            "NEWPORT K. S.",
            "NEWPORT 100'S",
            "NEWPORT LTS K. S.",
            "NEWPORT LTS. 100",
            "SHIP TO:",
            "CUSTOMER SHIPPING NUMBER",
            "NYO ONLY:",
            "DATE FORWARDED PROMOTION SERVICES:",
            "* PLEASE ALLOW 6 WEEKS FOR PROCESSING YOUR REQUEST."
        ]
    },
    {
        "box": [
            96,
            154,
            138,
            169
        ],
        "text": "FROM:",
        "label": "question",
        "words": [
            {
                "box": [
                    96,
                    154,
                    138,
                    169
                ],
                "text": "FROM:"
            }
        ],
        "linking": [],
        "id": 1,
        "neighbours": [
            "TO:",
            "REQFORM",
            "DIV. NAME/ NO:",
            "NAME OF EVENT:",
            "* DATE OF EVENT:",
            "SAMPLES/ ITEMS REQUIRED:",
            "NEWPORT K. S.",
            "NEWPORT 100'S",
            "NEWPORT LTS K. S.",
            "NEWPORT LTS. 100",
            "SHIP TO:",
            "CUSTOMER SHIPPING NUMBER",
            "NYO ONLY:",
            "DATE FORWARDED PROMOTION SERVICES:",
            "* PLEASE ALLOW 6 WEEKS FOR PROCESSING YOUR REQUEST."
        ]
    },
    {
        "box": [
            317,
            553,
            359,
            568
        ],
        "text": "ITEMS",
        "label": "header",
        "words": [
            {
                "box": [
                    317,
                    553,
                    359,
                    568
                ],
                "text": "ITEMS"
            }
        ],
        "linking": [
            [
                2,
                29
            ],
            [
                2,
                30
            ],
            [
                2,
                31
            ],
            [
                2,
                3
            ],
            [
                2,
                32
            ]
        ],
        "id": 2,
        "neighbours": [
            "URBAN",
            "198\u2013",
            "K. A. SPARROW",
            "SPECIAL EVENT REQUEST FORM",
            "SAMPLES/ ITEMS REQUIRED:",
            "SAMPLE 10'S (400 PACKS PER CASE)",
            "# CASES",
            "KENT III K. S.",
            "KENT III 100",
            "TRUE K. S.",
            "KENT K. S.",
            "KENT 100",
            "QUANTITY REQUIRED",
            "WATER BOTTLES",
            "BANNER(S) (4 x 8)",
            "GENERAL MARKET",
            "SPANISH LANGUAGE",
            "CUSTOMER SHIPPING NUMBER",
            "DATE FORWARDED PROMOTION SERVICES:"
        ]
    },
    {
        "box": [
            317,
            649,
            362,
            660
        ],
        "text": "URBAN",
        "label": "question",
        "words": [
            {
                "box": [
                    317,
                    649,
                    362,
                    660
                ],
                "text": "URBAN"
            }
        ],
        "linking": [
            [
                2,
                3
            ]
        ],
        "id": 3,
        "neighbours": [
            "ITEMS",
            "198\u2013",
            "K. A. SPARROW",
            "SPECIAL EVENT REQUEST FORM",
            "SAMPLES/ ITEMS REQUIRED:",
            "SAMPLE 10'S (400 PACKS PER CASE)",
            "# CASES",
            "KENT III K. S.",
            "KENT III 100",
            "TRUE K. S.",
            "KENT K. S.",
            "KENT 100",
            "WATER BOTTLES",
            "BANNER(S) (4 x 8)",
            "GENERAL MARKET",
            "SPANISH LANGUAGE",
            "CUSTOMER SHIPPING NUMBER",
            "DATE FORWARDED PROMOTION SERVICES:"
        ]
    },
    {
        "box": [
            328,
            744,
            357,
            755
        ],
        "text": "198\u2013",
        "label": "question",
        "words": [
            {
                "box": [
                    328,
                    744,
                    357,
                    755
                ],
                "text": "198\u2013"
            }
        ],
        "linking": [],
        "id": 4,
        "neighbours": [
            "ITEMS",
            "URBAN",
            "91903177",
            "K. A. SPARROW",
            "SPECIAL EVENT REQUEST FORM",
            "SAMPLE 10'S (400 PACKS PER CASE)",
            "# CASES",
            "KENT III K. S.",
            "KENT III 100",
            "TRUE K. S.",
            "KENT K. S.",
            "KENT 100",
            "WATER BOTTLES",
            "BANNER(S) (4 x 8)",
            "GENERAL MARKET",
            "SPANISH LANGUAGE",
            "CUSTOMER SHIPPING NUMBER",
            "DATE FORWARDED PROMOTION SERVICES:"
        ]
    },
    {
        "box": [
            626,
            915,
            686,
            930
        ],
        "text": "09-Apr-96",
        "label": "other",
        "words": [
            {
                "box": [
                    626,
                    915,
                    686,
                    930
                ],
                "text": "09-Apr-96"
            }
        ],
        "linking": [],
        "id": 5,
        "neighbours": [
            "91903177",
            "REQFORM",
            "DATE TO NYO:",
            "KENT GL LTS K S.",
            "QUANTITY REQUIRED"
        ]
    },
    {
        "box": [
            675,
            763,
            692,
            830
        ],
        "text": "91903177",
        "label": "other",
        "words": [
            {
                "box": [
                    675,
                    763,
                    692,
                    830
                ],
                "text": "91903177"
            }
        ],
        "linking": [],
        "id": 6,
        "neighbours": [
            "198\u2013",
            "09-Apr-96",
            "QUANTITY REQUIRED",
            "CUSTOMER SHIPPING NUMBER",
            "NYO ONLY:",
            "DATE FORWARDED PROMOTION SERVICES:"
        ]
    },
    {
        "box": [
            78,
            916,
            132,
            933
        ],
        "text": "REQFORM",
        "label": "other",
        "words": [
            {
                "box": [
                    78,
                    916,
                    132,
                    933
                ],
                "text": "REQFORM"
            }
        ],
        "linking": [],
        "id": 7,
        "neighbours": [
            "TO:",
            "FROM:",
            "09-Apr-96",
            "DIV. NAME/ NO:",
            "NAME OF EVENT:",
            "* DATE OF EVENT:",
            "SAMPLES/ ITEMS REQUIRED:",
            "NEWPORT K. S.",
            "NEWPORT 100'S",
            "NEWPORT LTS K. S.",
            "NEWPORT LTS. 100",
            "SHIP TO:",
            "CUSTOMER SHIPPING NUMBER",
            "NYO ONLY:",
            "DATE FORWARDED PROMOTION SERVICES:",
            "* PLEASE ALLOW 6 WEEKS FOR PROCESSING YOUR REQUEST."
        ]
    },
    {
        "text": "K. A. SPARROW",
        "box": [
            229,
            126,
            317,
            141
        ],
        "linking": [
            [
                0,
                8
            ]
        ],
        "label": "answer",
        "words": [
            {
                "text": "K.",
                "box": [
                    229,
                    127,
                    244,
                    141
                ]
            },
            {
                "text": "A.",
                "box": [
                    244,
                    128,
                    257,
                    141
                ]
            },
            {
                "text": "SPARROW",
                "box": [
                    258,
                    126,
                    317,
                    140
                ]
            }
        ],
        "id": 8,
        "neighbours": [
            "TO:",
            "ITEMS",
            "URBAN",
            "198\u2013",
            "DATE TO NYO:",
            "DIV. NAME/ NO:",
            "SPECIAL EVENT REQUEST FORM",
            "NAME OF EVENT:",
            "* DATE OF EVENT:",
            "SAMPLES/ ITEMS REQUIRED:",
            "SAMPLE 10'S (400 PACKS PER CASE)",
            "# CASES",
            "NEWPORT 100'S",
            "NEWPORT LTS K. S.",
            "NEWPORT LTS. 100",
            "KENT III K. S.",
            "KENT III 100",
            "TRUE K. S.",
            "KENT K. S.",
            "KENT 100",
            "WATER BOTTLES",
            "BANNER(S) (4 x 8)",
            "GENERAL MARKET",
            "SPANISH LANGUAGE",
            "CUSTOMER SHIPPING NUMBER",
            "DATE FORWARDED PROMOTION SERVICES:"
        ]
    },
    {
        "text": "DATE TO NYO:",
        "box": [
            504,
            127,
            586,
            141
        ],
        "linking": [],
        "label": "question",
        "words": [
            {
                "text": "DATE",
                "box": [
                    504,
                    128,
                    538,
                    141
                ]
            },
            {
                "text": "TO",
                "box": [
                    538,
                    128,
                    555,
                    141
                ]
            },
            {
                "text": "NYO:",
                "box": [
                    554,
                    127,
                    586,
                    140
                ]
            }
        ],
        "id": 9,
        "neighbours": [
            "TO:",
            "09-Apr-96",
            "K. A. SPARROW",
            "SPECIAL EVENT REQUEST FORM",
            "SAMPLE 10'S (400 PACKS PER CASE)",
            "KENT GL LTS K S.",
            "KENT GL 100",
            "QUANTITY REQUIRED",
            "* PLEASE ALLOW 6 WEEKS FOR PROCESSING YOUR REQUEST."
        ]
    },
    {
        "text": "DIV. NAME/ NO:",
        "box": [
            96,
            180,
            195,
            196
        ],
        "linking": [],
        "label": "question",
        "words": [
            {
                "text": "DIV.",
                "box": [
                    96,
                    182,
                    124,
                    196
                ]
            },
            {
                "text": "NAME/",
                "box": [
                    126,
                    180,
                    171,
                    195
                ]
            },
            {
                "text": "NO:",
                "box": [
                    170,
                    180,
                    195,
                    194
                ]
            }
        ],
        "id": 10,
        "neighbours": [
            "TO:",
            "FROM:",
            "REQFORM",
            "K. A. SPARROW",
            "NAME OF EVENT:",
            "* DATE OF EVENT:",
            "SAMPLES/ ITEMS REQUIRED:",
            "NEWPORT K. S.",
            "NEWPORT 100'S",
            "NEWPORT LTS K. S.",
            "NEWPORT LTS. 100",
            "SHIP TO:",
            "CUSTOMER SHIPPING NUMBER",
            "NYO ONLY:",
            "DATE FORWARDED PROMOTION SERVICES:",
            "* PLEASE ALLOW 6 WEEKS FOR PROCESSING YOUR REQUEST."
        ]
    },
    {
        "text": "SPECIAL EVENT REQUEST FORM",
        "box": [
            282,
            235,
            478,
            250
        ],
        "linking": [
            [
                11,
                12
            ],
            [
                11,
                13
            ],
            [
                11,
                14
            ]
        ],
        "label": "header",
        "words": [
            {
                "text": "SPECIAL",
                "box": [
                    282,
                    235,
                    332,
                    250
                ]
            },
            {
                "text": "EVENT",
                "box": [
                    335,
                    235,
                    378,
                    249
                ]
            },
            {
                "text": "REQUEST",
                "box": [
                    381,
                    236,
                    437,
                    250
                ]
            },
            {
                "text": "FORM",
                "box": [
                    440,
                    236,
                    478,
                    249
                ]
            }
        ],
        "id": 11,
        "neighbours": [
            "ITEMS",
            "URBAN",
            "198\u2013",
            "K. A. SPARROW",
            "DATE TO NYO:",
            "SAMPLES/ ITEMS REQUIRED:",
            "SAMPLE 10'S (400 PACKS PER CASE)",
            "# CASES",
            "KENT III K. S.",
            "KENT III 100",
            "TRUE K. S.",
            "KENT K. S.",
            "KENT 100",
            "KENT GL LTS K S.",
            "KENT GL 100",
            "QUANTITY REQUIRED",
            "WATER BOTTLES",
            "BANNER(S) (4 x 8)",
            "GENERAL MARKET",
            "SPANISH LANGUAGE",
            "CUSTOMER SHIPPING NUMBER",
            "DATE FORWARDED PROMOTION SERVICES:",
            "* PLEASE ALLOW 6 WEEKS FOR PROCESSING YOUR REQUEST."
        ]
    },
    {
        "text": "NAME OF EVENT:",
        "box": [
            94,
            289,
            201,
            304
        ],
        "linking": [
            [
                11,
                12
            ]
        ],
        "label": "question",
        "words": [
            {
                "text": "NAME",
                "box": [
                    94,
                    289,
                    135,
                    302
                ]
            },
            {
                "text": "OF",
                "box": [
                    137,
                    289,
                    154,
                    303
                ]
            },
            {
                "text": "EVENT:",
                "box": [
                    155,
                    289,
                    201,
                    304
                ]
            }
        ],
        "id": 12,
        "neighbours": [
            "TO:",
            "FROM:",
            "REQFORM",
            "K. A. SPARROW",
            "DIV. NAME/ NO:",
            "* DATE OF EVENT:",
            "SAMPLES/ ITEMS REQUIRED:",
            "NEWPORT K. S.",
            "NEWPORT 100'S",
            "NEWPORT LTS K. S.",
            "NEWPORT LTS. 100",
            "SHIP TO:",
            "CUSTOMER SHIPPING NUMBER",
            "NYO ONLY:",
            "DATE FORWARDED PROMOTION SERVICES:",
            "* PLEASE ALLOW 6 WEEKS FOR PROCESSING YOUR REQUEST."
        ]
    },
    {
        "text": "* DATE OF EVENT:",
        "box": [
            94,
            314,
            204,
            330
        ],
        "linking": [
            [
                11,
                13
            ]
        ],
        "label": "question",
        "words": [
            {
                "text": "*",
                "box": [
                    94,
                    317,
                    102,
                    325
                ]
            },
            {
                "text": "DATE",
                "box": [
                    101,
                    316,
                    139,
                    330
                ]
            },
            {
                "text": "OF",
                "box": [
                    138,
                    314,
                    156,
                    329
                ]
            },
            {
                "text": "EVENT:",
                "box": [
                    159,
                    316,
                    204,
                    329
                ]
            }
        ],
        "id": 13,
        "neighbours": [
            "TO:",
            "FROM:",
            "REQFORM",
            "K. A. SPARROW",
            "DIV. NAME/ NO:",
            "NAME OF EVENT:",
            "SAMPLES/ ITEMS REQUIRED:",
            "NEWPORT K. S.",
            "NEWPORT 100'S",
            "NEWPORT LTS K. S.",
            "NEWPORT LTS. 100",
            "SHIP TO:",
            "CUSTOMER SHIPPING NUMBER",
            "NYO ONLY:",
            "DATE FORWARDED PROMOTION SERVICES:",
            "* PLEASE ALLOW 6 WEEKS FOR PROCESSING YOUR REQUEST."
        ]
    },
    {
        "text": "SAMPLES/ ITEMS REQUIRED:",
        "box": [
            94,
            369,
            271,
            383
        ],
        "linking": [
            [
                14,
                15
            ],
            [
                11,
                14
            ]
        ],
        "label": "question",
        "words": [
            {
                "text": "SAMPLES/",
                "box": [
                    94,
                    369,
                    158,
                    383
                ]
            },
            {
                "text": "ITEMS",
                "box": [
                    161,
                    369,
                    199,
                    383
                ]
            },
            {
                "text": "REQUIRED:",
                "box": [
                    200,
                    369,
                    271,
                    383
                ]
            }
        ],
        "id": 14,
        "neighbours": [
            "TO:",
            "FROM:",
            "ITEMS",
            "URBAN",
            "REQFORM",
            "K. A. SPARROW",
            "DIV. NAME/ NO:",
            "SPECIAL EVENT REQUEST FORM",
            "NAME OF EVENT:",
            "* DATE OF EVENT:",
            "SAMPLE 10'S (400 PACKS PER CASE)",
            "# CASES",
            "NEWPORT K. S.",
            "NEWPORT 100'S",
            "NEWPORT LTS K. S.",
            "NEWPORT LTS. 100",
            "KENT III K. S.",
            "KENT III 100",
            "TRUE K. S.",
            "KENT K. S.",
            "KENT 100",
            "WATER BOTTLES",
            "BANNER(S) (4 x 8)",
            "GENERAL MARKET",
            "SPANISH LANGUAGE",
            "SHIP TO:",
            "CUSTOMER SHIPPING NUMBER",
            "NYO ONLY:",
            "DATE FORWARDED PROMOTION SERVICES:",
            "* PLEASE ALLOW 6 WEEKS FOR PROCESSING YOUR REQUEST."
        ]
    },
    {
        "text": "SAMPLE 10'S (400 PACKS PER CASE)",
        "box": [
            286,
            369,
            475,
            384
        ],
        "linking": [
            [
                14,
                15
            ]
        ],
        "label": "answer",
        "words": [
            {
                "text": "SAMPLE",
                "box": [
                    286,
                    369,
                    333,
                    384
                ]
            },
            {
                "text": "10'S",
                "box": [
                    334,
                    370,
                    356,
                    384
                ]
            },
            {
                "text": "(400",
                "box": [
                    356,
                    370,
                    380,
                    384
                ]
            },
            {
                "text": "PACKS",
                "box": [
                    380,
                    369,
                    418,
                    384
                ]
            },
            {
                "text": "PER",
                "box": [
                    416,
                    370,
                    441,
                    384
                ]
            },
            {
                "text": "CASE)",
                "box": [
                    443,
                    369,
                    475,
                    383
                ]
            }
        ],
        "id": 15,
        "neighbours": [
            "ITEMS",
            "URBAN",
            "198\u2013",
            "K. A. SPARROW",
            "DATE TO NYO:",
            "SPECIAL EVENT REQUEST FORM",
            "SAMPLES/ ITEMS REQUIRED:",
            "# CASES",
            "KENT III K. S.",
            "KENT III 100",
            "TRUE K. S.",
            "KENT K. S.",
            "KENT 100",
            "KENT GL LTS K S.",
            "KENT GL 100",
            "QUANTITY REQUIRED",
            "WATER BOTTLES",
            "BANNER(S) (4 x 8)",
            "GENERAL MARKET",
            "SPANISH LANGUAGE",
            "CUSTOMER SHIPPING NUMBER",
            "DATE FORWARDED PROMOTION SERVICES:",
            "* PLEASE ALLOW 6 WEEKS FOR PROCESSING YOUR REQUEST."
        ]
    },
    {
        "text": "# CASES",
        "box": [
            317,
            422,
            372,
            436
        ],
        "linking": [
            [
                16,
                17
            ],
            [
                16,
                18
            ],
            [
                16,
                19
            ],
            [
                16,
                20
            ],
            [
                16,
                21
            ],
            [
                16,
                23
            ],
            [
                16,
                22
            ],
            [
                16,
                25
            ],
            [
                16,
                24
            ],
            [
                16,
                26
            ],
            [
                16,
                27
            ]
        ],
        "label": "header",
        "words": [
            {
                "text": "#",
                "box": [
                    317,
                    422,
                    330,
                    436
                ]
            },
            {
                "text": "CASES",
                "box": [
                    331,
                    423,
                    372,
                    436
                ]
            }
        ],
        "id": 16,
        "neighbours": [
            "ITEMS",
            "URBAN",
            "198\u2013",
            "K. A. SPARROW",
            "SPECIAL EVENT REQUEST FORM",
            "SAMPLES/ ITEMS REQUIRED:",
            "SAMPLE 10'S (400 PACKS PER CASE)",
            "KENT III K. S.",
            "KENT III 100",
            "TRUE K. S.",
            "KENT K. S.",
            "KENT 100",
            "WATER BOTTLES",
            "BANNER(S) (4 x 8)",
            "GENERAL MARKET",
            "SPANISH LANGUAGE",
            "CUSTOMER SHIPPING NUMBER",
            "DATE FORWARDED PROMOTION SERVICES:"
        ]
    },
    {
        "text": "NEWPORT K. S.",
        "box": [
            94,
            448,
            175,
            462
        ],
        "linking": [
            [
                16,
                17
            ]
        ],
        "label": "question",
        "words": [
            {
                "text": "NEWPORT",
                "box": [
                    94,
                    448,
                    154,
                    462
                ]
            },
            {
                "text": "K.",
                "box": [
                    152,
                    448,
                    166,
                    462
                ]
            },
            {
                "text": "S.",
                "box": [
                    165,
                    448,
                    175,
                    462
                ]
            }
        ],
        "id": 17,
        "neighbours": [
            "TO:",
            "FROM:",
            "REQFORM",
            "DIV. NAME/ NO:",
            "NAME OF EVENT:",
            "* DATE OF EVENT:",
            "SAMPLES/ ITEMS REQUIRED:",
            "NEWPORT 100'S",
            "NEWPORT LTS K. S.",
            "NEWPORT LTS. 100",
            "KENT III K. S.",
            "KENT III 100",
            "KENT GL LTS K S.",
            "KENT GL 100",
            "SHIP TO:",
            "CUSTOMER SHIPPING NUMBER",
            "NYO ONLY:",
            "DATE FORWARDED PROMOTION SERVICES:",
            "* PLEASE ALLOW 6 WEEKS FOR PROCESSING YOUR REQUEST."
        ]
    },
    {
        "text": "NEWPORT 100'S",
        "box": [
            94,
            462,
            182,
            476
        ],
        "linking": [
            [
                16,
                18
            ]
        ],
        "label": "question",
        "words": [
            {
                "text": "NEWPORT",
                "box": [
                    94,
                    464,
                    153,
                    474
                ]
            },
            {
                "text": "100'S",
                "box": [
                    154,
                    462,
                    182,
                    476
                ]
            }
        ],
        "id": 18,
        "neighbours": [
            "TO:",
            "FROM:",
            "REQFORM",
            "K. A. SPARROW",
            "DIV. NAME/ NO:",
            "NAME OF EVENT:",
            "* DATE OF EVENT:",
            "SAMPLES/ ITEMS REQUIRED:",
            "NEWPORT K. S.",
            "NEWPORT LTS K. S.",
            "NEWPORT LTS. 100",
            "KENT III K. S.",
            "KENT III 100",
            "TRUE K. S.",
            "KENT GL LTS K S.",
            "KENT GL 100",
            "SHIP TO:",
            "CUSTOMER SHIPPING NUMBER",
            "NYO ONLY:",
            "DATE FORWARDED PROMOTION SERVICES:",
            "* PLEASE ALLOW 6 WEEKS FOR PROCESSING YOUR REQUEST."
        ]
    },
    {
        "text": "NEWPORT LTS K. S.",
        "box": [
            95,
            475,
            201,
            489
        ],
        "linking": [
            [
                16,
                19
            ]
        ],
        "label": "question",
        "words": [
            {
                "text": "NEWPORT",
                "box": [
                    95,
                    476,
                    152,
                    487
                ]
            },
            {
                "text": "LTS",
                "box": [
                    155,
                    476,
                    179,
                    487
                ]
            },
            {
                "text": "K.",
                "box": [
                    180,
                    475,
                    191,
                    489
                ]
            },
            {
                "text": "S.",
                "box": [
                    191,
                    475,
                    201,
                    488
                ]
            }
        ],
        "id": 19,
        "neighbours": [
            "TO:",
            "FROM:",
            "REQFORM",
            "K. A. SPARROW",
            "DIV. NAME/ NO:",
            "NAME OF EVENT:",
            "* DATE OF EVENT:",
            "SAMPLES/ ITEMS REQUIRED:",
            "NEWPORT K. S.",
            "NEWPORT 100'S",
            "NEWPORT LTS. 100",
            "KENT III 100",
            "TRUE K. S.",
            "KENT K. S.",
            "KENT GL 100",
            "SHIP TO:",
            "CUSTOMER SHIPPING NUMBER",
            "NYO ONLY:",
            "DATE FORWARDED PROMOTION SERVICES:",
            "* PLEASE ALLOW 6 WEEKS FOR PROCESSING YOUR REQUEST."
        ]
    },
    {
        "text": "NEWPORT LTS. 100",
        "box": [
            92,
            489,
            200,
            503
        ],
        "linking": [
            [
                16,
                20
            ]
        ],
        "label": "question",
        "words": [
            {
                "text": "NEWPORT",
                "box": [
                    92,
                    489,
                    152,
                    502
                ]
            },
            {
                "text": "LTS.",
                "box": [
                    152,
                    489,
                    177,
                    503
                ]
            },
            {
                "text": "100",
                "box": [
                    180,
                    489,
                    200,
                    503
                ]
            }
        ],
        "id": 20,
        "neighbours": [
            "TO:",
            "FROM:",
            "REQFORM",
            "K. A. SPARROW",
            "DIV. NAME/ NO:",
            "NAME OF EVENT:",
            "* DATE OF EVENT:",
            "SAMPLES/ ITEMS REQUIRED:",
            "NEWPORT K. S.",
            "NEWPORT 100'S",
            "NEWPORT LTS K. S.",
            "TRUE K. S.",
            "KENT K. S.",
            "KENT 100",
            "SHIP TO:",
            "CUSTOMER SHIPPING NUMBER",
            "NYO ONLY:",
            "DATE FORWARDED PROMOTION SERVICES:",
            "* PLEASE ALLOW 6 WEEKS FOR PROCESSING YOUR REQUEST."
        ]
    },
    {
        "text": "KENT III K. S.",
        "box": [
            317,
            450,
            386,
            465
        ],
        "linking": [
            [
                16,
                21
            ]
        ],
        "label": "question",
        "words": [
            {
                "text": "KENT",
                "box": [
                    317,
                    450,
                    351,
                    463
                ]
            },
            {
                "text": "III",
                "box": [
                    351,
                    450,
                    366,
                    464
                ]
            },
            {
                "text": "K.",
                "box": [
                    366,
                    450,
                    377,
                    464
                ]
            },
            {
                "text": "S.",
                "box": [
                    376,
                    450,
                    386,
                    465
                ]
            }
        ],
        "id": 21,
        "neighbours": [
            "ITEMS",
            "URBAN",
            "198\u2013",
            "K. A. SPARROW",
            "SPECIAL EVENT REQUEST FORM",
            "SAMPLES/ ITEMS REQUIRED:",
            "SAMPLE 10'S (400 PACKS PER CASE)",
            "# CASES",
            "NEWPORT K. S.",
            "NEWPORT 100'S",
            "KENT III 100",
            "TRUE K. S.",
            "KENT K. S.",
            "KENT 100",
            "KENT GL LTS K S.",
            "KENT GL 100",
            "WATER BOTTLES",
            "BANNER(S) (4 x 8)",
            "GENERAL MARKET",
            "SPANISH LANGUAGE",
            "CUSTOMER SHIPPING NUMBER",
            "DATE FORWARDED PROMOTION SERVICES:"
        ]
    },
    {
        "text": "KENT III 100",
        "box": [
            317,
            462,
            387,
            477
        ],
        "linking": [
            [
                16,
                22
            ]
        ],
        "label": "question",
        "words": [
            {
                "text": "KENT",
                "box": [
                    317,
                    462,
                    351,
                    475
                ]
            },
            {
                "text": "III",
                "box": [
                    352,
                    464,
                    365,
                    477
                ]
            },
            {
                "text": "100",
                "box": [
                    367,
                    464,
                    387,
                    475
                ]
            }
        ],
        "id": 22,
        "neighbours": [
            "ITEMS",
            "URBAN",
            "198\u2013",
            "K. A. SPARROW",
            "SPECIAL EVENT REQUEST FORM",
            "SAMPLES/ ITEMS REQUIRED:",
            "SAMPLE 10'S (400 PACKS PER CASE)",
            "# CASES",
            "NEWPORT K. S.",
            "NEWPORT 100'S",
            "NEWPORT LTS K. S.",
            "KENT III K. S.",
            "TRUE K. S.",
            "KENT K. S.",
            "KENT 100",
            "KENT GL LTS K S.",
            "KENT GL 100",
            "WATER BOTTLES",
            "BANNER(S) (4 x 8)",
            "GENERAL MARKET",
            "SPANISH LANGUAGE",
            "CUSTOMER SHIPPING NUMBER",
            "DATE FORWARDED PROMOTION SERVICES:"
        ]
    },
    {
        "text": "TRUE K. S.",
        "box": [
            317,
            475,
            373,
            489
        ],
        "linking": [
            [
                16,
                23
            ]
        ],
        "label": "question",
        "words": [
            {
                "text": "TRUE",
                "box": [
                    317,
                    476,
                    351,
                    487
                ]
            },
            {
                "text": "K.",
                "box": [
                    351,
                    475,
                    364,
                    489
                ]
            },
            {
                "text": "S.",
                "box": [
                    365,
                    478,
                    373,
                    489
                ]
            }
        ],
        "id": 23,
        "neighbours": [
            "ITEMS",
            "URBAN",
            "198\u2013",
            "K. A. SPARROW",
            "SPECIAL EVENT REQUEST FORM",
            "SAMPLES/ ITEMS REQUIRED:",
            "SAMPLE 10'S (400 PACKS PER CASE)",
            "# CASES",
            "NEWPORT 100'S",
            "NEWPORT LTS K. S.",
            "NEWPORT LTS. 100",
            "KENT III K. S.",
            "KENT III 100",
            "KENT K. S.",
            "KENT 100",
            "KENT GL 100",
            "WATER BOTTLES",
            "BANNER(S) (4 x 8)",
            "GENERAL MARKET",
            "SPANISH LANGUAGE",
            "CUSTOMER SHIPPING NUMBER",
            "DATE FORWARDED PROMOTION SERVICES:"
        ]
    },
    {
        "text": "KENT K. S.",
        "box": [
            317,
            489,
            372,
            503
        ],
        "linking": [
            [
                16,
                24
            ]
        ],
        "label": "question",
        "words": [
            {
                "text": "KENT",
                "box": [
                    317,
                    489,
                    351,
                    502
                ]
            },
            {
                "text": "K.",
                "box": [
                    351,
                    489,
                    362,
                    502
                ]
            },
            {
                "text": "S.",
                "box": [
                    362,
                    489,
                    372,
                    503
                ]
            }
        ],
        "id": 24,
        "neighbours": [
            "ITEMS",
            "URBAN",
            "198\u2013",
            "K. A. SPARROW",
            "SPECIAL EVENT REQUEST FORM",
            "SAMPLES/ ITEMS REQUIRED:",
            "SAMPLE 10'S (400 PACKS PER CASE)",
            "# CASES",
            "NEWPORT LTS K. S.",
            "NEWPORT LTS. 100",
            "KENT III K. S.",
            "KENT III 100",
            "TRUE K. S.",
            "KENT 100",
            "WATER BOTTLES",
            "BANNER(S) (4 x 8)",
            "GENERAL MARKET",
            "SPANISH LANGUAGE",
            "CUSTOMER SHIPPING NUMBER",
            "DATE FORWARDED PROMOTION SERVICES:"
        ]
    },
    {
        "text": "KENT 100",
        "box": [
            318,
            503,
            372,
            516
        ],
        "linking": [
            [
                16,
                25
            ]
        ],
        "label": "question",
        "words": [
            {
                "text": "KENT",
                "box": [
                    318,
                    503,
                    350,
                    516
                ]
            },
            {
                "text": "100",
                "box": [
                    351,
                    504,
                    372,
                    514
                ]
            }
        ],
        "id": 25,
        "neighbours": [
            "ITEMS",
            "URBAN",
            "198\u2013",
            "K. A. SPARROW",
            "SPECIAL EVENT REQUEST FORM",
            "SAMPLES/ ITEMS REQUIRED:",
            "SAMPLE 10'S (400 PACKS PER CASE)",
            "# CASES",
            "NEWPORT LTS. 100",
            "KENT III K. S.",
            "KENT III 100",
            "TRUE K. S.",
            "KENT K. S.",
            "WATER BOTTLES",
            "BANNER(S) (4 x 8)",
            "GENERAL MARKET",
            "SPANISH LANGUAGE",
            "CUSTOMER SHIPPING NUMBER",
            "DATE FORWARDED PROMOTION SERVICES:"
        ]
    },
    {
        "text": "KENT GL LTS K S.",
        "box": [
            500,
            450,
            596,
            464
        ],
        "linking": [
            [
                16,
                26
            ]
        ],
        "label": "question",
        "words": [
            {
                "text": "KENT",
                "box": [
                    500,
                    450,
                    535,
                    464
                ]
            },
            {
                "text": "GL",
                "box": [
                    535,
                    451,
                    553,
                    462
                ]
            },
            {
                "text": "LTS",
                "box": [
                    553,
                    453,
                    574,
                    464
                ]
            },
            {
                "text": "K",
                "box": [
                    574,
                    451,
                    587,
                    462
                ]
            },
            {
                "text": "S.",
                "box": [
                    585,
                    453,
                    596,
                    464
                ]
            }
        ],
        "id": 26,
        "neighbours": [
            "09-Apr-96",
            "DATE TO NYO:",
            "SPECIAL EVENT REQUEST FORM",
            "SAMPLE 10'S (400 PACKS PER CASE)",
            "NEWPORT K. S.",
            "NEWPORT 100'S",
            "KENT III K. S.",
            "KENT III 100",
            "KENT GL 100",
            "QUANTITY REQUIRED",
            "* PLEASE ALLOW 6 WEEKS FOR PROCESSING YOUR REQUEST."
        ]
    },
    {
        "text": "KENT GL 100",
        "box": [
            501,
            464,
            571,
            477
        ],
        "linking": [
            [
                16,
                27
            ]
        ],
        "label": "question",
        "words": [
            {
                "text": "KENT",
                "box": [
                    501,
                    464,
                    535,
                    475
                ]
            },
            {
                "text": "GL",
                "box": [
                    535,
                    464,
                    552,
                    477
                ]
            },
            {
                "text": "100",
                "box": [
                    554,
                    464,
                    571,
                    475
                ]
            }
        ],
        "id": 27,
        "neighbours": [
            "DATE TO NYO:",
            "SPECIAL EVENT REQUEST FORM",
            "SAMPLE 10'S (400 PACKS PER CASE)",
            "NEWPORT K. S.",
            "NEWPORT 100'S",
            "NEWPORT LTS K. S.",
            "KENT III K. S.",
            "KENT III 100",
            "TRUE K. S.",
            "KENT GL LTS K S.",
            "QUANTITY REQUIRED",
            "* PLEASE ALLOW 6 WEEKS FOR PROCESSING YOUR REQUEST."
        ]
    },
    {
        "text": "QUANTITY REQUIRED",
        "box": [
            499,
            553,
            638,
            570
        ],
        "linking": [],
        "label": "question",
        "words": [
            {
                "text": "QUANTITY",
                "box": [
                    499,
                    553,
                    569,
                    570
                ]
            },
            {
                "text": "REQUIRED",
                "box": [
                    568,
                    554,
                    638,
                    568
                ]
            }
        ],
        "id": 28,
        "neighbours": [
            "ITEMS",
            "09-Apr-96",
            "91903177",
            "DATE TO NYO:",
            "SPECIAL EVENT REQUEST FORM",
            "SAMPLE 10'S (400 PACKS PER CASE)",
            "KENT GL LTS K S.",
            "KENT GL 100",
            "* PLEASE ALLOW 6 WEEKS FOR PROCESSING YOUR REQUEST."
        ]
    },
    {
        "text": "WATER BOTTLES",
        "box": [
            316,
            581,
            422,
            596
        ],
        "linking": [
            [
                2,
                29
            ]
        ],
        "label": "question",
        "words": [
            {
                "text": "WATER",
                "box": [
                    316,
                    581,
                    366,
                    596
                ]
            },
            {
                "text": "BOTTLES",
                "box": [
                    366,
                    582,
                    422,
                    595
                ]
            }
        ],
        "id": 29,
        "neighbours": [
            "ITEMS",
            "URBAN",
            "198\u2013",
            "K. A. SPARROW",
            "SPECIAL EVENT REQUEST FORM",
            "SAMPLES/ ITEMS REQUIRED:",
            "SAMPLE 10'S (400 PACKS PER CASE)",
            "# CASES",
            "KENT III K. S.",
            "KENT III 100",
            "TRUE K. S.",
            "KENT K. S.",
            "KENT 100",
            "BANNER(S) (4 x 8)",
            "GENERAL MARKET",
            "SPANISH LANGUAGE",
            "CUSTOMER SHIPPING NUMBER",
            "DATE FORWARDED PROMOTION SERVICES:"
        ]
    },
    {
        "text": "BANNER(S) (4 x 8)",
        "box": [
            317,
            609,
            426,
            624
        ],
        "linking": [
            [
                2,
                30
            ]
        ],
        "label": "question",
        "words": [
            {
                "text": "BANNER(S)",
                "box": [
                    317,
                    609,
                    384,
                    624
                ]
            },
            {
                "text": "(4",
                "box": [
                    388,
                    609,
                    402,
                    623
                ]
            },
            {
                "text": "x",
                "box": [
                    402,
                    612,
                    410,
                    623
                ]
            },
            {
                "text": "8)",
                "box": [
                    412,
                    609,
                    426,
                    624
                ]
            }
        ],
        "id": 30,
        "neighbours": [
            "ITEMS",
            "URBAN",
            "198\u2013",
            "K. A. SPARROW",
            "SPECIAL EVENT REQUEST FORM",
            "SAMPLES/ ITEMS REQUIRED:",
            "SAMPLE 10'S (400 PACKS PER CASE)",
            "# CASES",
            "KENT III K. S.",
            "KENT III 100",
            "TRUE K. S.",
            "KENT K. S.",
            "KENT 100",
            "WATER BOTTLES",
            "GENERAL MARKET",
            "SPANISH LANGUAGE",
            "CUSTOMER SHIPPING NUMBER",
            "DATE FORWARDED PROMOTION SERVICES:"
        ]
    },
    {
        "text": "GENERAL MARKET",
        "box": [
            316,
            634,
            426,
            650
        ],
        "linking": [
            [
                2,
                31
            ]
        ],
        "label": "question",
        "words": [
            {
                "text": "GENERAL",
                "box": [
                    316,
                    634,
                    376,
                    649
                ]
            },
            {
                "text": "MARKET",
                "box": [
                    374,
                    637,
                    426,
                    650
                ]
            }
        ],
        "id": 31,
        "neighbours": [
            "ITEMS",
            "URBAN",
            "198\u2013",
            "K. A. SPARROW",
            "SPECIAL EVENT REQUEST FORM",
            "SAMPLES/ ITEMS REQUIRED:",
            "SAMPLE 10'S (400 PACKS PER CASE)",
            "# CASES",
            "KENT III K. S.",
            "KENT III 100",
            "TRUE K. S.",
            "KENT K. S.",
            "KENT 100",
            "WATER BOTTLES",
            "BANNER(S) (4 x 8)",
            "SPANISH LANGUAGE",
            "CUSTOMER SHIPPING NUMBER",
            "DATE FORWARDED PROMOTION SERVICES:"
        ]
    },
    {
        "text": "SPANISH LANGUAGE",
        "box": [
            314,
            662,
            436,
            677
        ],
        "linking": [
            [
                2,
                32
            ]
        ],
        "label": "question",
        "words": [
            {
                "text": "SPANISH",
                "box": [
                    314,
                    662,
                    366,
                    677
                ]
            },
            {
                "text": "LANGUAGE",
                "box": [
                    366,
                    662,
                    436,
                    676
                ]
            }
        ],
        "id": 32,
        "neighbours": [
            "ITEMS",
            "URBAN",
            "198\u2013",
            "K. A. SPARROW",
            "SPECIAL EVENT REQUEST FORM",
            "SAMPLES/ ITEMS REQUIRED:",
            "SAMPLE 10'S (400 PACKS PER CASE)",
            "# CASES",
            "KENT III K. S.",
            "KENT III 100",
            "TRUE K. S.",
            "KENT K. S.",
            "KENT 100",
            "WATER BOTTLES",
            "BANNER(S) (4 x 8)",
            "GENERAL MARKET",
            "CUSTOMER SHIPPING NUMBER",
            "DATE FORWARDED PROMOTION SERVICES:",
            "* PLEASE ALLOW 6 WEEKS FOR PROCESSING YOUR REQUEST."
        ]
    },
    {
        "text": "SHIP TO:",
        "box": [
            92,
            714,
            146,
            730
        ],
        "linking": [],
        "label": "header",
        "words": [
            {
                "text": "SHIP",
                "box": [
                    92,
                    714,
                    124,
                    729
                ]
            },
            {
                "text": "TO:",
                "box": [
                    124,
                    715,
                    146,
                    730
                ]
            }
        ],
        "id": 33,
        "neighbours": [
            "TO:",
            "FROM:",
            "REQFORM",
            "DIV. NAME/ NO:",
            "NAME OF EVENT:",
            "* DATE OF EVENT:",
            "SAMPLES/ ITEMS REQUIRED:",
            "NEWPORT K. S.",
            "NEWPORT 100'S",
            "NEWPORT LTS K. S.",
            "NEWPORT LTS. 100",
            "CUSTOMER SHIPPING NUMBER",
            "NYO ONLY:",
            "DATE FORWARDED PROMOTION SERVICES:",
            "* PLEASE ALLOW 6 WEEKS FOR PROCESSING YOUR REQUEST."
        ]
    },
    {
        "text": "CUSTOMER SHIPPING NUMBER",
        "box": [
            94,
            742,
            270,
            757
        ],
        "linking": [],
        "label": "question",
        "words": [
            {
                "text": "CUSTOMER",
                "box": [
                    94,
                    742,
                    161,
                    757
                ]
            },
            {
                "text": "SHIPPING",
                "box": [
                    161,
                    742,
                    215,
                    757
                ]
            },
            {
                "text": "NUMBER",
                "box": [
                    218,
                    742,
                    270,
                    757
                ]
            }
        ],
        "id": 34,
        "neighbours": [
            "TO:",
            "FROM:",
            "ITEMS",
            "URBAN",
            "198\u2013",
            "91903177",
            "REQFORM",
            "K. A. SPARROW",
            "DIV. NAME/ NO:",
            "SPECIAL EVENT REQUEST FORM",
            "NAME OF EVENT:",
            "* DATE OF EVENT:",
            "SAMPLES/ ITEMS REQUIRED:",
            "SAMPLE 10'S (400 PACKS PER CASE)",
            "# CASES",
            "NEWPORT K. S.",
            "NEWPORT 100'S",
            "NEWPORT LTS K. S.",
            "NEWPORT LTS. 100",
            "KENT III K. S.",
            "KENT III 100",
            "TRUE K. S.",
            "KENT K. S.",
            "KENT 100",
            "WATER BOTTLES",
            "BANNER(S) (4 x 8)",
            "GENERAL MARKET",
            "SPANISH LANGUAGE",
            "SHIP TO:",
            "NYO ONLY:",
            "DATE FORWARDED PROMOTION SERVICES:",
            "* PLEASE ALLOW 6 WEEKS FOR PROCESSING YOUR REQUEST."
        ]
    },
    {
        "text": "NYO ONLY:",
        "box": [
            92,
            782,
            166,
            797
        ],
        "linking": [],
        "label": "header",
        "words": [
            {
                "text": "NYO",
                "box": [
                    92,
                    782,
                    123,
                    796
                ]
            },
            {
                "text": "ONLY:",
                "box": [
                    123,
                    784,
                    166,
                    797
                ]
            }
        ],
        "id": 35,
        "neighbours": [
            "TO:",
            "FROM:",
            "REQFORM",
            "DIV. NAME/ NO:",
            "NAME OF EVENT:",
            "* DATE OF EVENT:",
            "SAMPLES/ ITEMS REQUIRED:",
            "NEWPORT K. S.",
            "NEWPORT 100'S",
            "NEWPORT LTS K. S.",
            "NEWPORT LTS. 100",
            "SHIP TO:",
            "CUSTOMER SHIPPING NUMBER",
            "DATE FORWARDED PROMOTION SERVICES:",
            "* PLEASE ALLOW 6 WEEKS FOR PROCESSING YOUR REQUEST."
        ]
    },
    {
        "text": "DATE FORWARDED PROMOTION SERVICES:",
        "box": [
            94,
            809,
            357,
            824
        ],
        "linking": [],
        "label": "question",
        "words": [
            {
                "text": "DATE",
                "box": [
                    94,
                    809,
                    129,
                    824
                ]
            },
            {
                "text": "FORWARDED",
                "box": [
                    128,
                    810,
                    205,
                    823
                ]
            },
            {
                "text": "",
                "box": [
                    207,
                    810,
                    224,
                    824
                ]
            },
            {
                "text": "PROMOTION",
                "box": [
                    223,
                    809,
                    297,
                    822
                ]
            },
            {
                "text": "SERVICES:",
                "box": [
                    297,
                    809,
                    357,
                    823
                ]
            }
        ],
        "id": 36,
        "neighbours": [
            "TO:",
            "FROM:",
            "ITEMS",
            "URBAN",
            "198\u2013",
            "91903177",
            "REQFORM",
            "K. A. SPARROW",
            "DIV. NAME/ NO:",
            "SPECIAL EVENT REQUEST FORM",
            "NAME OF EVENT:",
            "* DATE OF EVENT:",
            "SAMPLES/ ITEMS REQUIRED:",
            "SAMPLE 10'S (400 PACKS PER CASE)",
            "# CASES",
            "NEWPORT K. S.",
            "NEWPORT 100'S",
            "NEWPORT LTS K. S.",
            "NEWPORT LTS. 100",
            "KENT III K. S.",
            "KENT III 100",
            "TRUE K. S.",
            "KENT K. S.",
            "KENT 100",
            "WATER BOTTLES",
            "BANNER(S) (4 x 8)",
            "GENERAL MARKET",
            "SPANISH LANGUAGE",
            "SHIP TO:",
            "CUSTOMER SHIPPING NUMBER",
            "NYO ONLY:",
            "* PLEASE ALLOW 6 WEEKS FOR PROCESSING YOUR REQUEST."
        ]
    },
    {
        "text": "* PLEASE ALLOW 6 WEEKS FOR PROCESSING YOUR REQUEST.",
        "box": [
            91,
            862,
            481,
            878
        ],
        "linking": [],
        "label": "other",
        "words": [
            {
                "text": "*",
                "box": [
                    91,
                    863,
                    104,
                    873
                ]
            },
            {
                "text": "PLEASE",
                "box": [
                    105,
                    863,
                    152,
                    877
                ]
            },
            {
                "text": "ALLOW",
                "box": [
                    152,
                    862,
                    199,
                    876
                ]
            },
            {
                "text": "6",
                "box": [
                    200,
                    863,
                    210,
                    878
                ]
            },
            {
                "text": "WEEKS",
                "box": [
                    211,
                    863,
                    254,
                    877
                ]
            },
            {
                "text": "FOR",
                "box": [
                    254,
                    863,
                    281,
                    877
                ]
            },
            {
                "text": "PROCESSING",
                "box": [
                    284,
                    863,
                    362,
                    878
                ]
            },
            {
                "text": "",
                "box": [
                    363,
                    862,
                    381,
                    876
                ]
            },
            {
                "text": "YOUR",
                "box": [
                    381,
                    863,
                    419,
                    877
                ]
            },
            {
                "text": "REQUEST.",
                "box": [
                    422,
                    863,
                    481,
                    878
                ]
            }
        ],
        "id": 37,
        "neighbours": [
            "TO:",
            "FROM:",
            "ITEMS",
            "URBAN",
            "198\u2013",
            "REQFORM",
            "K. A. SPARROW",
            "DATE TO NYO:",
            "DIV. NAME/ NO:",
            "SPECIAL EVENT REQUEST FORM",
            "NAME OF EVENT:",
            "* DATE OF EVENT:",
            "SAMPLES/ ITEMS REQUIRED:",
            "SAMPLE 10'S (400 PACKS PER CASE)",
            "# CASES",
            "NEWPORT K. S.",
            "NEWPORT 100'S",
            "NEWPORT LTS K. S.",
            "NEWPORT LTS. 100",
            "KENT III K. S.",
            "KENT III 100",
            "TRUE K. S.",
            "KENT K. S.",
            "KENT 100",
            "KENT GL LTS K S.",
            "KENT GL 100",
            "QUANTITY REQUIRED",
            "WATER BOTTLES",
            "BANNER(S) (4 x 8)",
            "GENERAL MARKET",
            "SPANISH LANGUAGE",
            "SHIP TO:",
            "CUSTOMER SHIPPING NUMBER",
            "NYO ONLY:",
            "DATE FORWARDED PROMOTION SERVICES:"
        ]
    }
]