[
    {
        "box": [
            196,
            38,
            220,
            55
        ],
        "text": "1",
        "label": "other",
        "words": [
            {
                "box": [
                    196,
                    38,
                    220,
                    55
                ],
                "text": "1"
            }
        ],
        "linking": [],
        "id": 0,
        "neighbours": [
            "COMPANY",
            "TOBACCO",
            "Lorillard",
            "OFFICE:",
            "COMMENTS:",
            "CC:",
            "06/ 29/ 94 08: 25",
            "LORILLARD 25 JAX SALES GENERAL NY",
            "001",
            "FACSIMILE COVER PAGE",
            "6- 29- 94",
            "Mr. Al Giacoio",
            "FAX PHONE NUMBER:",
            "THIS DOCUMENT IS FROM:",
            "Fred Paternostro",
            "FAX TELEPHONE NUMBER:",
            "(904) 464- 0744",
            "The attached was obtained from Mackoul Dist.",
            "R. E. KLEIN"
        ]
    },
    {
        "box": [
            189,
            163,
            252,
            178
        ],
        "text": "COMPANY",
        "label": "header",
        "words": [
            {
                "box": [
                    189,
                    163,
                    252,
                    178
                ],
                "text": "COMPANY"
            }
        ],
        "linking": [],
        "id": 1,
        "neighbours": [
            "1",
            "TOBACCO",
            "Lorillard",
            "DATE:",
            "NAME:",
            "OFFICE:",
            "NAME:",
            "COMMENTS:",
            "CC:",
            "06/ 29/ 94 08: 25",
            "9143 PHILLIPS HWY. SUITE 120. JACKSONVILLE, FL 32256 TELEPHONE (904) 464 0800 FAX (904) 464 744",
            "FACSIMILE COVER PAGE",
            "6- 29- 94",
            "Mr. Al Giacoio",
            "FAX PHONE NUMBER:",
            "THIS DOCUMENT IS FROM:",
            "Fred Paternostro",
            "FAX TELEPHONE NUMBER:",
            "(904) 464- 0744",
            "The attached was obtained from Mackoul Dist.",
            "R. E. KLEIN"
        ]
    },
    {
        "box": [
            131,
            162,
            191,
            177
        ],
        "text": "TOBACCO",
        "label": "header",
        "words": [
            {
                "box": [
                    131,
                    162,
                    191,
                    177
                ],
                "text": "TOBACCO"
            }
        ],
        "linking": [],
        "id": 2,
        "neighbours": [
            "1",
            "COMPANY",
            "Lorillard",
            "DATE:",
            "NAME:",
            "OFFICE:",
            "NAME:",
            "COMMENTS:",
            "CC:",
            "06/ 29/ 94 08: 25",
            "9143 PHILLIPS HWY. SUITE 120. JACKSONVILLE, FL 32256 TELEPHONE (904) 464 0800 FAX (904) 464 744",
            "FACSIMILE COVER PAGE",
            "6- 29- 94",
            "PLEASE DELIVER TRANSMISSION TO:",
            "Mr. Al Giacoio",
            "FAX PHONE NUMBER:",
            "THIS DOCUMENT IS FROM:",
            "Fred Paternostro",
            "FAX TELEPHONE NUMBER:",
            "The attached was obtained from Mackoul Dist.",
            "IF ANY OF THESE PAGES ARE NOT LEGIBLE OR YOU DO NOT RECEIVE ALL OF THIS TRANSMISSION, PLEASE CALL (904) 464 0800 AS SOON AS POSSIBLE."
        ]
    },
    {
        "box": [
            41,
            106,
            263,
            180
        ],
        "text": "Lorillard",
        "label": "header",
        "words": [
            {
                "box": [
                    41,
                    106,
                    263,
                    180
                ],
                "text": "Lorillard"
            }
        ],
        "linking": [],
        "id": 3,
        "neighbours": [
            "1",
            "COMPANY",
            "TOBACCO",
            "DATE:",
            "NAME:",
            "OFFICE:",
            "NAME:",
            "COMMENTS:",
            "CC:",
            "06/ 29/ 94 08: 25",
            "9143 PHILLIPS HWY. SUITE 120. JACKSONVILLE, FL 32256 TELEPHONE (904) 464 0800 FAX (904) 464 744",
            "FACSIMILE COVER PAGE",
            "6- 29- 94",
            "PLEASE DELIVER TRANSMISSION TO:",
            "Mr. Al Giacoio",
            "FAX PHONE NUMBER:",
            "THIS DOCUMENT IS FROM:",
            "Fred Paternostro",
            "FAX TELEPHONE NUMBER:",
            "(904) 464- 0744",
            "The attached was obtained from Mackoul Dist.",
            "R. E. KLEIN",
            "IF ANY OF THESE PAGES ARE NOT LEGIBLE OR YOU DO NOT RECEIVE ALL OF THIS TRANSMISSION, PLEASE CALL (904) 464 0800 AS SOON AS POSSIBLE."
        ]
    },
    {
        "box": [
            63,
            321,
            110,
            339
        ],
        "text": "DATE:",
        "label": "question",
        "words": [
            {
                "box": [
                    63,
                    321,
                    110,
                    339
                ],
                "text": "DATE:"
            }
        ],
        "linking": [
            [
                4,
                17
            ]
        ],
        "id": 4,
        "neighbours": [
            "COMPANY",
            "TOBACCO",
            "Lorillard",
            "NAME:",
            "OFFICE:",
            "14",
            "NAME:",
            "COMMENTS:",
            "06/ 29/ 94 08: 25",
            "9143 PHILLIPS HWY. SUITE 120. JACKSONVILLE, FL 32256 TELEPHONE (904) 464 0800 FAX (904) 464 744",
            "6- 29- 94",
            "TOTAL PAGES",
            "(INCLUDING COVER SHEET)",
            "PLEASE DELIVER TRANSMISSION TO:",
            "FAX PHONE NUMBER:",
            "THIS DOCUMENT IS FROM:",
            "FAX TELEPHONE NUMBER:",
            "IF ANY OF THESE PAGES ARE NOT LEGIBLE OR YOU DO NOT RECEIVE ALL OF THIS TRANSMISSION, PLEASE CALL (904) 464 0800 AS SOON AS POSSIBLE."
        ]
    },
    {
        "box": [
            61,
            441,
            113,
            461
        ],
        "text": "NAME:",
        "label": "question",
        "words": [
            {
                "box": [
                    61,
                    441,
                    113,
                    461
                ],
                "text": "NAME:"
            }
        ],
        "linking": [
            [
                5,
                21
            ],
            [
                20,
                5
            ]
        ],
        "id": 5,
        "neighbours": [
            "COMPANY",
            "TOBACCO",
            "Lorillard",
            "DATE:",
            "OFFICE:",
            "NAME:",
            "COMMENTS:",
            "06/ 29/ 94 08: 25",
            "9143 PHILLIPS HWY. SUITE 120. JACKSONVILLE, FL 32256 TELEPHONE (904) 464 0800 FAX (904) 464 744",
            "6- 29- 94",
            "PLEASE DELIVER TRANSMISSION TO:",
            "Mr. Al Giacoio",
            "FAX PHONE NUMBER:",
            "THIS DOCUMENT IS FROM:",
            "FAX TELEPHONE NUMBER:",
            "IF ANY OF THESE PAGES ARE NOT LEGIBLE OR YOU DO NOT RECEIVE ALL OF THIS TRANSMISSION, PLEASE CALL (904) 464 0800 AS SOON AS POSSIBLE."
        ]
    },
    {
        "box": [
            61,
            480,
            125,
            502
        ],
        "text": "OFFICE:",
        "label": "question",
        "words": [
            {
                "box": [
                    61,
                    480,
                    125,
                    502
                ],
                "text": "OFFICE:"
            }
        ],
        "linking": [
            [
                20,
                6
            ]
        ],
        "id": 6,
        "neighbours": [
            "1",
            "COMPANY",
            "TOBACCO",
            "Lorillard",
            "DATE:",
            "NAME:",
            "NAME:",
            "COMMENTS:",
            "06/ 29/ 94 08: 25",
            "9143 PHILLIPS HWY. SUITE 120. JACKSONVILLE, FL 32256 TELEPHONE (904) 464 0800 FAX (904) 464 744",
            "6- 29- 94",
            "PLEASE DELIVER TRANSMISSION TO:",
            "Mr. Al Giacoio",
            "FAX PHONE NUMBER:",
            "THIS DOCUMENT IS FROM:",
            "FAX TELEPHONE NUMBER:",
            "IF ANY OF THESE PAGES ARE NOT LEGIBLE OR YOU DO NOT RECEIVE ALL OF THIS TRANSMISSION, PLEASE CALL (904) 464 0800 AS SOON AS POSSIBLE."
        ]
    },
    {
        "box": [
            541,
            327,
            561,
            345
        ],
        "text": "14",
        "label": "answer",
        "words": [
            {
                "box": [
                    541,
                    327,
                    561,
                    345
                ],
                "text": "14"
            }
        ],
        "linking": [
            [
                18,
                7
            ]
        ],
        "id": 7,
        "neighbours": [
            "DATE:",
            "LORILLARD 25 JAX SALES GENERAL NY",
            "9143 PHILLIPS HWY. SUITE 120. JACKSONVILLE, FL 32256 TELEPHONE (904) 464 0800 FAX (904) 464 744",
            "FACSIMILE COVER PAGE",
            "6- 29- 94",
            "TOTAL PAGES",
            "(INCLUDING COVER SHEET)",
            "The attached was obtained from Mackoul Dist."
        ]
    },
    {
        "box": [
            59,
            626,
            112,
            643
        ],
        "text": "NAME:",
        "label": "question",
        "words": [
            {
                "box": [
                    59,
                    626,
                    112,
                    643
                ],
                "text": "NAME:"
            }
        ],
        "linking": [
            [
                23,
                8
            ],
            [
                8,
                24
            ]
        ],
        "id": 8,
        "neighbours": [
            "COMPANY",
            "TOBACCO",
            "Lorillard",
            "DATE:",
            "NAME:",
            "OFFICE:",
            "COMMENTS:",
            "06/ 29/ 94 08: 25",
            "9143 PHILLIPS HWY. SUITE 120. JACKSONVILLE, FL 32256 TELEPHONE (904) 464 0800 FAX (904) 464 744",
            "6- 29- 94",
            "PLEASE DELIVER TRANSMISSION TO:",
            "Mr. Al Giacoio",
            "FAX PHONE NUMBER:",
            "THIS DOCUMENT IS FROM:",
            "Fred Paternostro",
            "FAX TELEPHONE NUMBER:",
            "IF ANY OF THESE PAGES ARE NOT LEGIBLE OR YOU DO NOT RECEIVE ALL OF THIS TRANSMISSION, PLEASE CALL (904) 464 0800 AS SOON AS POSSIBLE."
        ]
    },
    {
        "box": [
            57,
            726,
            159,
            747
        ],
        "text": "COMMENTS:",
        "label": "question",
        "words": [
            {
                "box": [
                    57,
                    726,
                    159,
                    747
                ],
                "text": "COMMENTS:"
            }
        ],
        "linking": [
            [
                23,
                9
            ],
            [
                9,
                27
            ]
        ],
        "id": 9,
        "neighbours": [
            "1",
            "COMPANY",
            "TOBACCO",
            "Lorillard",
            "DATE:",
            "NAME:",
            "OFFICE:",
            "NAME:",
            "06/ 29/ 94 08: 25",
            "9143 PHILLIPS HWY. SUITE 120. JACKSONVILLE, FL 32256 TELEPHONE (904) 464 0800 FAX (904) 464 744",
            "FACSIMILE COVER PAGE",
            "6- 29- 94",
            "PLEASE DELIVER TRANSMISSION TO:",
            "Mr. Al Giacoio",
            "FAX PHONE NUMBER:",
            "THIS DOCUMENT IS FROM:",
            "Fred Paternostro",
            "FAX TELEPHONE NUMBER:",
            "The attached was obtained from Mackoul Dist.",
            "IF ANY OF THESE PAGES ARE NOT LEGIBLE OR YOU DO NOT RECEIVE ALL OF THIS TRANSMISSION, PLEASE CALL (904) 464 0800 AS SOON AS POSSIBLE."
        ]
    },
    {
        "box": [
            246,
            811,
            273,
            829
        ],
        "text": "CC:",
        "label": "question",
        "words": [
            {
                "box": [
                    246,
                    811,
                    273,
                    829
                ],
                "text": "CC:"
            }
        ],
        "linking": [
            [
                10,
                28
            ]
        ],
        "id": 10,
        "neighbours": [
            "1",
            "COMPANY",
            "TOBACCO",
            "Lorillard",
            "06/ 29/ 94 08: 25",
            "FACSIMILE COVER PAGE",
            "6- 29- 94",
            "Mr. Al Giacoio",
            "FAX PHONE NUMBER:",
            "THIS DOCUMENT IS FROM:",
            "Fred Paternostro",
            "FAX TELEPHONE NUMBER:",
            "(904) 464- 0744",
            "The attached was obtained from Mackoul Dist.",
            "R. E. KLEIN"
        ]
    },
    {
        "box": [
            698,
            845,
            715,
            918
        ],
        "text": "91914407",
        "label": "other",
        "words": [
            {
                "box": [
                    698,
                    845,
                    715,
                    918
                ],
                "text": "91914407"
            }
        ],
        "linking": [],
        "id": 11,
        "neighbours": [
            "001",
            "IF ANY OF THESE PAGES ARE NOT LEGIBLE OR YOU DO NOT RECEIVE ALL OF THIS TRANSMISSION, PLEASE CALL (904) 464 0800 AS SOON AS POSSIBLE."
        ]
    },
    {
        "text": "06/ 29/ 94 08: 25",
        "box": [
            59,
            39,
            172,
            56
        ],
        "linking": [],
        "label": "other",
        "words": [
            {
                "text": "06/",
                "box": [
                    59,
                    41,
                    80,
                    55
                ]
            },
            {
                "text": "29/",
                "box": [
                    81,
                    39,
                    101,
                    56
                ]
            },
            {
                "text": "94",
                "box": [
                    101,
                    41,
                    116,
                    54
                ]
            },
            {
                "text": "08:",
                "box": [
                    131,
                    41,
                    156,
                    55
                ]
            },
            {
                "text": "25",
                "box": [
                    155,
                    42,
                    172,
                    55
                ]
            }
        ],
        "id": 12,
        "neighbours": [
            "1",
            "COMPANY",
            "TOBACCO",
            "Lorillard",
            "DATE:",
            "NAME:",
            "OFFICE:",
            "NAME:",
            "COMMENTS:",
            "CC:",
            "LORILLARD 25 JAX SALES GENERAL NY",
            "001",
            "9143 PHILLIPS HWY. SUITE 120. JACKSONVILLE, FL 32256 TELEPHONE (904) 464 0800 FAX (904) 464 744",
            "FACSIMILE COVER PAGE",
            "6- 29- 94",
            "PLEASE DELIVER TRANSMISSION TO:",
            "Mr. Al Giacoio",
            "FAX PHONE NUMBER:",
            "THIS DOCUMENT IS FROM:",
            "Fred Paternostro",
            "FAX TELEPHONE NUMBER:",
            "The attached was obtained from Mackoul Dist.",
            "IF ANY OF THESE PAGES ARE NOT LEGIBLE OR YOU DO NOT RECEIVE ALL OF THIS TRANSMISSION, PLEASE CALL (904) 464 0800 AS SOON AS POSSIBLE."
        ]
    },
    {
        "text": "LORILLARD 25 JAX SALES GENERAL NY",
        "box": [
            363,
            35,
            618,
            53
        ],
        "linking": [],
        "label": "other",
        "words": [
            {
                "text": "LORILLARD",
                "box": [
                    363,
                    38,
                    426,
                    53
                ]
            },
            {
                "text": "25",
                "box": [
                    429,
                    38,
                    446,
                    52
                ]
            },
            {
                "text": "JAX",
                "box": [
                    451,
                    38,
                    473,
                    52
                ]
            },
            {
                "text": "",
                "box": [
                    478,
                    38,
                    499,
                    52
                ]
            },
            {
                "text": "SALES",
                "box": [
                    504,
                    36,
                    543,
                    51
                ]
            },
            {
                "text": "GENERAL",
                "box": [
                    546,
                    35,
                    599,
                    49
                ]
            },
            {
                "text": "NY",
                "box": [
                    601,
                    35,
                    618,
                    49
                ]
            }
        ],
        "id": 13,
        "neighbours": [
            "1",
            "14",
            "06/ 29/ 94 08: 25",
            "001",
            "9143 PHILLIPS HWY. SUITE 120. JACKSONVILLE, FL 32256 TELEPHONE (904) 464 0800 FAX (904) 464 744",
            "FACSIMILE COVER PAGE",
            "TOTAL PAGES",
            "(INCLUDING COVER SHEET)",
            "PLEASE DELIVER TRANSMISSION TO:",
            "Mr. Al Giacoio",
            "Fred Paternostro",
            "(904) 464- 0744",
            "The attached was obtained from Mackoul Dist.",
            "R. E. KLEIN",
            "IF ANY OF THESE PAGES ARE NOT LEGIBLE OR YOU DO NOT RECEIVE ALL OF THIS TRANSMISSION, PLEASE CALL (904) 464 0800 AS SOON AS POSSIBLE."
        ]
    },
    {
        "text": "001",
        "box": [
            656,
            35,
            692,
            49
        ],
        "linking": [],
        "label": "other",
        "words": [
            {
                "text": "",
                "box": [
                    656,
                    36,
                    670,
                    49
                ]
            },
            {
                "text": "001",
                "box": [
                    672,
                    35,
                    692,
                    49
                ]
            }
        ],
        "id": 14,
        "neighbours": [
            "1",
            "91914407",
            "06/ 29/ 94 08: 25",
            "LORILLARD 25 JAX SALES GENERAL NY",
            "(INCLUDING COVER SHEET)",
            "The attached was obtained from Mackoul Dist.",
            "IF ANY OF THESE PAGES ARE NOT LEGIBLE OR YOU DO NOT RECEIVE ALL OF THIS TRANSMISSION, PLEASE CALL (904) 464 0800 AS SOON AS POSSIBLE."
        ]
    },
    {
        "text": "9143 PHILLIPS HWY. SUITE 120. JACKSONVILLE, FL 32256 TELEPHONE (904) 464 0800 FAX (904) 464 744",
        "box": [
            82,
            180,
            553,
            198
        ],
        "linking": [],
        "label": "other",
        "words": [
            {
                "text": "9143",
                "box": [
                    82,
                    182,
                    106,
                    193
                ]
            },
            {
                "text": "PHILLIPS",
                "box": [
                    110,
                    182,
                    151,
                    193
                ]
            },
            {
                "text": "HWY.",
                "box": [
                    151,
                    182,
                    178,
                    192
                ]
            },
            {
                "text": "SUITE",
                "box": [
                    179,
                    182,
                    207,
                    193
                ]
            },
            {
                "text": "120.",
                "box": [
                    209,
                    182,
                    229,
                    195
                ]
            },
            {
                "text": "JACKSONVILLE,",
                "box": [
                    230,
                    180,
                    301,
                    193
                ]
            },
            {
                "text": "FL",
                "box": [
                    302,
                    180,
                    316,
                    194
                ]
            },
            {
                "text": "32256",
                "box": [
                    316,
                    182,
                    343,
                    193
                ]
            },
            {
                "text": "TELEPHONE",
                "box": [
                    344,
                    182,
                    400,
                    196
                ]
            },
            {
                "text": "(904)",
                "box": [
                    402,
                    182,
                    424,
                    197
                ]
            },
            {
                "text": "464",
                "box": [
                    427,
                    183,
                    441,
                    196
                ]
            },
            {
                "text": "0800",
                "box": [
                    441,
                    183,
                    465,
                    194
                ]
            },
            {
                "text": "FAX",
                "box": [
                    466,
                    182,
                    486,
                    196
                ]
            },
            {
                "text": "(904)",
                "box": [
                    487,
                    183,
                    509,
                    198
                ]
            },
            {
                "text": "464",
                "box": [
                    510,
                    184,
                    531,
                    197
                ]
            },
            {
                "text": "744",
                "box": [
                    532,
                    183,
                    553,
                    196
                ]
            }
        ],
        "id": 15,
        "neighbours": [
            "1",
            "COMPANY",
            "TOBACCO",
            "Lorillard",
            "DATE:",
            "NAME:",
            "OFFICE:",
            "14",
            "NAME:",
            "COMMENTS:",
            "CC:",
            "06/ 29/ 94 08: 25",
            "LORILLARD 25 JAX SALES GENERAL NY",
            "FACSIMILE COVER PAGE",
            "6- 29- 94",
            "TOTAL PAGES",
            "(INCLUDING COVER SHEET)",
            "PLEASE DELIVER TRANSMISSION TO:",
            "Mr. Al Giacoio",
            "FAX PHONE NUMBER:",
            "THIS DOCUMENT IS FROM:",
            "Fred Paternostro",
            "FAX TELEPHONE NUMBER:",
            "(904) 464- 0744",
            "The attached was obtained from Mackoul Dist.",
            "R. E. KLEIN",
            "IF ANY OF THESE PAGES ARE NOT LEGIBLE OR YOU DO NOT RECEIVE ALL OF THIS TRANSMISSION, PLEASE CALL (904) 464 0800 AS SOON AS POSSIBLE."
        ]
    },
    {
        "text": "FACSIMILE COVER PAGE",
        "box": [
            214,
            246,
            552,
            279
        ],
        "linking": [],
        "label": "header",
        "words": [
            {
                "text": "FACSIMILE",
                "box": [
                    214,
                    246,
                    361,
                    277
                ]
            },
            {
                "text": "COVER",
                "box": [
                    367,
                    250,
                    468,
                    279
                ]
            },
            {
                "text": "PAGE",
                "box": [
                    472,
                    250,
                    552,
                    279
                ]
            }
        ],
        "id": 16,
        "neighbours": [
            "1",
            "COMPANY",
            "TOBACCO",
            "Lorillard",
            "14",
            "COMMENTS:",
            "CC:",
            "06/ 29/ 94 08: 25",
            "LORILLARD 25 JAX SALES GENERAL NY",
            "9143 PHILLIPS HWY. SUITE 120. JACKSONVILLE, FL 32256 TELEPHONE (904) 464 0800 FAX (904) 464 744",
            "6- 29- 94",
            "TOTAL PAGES",
            "(INCLUDING COVER SHEET)",
            "PLEASE DELIVER TRANSMISSION TO:",
            "Mr. Al Giacoio",
            "FAX PHONE NUMBER:",
            "THIS DOCUMENT IS FROM:",
            "Fred Paternostro",
            "FAX TELEPHONE NUMBER:",
            "(904) 464- 0744",
            "The attached was obtained from Mackoul Dist.",
            "R. E. KLEIN"
        ]
    },
    {
        "text": "6- 29- 94",
        "box": [
            163,
            325,
            228,
            340
        ],
        "linking": [
            [
                4,
                17
            ]
        ],
        "label": "answer",
        "words": [
            {
                "text": "6-",
                "box": [
                    163,
                    325,
                    184,
                    340
                ]
            },
            {
                "text": "29-",
                "box": [
                    183,
                    325,
                    208,
                    340
                ]
            },
            {
                "text": "94",
                "box": [
                    207,
                    325,
                    228,
                    339
                ]
            }
        ],
        "id": 17,
        "neighbours": [
            "1",
            "COMPANY",
            "TOBACCO",
            "Lorillard",
            "DATE:",
            "NAME:",
            "OFFICE:",
            "14",
            "NAME:",
            "COMMENTS:",
            "CC:",
            "06/ 29/ 94 08: 25",
            "FACSIMILE COVER PAGE",
            "TOTAL PAGES",
            "(INCLUDING COVER SHEET)",
            "Mr. Al Giacoio",
            "FAX PHONE NUMBER:",
            "THIS DOCUMENT IS FROM:",
            "Fred Paternostro",
            "FAX TELEPHONE NUMBER:",
            "(904) 464- 0744",
            "The attached was obtained from Mackoul Dist.",
            "R. E. KLEIN"
        ]
    },
    {
        "text": "TOTAL PAGES",
        "box": [
            372,
            321,
            488,
            341
        ],
        "linking": [
            [
                18,
                7
            ]
        ],
        "label": "question",
        "words": [
            {
                "text": "TOTAL",
                "box": [
                    372,
                    321,
                    426,
                    341
                ]
            },
            {
                "text": "PAGES",
                "box": [
                    429,
                    324,
                    488,
                    341
                ]
            }
        ],
        "id": 18,
        "neighbours": [
            "DATE:",
            "14",
            "LORILLARD 25 JAX SALES GENERAL NY",
            "9143 PHILLIPS HWY. SUITE 120. JACKSONVILLE, FL 32256 TELEPHONE (904) 464 0800 FAX (904) 464 744",
            "FACSIMILE COVER PAGE",
            "6- 29- 94",
            "(INCLUDING COVER SHEET)",
            "PLEASE DELIVER TRANSMISSION TO:",
            "Mr. Al Giacoio",
            "Fred Paternostro",
            "(904) 464- 0744",
            "R. E. KLEIN"
        ]
    },
    {
        "text": "(INCLUDING COVER SHEET)",
        "box": [
            372,
            344,
            599,
            364
        ],
        "linking": [],
        "label": "other",
        "words": [
            {
                "text": "(INCLUDING",
                "box": [
                    372,
                    344,
                    468,
                    362
                ]
            },
            {
                "text": "COVER",
                "box": [
                    472,
                    344,
                    532,
                    364
                ]
            },
            {
                "text": "SHEET)",
                "box": [
                    535,
                    346,
                    599,
                    364
                ]
            }
        ],
        "id": 19,
        "neighbours": [
            "DATE:",
            "14",
            "LORILLARD 25 JAX SALES GENERAL NY",
            "001",
            "9143 PHILLIPS HWY. SUITE 120. JACKSONVILLE, FL 32256 TELEPHONE (904) 464 0800 FAX (904) 464 744",
            "FACSIMILE COVER PAGE",
            "6- 29- 94",
            "TOTAL PAGES",
            "PLEASE DELIVER TRANSMISSION TO:",
            "Mr. Al Giacoio",
            "Fred Paternostro",
            "(904) 464- 0744",
            "The attached was obtained from Mackoul Dist.",
            "R. E. KLEIN",
            "IF ANY OF THESE PAGES ARE NOT LEGIBLE OR YOU DO NOT RECEIVE ALL OF THIS TRANSMISSION, PLEASE CALL (904) 464 0800 AS SOON AS POSSIBLE."
        ]
    },
    {
        "text": "PLEASE DELIVER TRANSMISSION TO:",
        "box": [
            60,
            401,
            358,
            422
        ],
        "linking": [
            [
                20,
                5
            ],
            [
                20,
                6
            ],
            [
                20,
                22
            ]
        ],
        "label": "header",
        "words": [
            {
                "text": "PLEASE",
                "box": [
                    60,
                    401,
                    127,
                    419
                ]
            },
            {
                "text": "DELIVER",
                "box": [
                    127,
                    401,
                    200,
                    419
                ]
            },
            {
                "text": "TRANSMISSION",
                "box": [
                    201,
                    402,
                    325,
                    422
                ]
            },
            {
                "text": "TO:",
                "box": [
                    330,
                    404,
                    358,
                    422
                ]
            }
        ],
        "id": 20,
        "neighbours": [
            "1",
            "COMPANY",
            "TOBACCO",
            "Lorillard",
            "DATE:",
            "NAME:",
            "OFFICE:",
            "NAME:",
            "COMMENTS:",
            "CC:",
            "06/ 29/ 94 08: 25",
            "LORILLARD 25 JAX SALES GENERAL NY",
            "9143 PHILLIPS HWY. SUITE 120. JACKSONVILLE, FL 32256 TELEPHONE (904) 464 0800 FAX (904) 464 744",
            "FACSIMILE COVER PAGE",
            "6- 29- 94",
            "TOTAL PAGES",
            "(INCLUDING COVER SHEET)",
            "Mr. Al Giacoio",
            "FAX PHONE NUMBER:",
            "THIS DOCUMENT IS FROM:",
            "Fred Paternostro",
            "FAX TELEPHONE NUMBER:",
            "(904) 464- 0744",
            "The attached was obtained from Mackoul Dist.",
            "R. E. KLEIN",
            "IF ANY OF THESE PAGES ARE NOT LEGIBLE OR YOU DO NOT RECEIVE ALL OF THIS TRANSMISSION, PLEASE CALL (904) 464 0800 AS SOON AS POSSIBLE."
        ]
    },
    {
        "text": "Mr. Al Giacoio",
        "box": [
            190,
            441,
            314,
            459
        ],
        "linking": [
            [
                5,
                21
            ]
        ],
        "label": "answer",
        "words": [
            {
                "text": "Mr.",
                "box": [
                    190,
                    441,
                    217,
                    459
                ]
            },
            {
                "text": "Al",
                "box": [
                    225,
                    441,
                    245,
                    459
                ]
            },
            {
                "text": "Giacoio",
                "box": [
                    251,
                    441,
                    314,
                    458
                ]
            }
        ],
        "id": 21,
        "neighbours": [
            "1",
            "COMPANY",
            "TOBACCO",
            "Lorillard",
            "NAME:",
            "OFFICE:",
            "NAME:",
            "COMMENTS:",
            "CC:",
            "06/ 29/ 94 08: 25",
            "LORILLARD 25 JAX SALES GENERAL NY",
            "FACSIMILE COVER PAGE",
            "6- 29- 94",
            "TOTAL PAGES",
            "(INCLUDING COVER SHEET)",
            "PLEASE DELIVER TRANSMISSION TO:",
            "FAX PHONE NUMBER:",
            "THIS DOCUMENT IS FROM:",
            "Fred Paternostro",
            "FAX TELEPHONE NUMBER:",
            "(904) 464- 0744",
            "The attached was obtained from Mackoul Dist.",
            "R. E. KLEIN"
        ]
    },
    {
        "text": "FAX PHONE NUMBER:",
        "box": [
            60,
            524,
            237,
            545
        ],
        "linking": [
            [
                20,
                22
            ]
        ],
        "label": "question",
        "words": [
            {
                "text": "FAX",
                "box": [
                    60,
                    524,
                    94,
                    544
                ]
            },
            {
                "text": "PHONE",
                "box": [
                    95,
                    524,
                    155,
                    544
                ]
            },
            {
                "text": "NUMBER:",
                "box": [
                    159,
                    524,
                    237,
                    545
                ]
            }
        ],
        "id": 22,
        "neighbours": [
            "1",
            "COMPANY",
            "TOBACCO",
            "Lorillard",
            "DATE:",
            "NAME:",
            "OFFICE:",
            "NAME:",
            "COMMENTS:",
            "CC:",
            "06/ 29/ 94 08: 25",
            "9143 PHILLIPS HWY. SUITE 120. JACKSONVILLE, FL 32256 TELEPHONE (904) 464 0800 FAX (904) 464 744",
            "FACSIMILE COVER PAGE",
            "6- 29- 94",
            "PLEASE DELIVER TRANSMISSION TO:",
            "Mr. Al Giacoio",
            "THIS DOCUMENT IS FROM:",
            "Fred Paternostro",
            "FAX TELEPHONE NUMBER:",
            "(904) 464- 0744",
            "The attached was obtained from Mackoul Dist.",
            "R. E. KLEIN",
            "IF ANY OF THESE PAGES ARE NOT LEGIBLE OR YOU DO NOT RECEIVE ALL OF THIS TRANSMISSION, PLEASE CALL (904) 464 0800 AS SOON AS POSSIBLE."
        ]
    },
    {
        "text": "THIS DOCUMENT IS FROM:",
        "box": [
            59,
            582,
            278,
            605
        ],
        "linking": [
            [
                23,
                8
            ],
            [
                23,
                25
            ],
            [
                23,
                9
            ]
        ],
        "label": "header",
        "words": [
            {
                "text": "THIS",
                "box": [
                    59,
                    582,
                    98,
                    603
                ]
            },
            {
                "text": "DOCUMENT",
                "box": [
                    101,
                    584,
                    199,
                    602
                ]
            },
            {
                "text": "IS",
                "box": [
                    201,
                    584,
                    218,
                    604
                ]
            },
            {
                "text": "FROM:",
                "box": [
                    219,
                    587,
                    278,
                    605
                ]
            }
        ],
        "id": 23,
        "neighbours": [
            "1",
            "COMPANY",
            "TOBACCO",
            "Lorillard",
            "DATE:",
            "NAME:",
            "OFFICE:",
            "NAME:",
            "COMMENTS:",
            "CC:",
            "06/ 29/ 94 08: 25",
            "9143 PHILLIPS HWY. SUITE 120. JACKSONVILLE, FL 32256 TELEPHONE (904) 464 0800 FAX (904) 464 744",
            "FACSIMILE COVER PAGE",
            "6- 29- 94",
            "PLEASE DELIVER TRANSMISSION TO:",
            "Mr. Al Giacoio",
            "FAX PHONE NUMBER:",
            "Fred Paternostro",
            "FAX TELEPHONE NUMBER:",
            "(904) 464- 0744",
            "The attached was obtained from Mackoul Dist.",
            "R. E. KLEIN",
            "IF ANY OF THESE PAGES ARE NOT LEGIBLE OR YOU DO NOT RECEIVE ALL OF THIS TRANSMISSION, PLEASE CALL (904) 464 0800 AS SOON AS POSSIBLE."
        ]
    },
    {
        "text": "Fred Paternostro",
        "box": [
            215,
            627,
            356,
            647
        ],
        "linking": [
            [
                8,
                24
            ]
        ],
        "label": "answer",
        "words": [
            {
                "text": "Fred",
                "box": [
                    215,
                    627,
                    254,
                    647
                ]
            },
            {
                "text": "Paternostro",
                "box": [
                    258,
                    630,
                    356,
                    647
                ]
            }
        ],
        "id": 24,
        "neighbours": [
            "1",
            "COMPANY",
            "TOBACCO",
            "Lorillard",
            "NAME:",
            "COMMENTS:",
            "CC:",
            "06/ 29/ 94 08: 25",
            "LORILLARD 25 JAX SALES GENERAL NY",
            "FACSIMILE COVER PAGE",
            "6- 29- 94",
            "TOTAL PAGES",
            "(INCLUDING COVER SHEET)",
            "PLEASE DELIVER TRANSMISSION TO:",
            "Mr. Al Giacoio",
            "FAX PHONE NUMBER:",
            "THIS DOCUMENT IS FROM:",
            "FAX TELEPHONE NUMBER:",
            "(904) 464- 0744",
            "The attached was obtained from Mackoul Dist.",
            "R. E. KLEIN"
        ]
    },
    {
        "text": "FAX TELEPHONE NUMBER:",
        "box": [
            56,
            666,
            276,
            688
        ],
        "linking": [
            [
                23,
                25
            ],
            [
                25,
                26
            ]
        ],
        "label": "question",
        "words": [
            {
                "text": "FAX",
                "box": [
                    56,
                    666,
                    91,
                    686
                ]
            },
            {
                "text": "TELEPHONE",
                "box": [
                    94,
                    668,
                    196,
                    688
                ]
            },
            {
                "text": "NUMBER:",
                "box": [
                    196,
                    669,
                    276,
                    687
                ]
            }
        ],
        "id": 25,
        "neighbours": [
            "1",
            "COMPANY",
            "TOBACCO",
            "Lorillard",
            "DATE:",
            "NAME:",
            "OFFICE:",
            "NAME:",
            "COMMENTS:",
            "CC:",
            "06/ 29/ 94 08: 25",
            "9143 PHILLIPS HWY. SUITE 120. JACKSONVILLE, FL 32256 TELEPHONE (904) 464 0800 FAX (904) 464 744",
            "FACSIMILE COVER PAGE",
            "6- 29- 94",
            "PLEASE DELIVER TRANSMISSION TO:",
            "Mr. Al Giacoio",
            "FAX PHONE NUMBER:",
            "THIS DOCUMENT IS FROM:",
            "Fred Paternostro",
            "(904) 464- 0744",
            "The attached was obtained from Mackoul Dist.",
            "R. E. KLEIN",
            "IF ANY OF THESE PAGES ARE NOT LEGIBLE OR YOU DO NOT RECEIVE ALL OF THIS TRANSMISSION, PLEASE CALL (904) 464 0800 AS SOON AS POSSIBLE."
        ]
    },
    {
        "text": "(904) 464- 0744",
        "box": [
            282,
            669,
            397,
            690
        ],
        "linking": [
            [
                25,
                26
            ]
        ],
        "label": "answer",
        "words": [
            {
                "text": "(904)",
                "box": [
                    282,
                    669,
                    323,
                    690
                ]
            },
            {
                "text": "464-",
                "box": [
                    324,
                    670,
                    358,
                    687
                ]
            },
            {
                "text": "0744",
                "box": [
                    358,
                    670,
                    397,
                    687
                ]
            }
        ],
        "id": 26,
        "neighbours": [
            "1",
            "COMPANY",
            "Lorillard",
            "CC:",
            "LORILLARD 25 JAX SALES GENERAL NY",
            "FACSIMILE COVER PAGE",
            "6- 29- 94",
            "TOTAL PAGES",
            "(INCLUDING COVER SHEET)",
            "PLEASE DELIVER TRANSMISSION TO:",
            "Mr. Al Giacoio",
            "FAX PHONE NUMBER:",
            "THIS DOCUMENT IS FROM:",
            "Fred Paternostro",
            "FAX TELEPHONE NUMBER:",
            "The attached was obtained from Mackoul Dist.",
            "R. E. KLEIN"
        ]
    },
    {
        "text": "The attached was obtained from Mackoul Dist.",
        "box": [
            207,
            728,
            581,
            748
        ],
        "linking": [
            [
                9,
                27
            ]
        ],
        "label": "answer",
        "words": [
            {
                "text": "The",
                "box": [
                    207,
                    729,
                    235,
                    747
                ]
            },
            {
                "text": "attached",
                "box": [
                    240,
                    728,
                    311,
                    748
                ]
            },
            {
                "text": "was",
                "box": [
                    317,
                    732,
                    345,
                    747
                ]
            },
            {
                "text": "obtained",
                "box": [
                    352,
                    729,
                    423,
                    747
                ]
            },
            {
                "text": "from",
                "box": [
                    429,
                    730,
                    465,
                    748
                ]
            },
            {
                "text": "Mackoul",
                "box": [
                    469,
                    729,
                    532,
                    747
                ]
            },
            {
                "text": "Dist.",
                "box": [
                    539,
                    730,
                    581,
                    748
                ]
            }
        ],
        "id": 27,
        "neighbours": [
            "1",
            "COMPANY",
            "TOBACCO",
            "Lorillard",
            "14",
            "COMMENTS:",
            "CC:",
            "06/ 29/ 94 08: 25",
            "LORILLARD 25 JAX SALES GENERAL NY",
            "001",
            "9143 PHILLIPS HWY. SUITE 120. JACKSONVILLE, FL 32256 TELEPHONE (904) 464 0800 FAX (904) 464 744",
            "FACSIMILE COVER PAGE",
            "6- 29- 94",
            "TOTAL PAGES",
            "(INCLUDING COVER SHEET)",
            "PLEASE DELIVER TRANSMISSION TO:",
            "Mr. Al Giacoio",
            "FAX PHONE NUMBER:",
            "THIS DOCUMENT IS FROM:",
            "Fred Paternostro",
            "FAX TELEPHONE NUMBER:",
            "(904) 464- 0744",
            "R. E. KLEIN"
        ]
    },
    {
        "text": "R. E. KLEIN",
        "box": [
            281,
            810,
            368,
            831
        ],
        "linking": [
            [
                10,
                28
            ]
        ],
        "label": "answer",
        "words": [
            {
                "text": "R.",
                "box": [
                    281,
                    811,
                    296,
                    829
                ]
            },
            {
                "text": "E.",
                "box": [
                    296,
                    810,
                    313,
                    830
                ]
            },
            {
                "text": "KLEIN",
                "box": [
                    321,
                    811,
                    368,
                    831
                ]
            }
        ],
        "id": 28,
        "neighbours": [
            "1",
            "COMPANY",
            "Lorillard",
            "CC:",
            "LORILLARD 25 JAX SALES GENERAL NY",
            "FACSIMILE COVER PAGE",
            "6- 29- 94",
            "TOTAL PAGES",
            "(INCLUDING COVER SHEET)",
            "PLEASE DELIVER TRANSMISSION TO:",
            "Mr. Al Giacoio",
            "FAX PHONE NUMBER:",
            "THIS DOCUMENT IS FROM:",
            "Fred Paternostro",
            "FAX TELEPHONE NUMBER:",
            "(904) 464- 0744",
            "The attached was obtained from Mackoul Dist."
        ]
    },
    {
        "text": "IF ANY OF THESE PAGES ARE NOT LEGIBLE OR YOU DO NOT RECEIVE ALL OF THIS TRANSMISSION, PLEASE CALL (904) 464 0800 AS SOON AS POSSIBLE.",
        "box": [
            56,
            911,
            676,
            957
        ],
        "linking": [],
        "label": "other",
        "words": [
            {
                "text": "IF",
                "box": [
                    56,
                    911,
                    70,
                    928
                ]
            },
            {
                "text": "ANY",
                "box": [
                    74,
                    911,
                    106,
                    929
                ]
            },
            {
                "text": "OF",
                "box": [
                    112,
                    912,
                    134,
                    927
                ]
            },
            {
                "text": "THESE",
                "box": [
                    137,
                    911,
                    196,
                    933
                ]
            },
            {
                "text": "PAGES",
                "box": [
                    198,
                    913,
                    255,
                    933
                ]
            },
            {
                "text": "ARE",
                "box": [
                    260,
                    915,
                    294,
                    932
                ]
            },
            {
                "text": "NOT",
                "box": [
                    296,
                    915,
                    330,
                    933
                ]
            },
            {
                "text": "LEGIBLE",
                "box": [
                    332,
                    915,
                    403,
                    933
                ]
            },
            {
                "text": "OR",
                "box": [
                    405,
                    916,
                    430,
                    931
                ]
            },
            {
                "text": "YOU",
                "box": [
                    433,
                    916,
                    469,
                    933
                ]
            },
            {
                "text": "DO",
                "box": [
                    473,
                    916,
                    500,
                    934
                ]
            },
            {
                "text": "NOT",
                "box": [
                    501,
                    916,
                    539,
                    933
                ]
            },
            {
                "text": "RECEIVE",
                "box": [
                    543,
                    918,
                    613,
                    936
                ]
            },
            {
                "text": "ALL",
                "box": [
                    616,
                    918,
                    648,
                    935
                ]
            },
            {
                "text": "OF",
                "box": [
                    649,
                    918,
                    676,
                    935
                ]
            },
            {
                "text": "THIS",
                "box": [
                    57,
                    932,
                    92,
                    950
                ]
            },
            {
                "text": "TRANSMISSION,",
                "box": [
                    96,
                    932,
                    227,
                    953
                ]
            },
            {
                "text": "PLEASE",
                "box": [
                    232,
                    934,
                    293,
                    954
                ]
            },
            {
                "text": "CALL",
                "box": [
                    297,
                    937,
                    340,
                    955
                ]
            },
            {
                "text": "(904)",
                "box": [
                    341,
                    936,
                    380,
                    956
                ]
            },
            {
                "text": "464",
                "box": [
                    384,
                    939,
                    416,
                    956
                ]
            },
            {
                "text": "0800",
                "box": [
                    416,
                    936,
                    455,
                    954
                ]
            },
            {
                "text": "AS",
                "box": [
                    457,
                    937,
                    481,
                    954
                ]
            },
            {
                "text": "SOON",
                "box": [
                    483,
                    937,
                    536,
                    954
                ]
            },
            {
                "text": "AS",
                "box": [
                    539,
                    939,
                    563,
                    957
                ]
            },
            {
                "text": "POSSIBLE.",
                "box": [
                    567,
                    939,
                    654,
                    957
                ]
            }
        ],
        "id": 29,
        "neighbours": [
            "1",
            "COMPANY",
            "TOBACCO",
            "Lorillard",
            "DATE:",
            "NAME:",
            "OFFICE:",
            "14",
            "NAME:",
            "COMMENTS:",
            "CC:",
            "91914407",
            "06/ 29/ 94 08: 25",
            "LORILLARD 25 JAX SALES GENERAL NY",
            "001",
            "9143 PHILLIPS HWY. SUITE 120. JACKSONVILLE, FL 32256 TELEPHONE (904) 464 0800 FAX (904) 464 744",
            "FACSIMILE COVER PAGE",
            "6- 29- 94",
            "TOTAL PAGES",
            "(INCLUDING COVER SHEET)",
            "PLEASE DELIVER TRANSMISSION TO:",
            "Mr. Al Giacoio",
            "FAX PHONE NUMBER:",
            "THIS DOCUMENT IS FROM:",
            "Fred Paternostro",
            "FAX TELEPHONE NUMBER:",
            "(904) 464- 0744",
            "The attached was obtained from Mackoul Dist.",
            "R. E. KLEIN"
        ]
    }
]