[
    {
        "box": [
            96,
            115,
            120,
            130
        ],
        "text": "TO:",
        "label": "question",
        "words": [
            {
                "box": [
                    96,
                    115,
                    120,
                    130
                ],
                "text": "TO:"
            }
        ],
        "linking": [
            [
                0,
                10
            ]
        ],
        "id": 0,
        "neighbours": [
            "FROM:",
            "SUBJECT:",
            "SUBMISSION DATE",
            "MAVERICK SPECIALS- PROGRESS REPORT",
            "R. B. SPELL",
            "EFFECTIVENESS OF:",
            "(Report on May 27 only)",
            "PRE- SELL",
            "BOOKLET/ COUPON",
            "MAVERICK/ HARLEY B1 G1 F",
            "COMPETITIVE PROMOTIONAL ACTIVITY",
            "(Report on May 27 only)",
            "Average Coupon Buydown Value On Targeted Brands (Doral/ Basic/ Monarch/ Cambridge/ GPC"
        ]
    },
    {
        "box": [
            96,
            141,
            141,
            158
        ],
        "text": "FROM:",
        "label": "question",
        "words": [
            {
                "box": [
                    96,
                    141,
                    141,
                    158
                ],
                "text": "FROM:"
            }
        ],
        "linking": [],
        "id": 1,
        "neighbours": [
            "TO:",
            "SUBJECT:",
            "SUBMISSION DATE",
            "MAY 27 \u2610",
            "JUN 24 \u2610",
            "AUG 26 \u2610",
            "OCT 07 \u2610",
            "MAVERICK SPECIALS- PROGRESS REPORT",
            "R. B. SPELL",
            "EFFECTIVENESS OF:",
            "(Report on May 27 only)",
            "PRE- SELL",
            "BOOKLET/ COUPON",
            "MAVERICK/ HARLEY B1 G1 F",
            "COMPETITIVE PROMOTIONAL ACTIVITY",
            "(Report on May 27 only)",
            "Average Coupon Buydown Value On Targeted Brands (Doral/ Basic/ Monarch/ Cambridge/ GPC",
            "PACKS \u2610"
        ]
    },
    {
        "box": [
            96,
            193,
            160,
            211
        ],
        "text": "SUBJECT:",
        "label": "question",
        "words": [
            {
                "box": [
                    96,
                    193,
                    160,
                    211
                ],
                "text": "SUBJECT:"
            }
        ],
        "linking": [
            [
                2,
                9
            ]
        ],
        "id": 2,
        "neighbours": [
            "TO:",
            "FROM:",
            "JUN 24 \u2610",
            "OCT 07 \u2610",
            "MAVERICK SPECIALS- PROGRESS REPORT",
            "R. B. SPELL",
            "EFFECTIVENESS OF:",
            "(Report on May 27 only)",
            "PRE- SELL",
            "BOOKLET/ COUPON",
            "MAVERICK/ HARLEY B1 G1 F",
            "COMPETITIVE PROMOTIONAL ACTIVITY",
            "(Report on May 27 only)",
            "Average Coupon Buydown Value On Targeted Brands (Doral/ Basic/ Monarch/ Cambridge/ GPC",
            "PACKS \u2610",
            "CARTONS \u2610"
        ]
    },
    {
        "box": [
            687,
            767,
            700,
            834
        ],
        "text": "92039708",
        "label": "other",
        "words": [
            {
                "box": [
                    687,
                    767,
                    700,
                    834
                ],
                "text": "92039708"
            }
        ],
        "linking": [],
        "id": 3,
        "neighbours": [
            "SUBMISSION DATE",
            "AUG 26 \u2610",
            "OCT 07 \u2610",
            "Pre- Sell Booklet /Coupon Maverick /Harley B1 G1 F",
            "COMPETITIVE PROMOTIONAL ACTIVITY",
            "(Report on May 27 only)",
            "Average Coupon Buydown Value On Targeted Brands (Doral/ Basic/ Monarch/ Cambridge/ GPC",
            "PACKS \u2610",
            "1 of 3"
        ]
    },
    {
        "text": "SUBMISSION DATE",
        "box": [
            487,
            119,
            624,
            133
        ],
        "linking": [
            [
                4,
                5
            ],
            [
                4,
                6
            ],
            [
                4,
                7
            ],
            [
                4,
                8
            ]
        ],
        "label": "header",
        "words": [
            {
                "text": "SUBMISSION",
                "box": [
                    487,
                    119,
                    578,
                    132
                ]
            },
            {
                "text": "DATE",
                "box": [
                    581,
                    119,
                    624,
                    133
                ]
            }
        ],
        "id": 4,
        "neighbours": [
            "TO:",
            "FROM:",
            "92039708",
            "MAY 27 \u2610",
            "JUN 24 \u2610",
            "AUG 26 \u2610",
            "OCT 07 \u2610",
            "MAVERICK SPECIALS- PROGRESS REPORT",
            "R. B. SPELL",
            "Pre- Sell Booklet /Coupon Maverick /Harley B1 G1 F",
            "Average Coupon Buydown Value On Targeted Brands (Doral/ Basic/ Monarch/ Cambridge/ GPC",
            "1 of 3"
        ]
    },
    {
        "text": "MAY 27 \u2610",
        "box": [
            451,
            145,
            548,
            163
        ],
        "linking": [
            [
                4,
                5
            ]
        ],
        "label": "question",
        "words": [
            {
                "text": "MAY",
                "box": [
                    451,
                    147,
                    483,
                    160
                ]
            },
            {
                "text": "27",
                "box": [
                    486,
                    147,
                    503,
                    161
                ]
            },
            {
                "text": "\u2610",
                "box": [
                    521,
                    145,
                    548,
                    163
                ]
            }
        ],
        "id": 5,
        "neighbours": [
            "FROM:",
            "SUBMISSION DATE",
            "JUN 24 \u2610",
            "AUG 26 \u2610",
            "OCT 07 \u2610",
            "MAVERICK SPECIALS- PROGRESS REPORT",
            "Pre- Sell Booklet /Coupon Maverick /Harley B1 G1 F",
            "COMPETITIVE PROMOTIONAL ACTIVITY",
            "PACKS \u2610",
            "CARTONS \u2610"
        ]
    },
    {
        "text": "JUN 24 \u2610",
        "box": [
            451,
            165,
            548,
            185
        ],
        "linking": [
            [
                4,
                6
            ]
        ],
        "label": "question",
        "words": [
            {
                "text": "JUN",
                "box": [
                    451,
                    165,
                    480,
                    182
                ]
            },
            {
                "text": "24",
                "box": [
                    483,
                    166,
                    500,
                    181
                ]
            },
            {
                "text": "\u2610",
                "box": [
                    520,
                    165,
                    548,
                    185
                ]
            }
        ],
        "id": 6,
        "neighbours": [
            "FROM:",
            "SUBJECT:",
            "SUBMISSION DATE",
            "MAY 27 \u2610",
            "AUG 26 \u2610",
            "OCT 07 \u2610",
            "MAVERICK SPECIALS- PROGRESS REPORT",
            "Pre- Sell Booklet /Coupon Maverick /Harley B1 G1 F",
            "COMPETITIVE PROMOTIONAL ACTIVITY",
            "PACKS \u2610",
            "CARTONS \u2610"
        ]
    },
    {
        "text": "AUG 26 \u2610",
        "box": [
            580,
            147,
            669,
            164
        ],
        "linking": [
            [
                4,
                7
            ]
        ],
        "label": "question",
        "words": [
            {
                "text": "AUG",
                "box": [
                    580,
                    147,
                    612,
                    161
                ]
            },
            {
                "text": "26",
                "box": [
                    613,
                    148,
                    633,
                    163
                ]
            },
            {
                "text": "\u2610",
                "box": [
                    642,
                    147,
                    669,
                    164
                ]
            }
        ],
        "id": 7,
        "neighbours": [
            "FROM:",
            "92039708",
            "SUBMISSION DATE",
            "MAY 27 \u2610",
            "JUN 24 \u2610",
            "OCT 07 \u2610",
            "Pre- Sell Booklet /Coupon Maverick /Harley B1 G1 F",
            "Average Coupon Buydown Value On Targeted Brands (Doral/ Basic/ Monarch/ Cambridge/ GPC",
            "1 of 3"
        ]
    },
    {
        "text": "OCT 07 \u2610",
        "box": [
            580,
            165,
            669,
            186
        ],
        "linking": [
            [
                4,
                8
            ]
        ],
        "label": "question",
        "words": [
            {
                "text": "OCT",
                "box": [
                    580,
                    165,
                    611,
                    182
                ]
            },
            {
                "text": "07",
                "box": [
                    613,
                    166,
                    631,
                    183
                ]
            },
            {
                "text": "\u2610",
                "box": [
                    641,
                    166,
                    669,
                    186
                ]
            }
        ],
        "id": 8,
        "neighbours": [
            "FROM:",
            "SUBJECT:",
            "92039708",
            "SUBMISSION DATE",
            "MAY 27 \u2610",
            "JUN 24 \u2610",
            "AUG 26 \u2610",
            "Pre- Sell Booklet /Coupon Maverick /Harley B1 G1 F",
            "Average Coupon Buydown Value On Targeted Brands (Doral/ Basic/ Monarch/ Cambridge/ GPC",
            "1 of 3"
        ]
    },
    {
        "text": "MAVERICK SPECIALS- PROGRESS REPORT",
        "box": [
            184,
            196,
            490,
            213
        ],
        "linking": [
            [
                2,
                9
            ]
        ],
        "label": "answer",
        "words": [
            {
                "text": "MAVERICK",
                "box": [
                    184,
                    196,
                    261,
                    211
                ]
            },
            {
                "text": "SPECIALS-",
                "box": [
                    264,
                    197,
                    344,
                    212
                ]
            },
            {
                "text": "PROGRESS",
                "box": [
                    346,
                    197,
                    427,
                    211
                ]
            },
            {
                "text": "REPORT",
                "box": [
                    430,
                    198,
                    490,
                    213
                ]
            }
        ],
        "id": 9,
        "neighbours": [
            "TO:",
            "FROM:",
            "SUBJECT:",
            "SUBMISSION DATE",
            "MAY 27 \u2610",
            "JUN 24 \u2610",
            "R. B. SPELL",
            "EFFECTIVENESS OF:",
            "Pre- Sell Booklet /Coupon Maverick /Harley B1 G1 F",
            "(Report on May 27 only)",
            "PRE- SELL",
            "BOOKLET/ COUPON",
            "MAVERICK/ HARLEY B1 G1 F",
            "COMPETITIVE PROMOTIONAL ACTIVITY",
            "(Report on May 27 only)",
            "PACKS \u2610",
            "CARTONS \u2610"
        ]
    },
    {
        "text": "R. B. SPELL",
        "box": [
            186,
            116,
            261,
            130
        ],
        "linking": [
            [
                0,
                10
            ]
        ],
        "label": "answer",
        "words": [
            {
                "text": "R.",
                "box": [
                    186,
                    117,
                    199,
                    130
                ]
            },
            {
                "text": "B.",
                "box": [
                    203,
                    116,
                    216,
                    130
                ]
            },
            {
                "text": "SPELL",
                "box": [
                    219,
                    116,
                    261,
                    130
                ]
            }
        ],
        "id": 10,
        "neighbours": [
            "TO:",
            "FROM:",
            "SUBJECT:",
            "SUBMISSION DATE",
            "MAVERICK SPECIALS- PROGRESS REPORT",
            "EFFECTIVENESS OF:",
            "Pre- Sell Booklet /Coupon Maverick /Harley B1 G1 F",
            "(Report on May 27 only)",
            "PRE- SELL",
            "BOOKLET/ COUPON",
            "MAVERICK/ HARLEY B1 G1 F",
            "(Report on May 27 only)",
            "PACKS \u2610",
            "CARTONS \u2610"
        ]
    },
    {
        "text": "EFFECTIVENESS OF:",
        "box": [
            95,
            270,
            242,
            287
        ],
        "linking": [
            [
                11,
                12
            ]
        ],
        "label": "question",
        "words": [
            {
                "text": "EFFECTIVENESS",
                "box": [
                    95,
                    271,
                    214,
                    286
                ]
            },
            {
                "text": "OF:",
                "box": [
                    218,
                    270,
                    242,
                    287
                ]
            }
        ],
        "id": 11,
        "neighbours": [
            "TO:",
            "FROM:",
            "SUBJECT:",
            "MAVERICK SPECIALS- PROGRESS REPORT",
            "R. B. SPELL",
            "Pre- Sell Booklet /Coupon Maverick /Harley B1 G1 F",
            "(Report on May 27 only)",
            "PRE- SELL",
            "BOOKLET/ COUPON",
            "MAVERICK/ HARLEY B1 G1 F",
            "COMPETITIVE PROMOTIONAL ACTIVITY",
            "(Report on May 27 only)",
            "Average Coupon Buydown Value On Targeted Brands (Doral/ Basic/ Monarch/ Cambridge/ GPC",
            "PACKS \u2610",
            "CARTONS \u2610"
        ]
    },
    {
        "text": "Pre- Sell Booklet /Coupon Maverick /Harley B1 G1 F",
        "box": [
            254,
            270,
            623,
            291
        ],
        "linking": [
            [
                11,
                12
            ]
        ],
        "label": "answer",
        "words": [
            {
                "text": "Pre-",
                "box": [
                    254,
                    271,
                    283,
                    286
                ]
            },
            {
                "text": "Sell",
                "box": [
                    282,
                    270,
                    310,
                    287
                ]
            },
            {
                "text": "Booklet",
                "box": [
                    317,
                    271,
                    381,
                    286
                ]
            },
            {
                "text": "/Coupon",
                "box": [
                    380,
                    272,
                    441,
                    287
                ]
            },
            {
                "text": "Maverick",
                "box": [
                    447,
                    272,
                    522,
                    287
                ]
            },
            {
                "text": "/Harley",
                "box": [
                    521,
                    274,
                    571,
                    289
                ]
            },
            {
                "text": "B1",
                "box": [
                    577,
                    272,
                    592,
                    287
                ]
            },
            {
                "text": "G1",
                "box": [
                    594,
                    275,
                    614,
                    289
                ]
            },
            {
                "text": "F",
                "box": [
                    615,
                    277,
                    623,
                    291
                ]
            }
        ],
        "id": 12,
        "neighbours": [
            "92039708",
            "SUBMISSION DATE",
            "MAY 27 \u2610",
            "JUN 24 \u2610",
            "AUG 26 \u2610",
            "OCT 07 \u2610",
            "MAVERICK SPECIALS- PROGRESS REPORT",
            "R. B. SPELL",
            "EFFECTIVENESS OF:",
            "(Report on May 27 only)",
            "BOOKLET/ COUPON",
            "MAVERICK/ HARLEY B1 G1 F",
            "COMPETITIVE PROMOTIONAL ACTIVITY",
            "(Report on May 27 only)",
            "Average Coupon Buydown Value On Targeted Brands (Doral/ Basic/ Monarch/ Cambridge/ GPC",
            "PACKS \u2610",
            "CARTONS \u2610",
            "1 of 3"
        ]
    },
    {
        "text": "(Report on May 27 only)",
        "box": [
            101,
            292,
            264,
            311
        ],
        "linking": [],
        "label": "other",
        "words": [
            {
                "text": "(Report",
                "box": [
                    101,
                    292,
                    151,
                    307
                ]
            },
            {
                "text": "on",
                "box": [
                    155,
                    295,
                    172,
                    306
                ]
            },
            {
                "text": "May",
                "box": [
                    176,
                    293,
                    205,
                    307
                ]
            },
            {
                "text": "27",
                "box": [
                    207,
                    293,
                    227,
                    306
                ]
            },
            {
                "text": "only)",
                "box": [
                    230,
                    293,
                    264,
                    311
                ]
            }
        ],
        "id": 13,
        "neighbours": [
            "TO:",
            "FROM:",
            "SUBJECT:",
            "MAVERICK SPECIALS- PROGRESS REPORT",
            "R. B. SPELL",
            "EFFECTIVENESS OF:",
            "Pre- Sell Booklet /Coupon Maverick /Harley B1 G1 F",
            "PRE- SELL",
            "BOOKLET/ COUPON",
            "MAVERICK/ HARLEY B1 G1 F",
            "COMPETITIVE PROMOTIONAL ACTIVITY",
            "(Report on May 27 only)",
            "Average Coupon Buydown Value On Targeted Brands (Doral/ Basic/ Monarch/ Cambridge/ GPC",
            "PACKS \u2610",
            "CARTONS \u2610"
        ]
    },
    {
        "text": "PRE- SELL",
        "box": [
            95,
            313,
            164,
            327
        ],
        "linking": [],
        "label": "question",
        "words": [
            {
                "text": "PRE-",
                "box": [
                    95,
                    313,
                    129,
                    327
                ]
            },
            {
                "text": "SELL",
                "box": [
                    128,
                    313,
                    164,
                    327
                ]
            }
        ],
        "id": 14,
        "neighbours": [
            "TO:",
            "FROM:",
            "SUBJECT:",
            "MAVERICK SPECIALS- PROGRESS REPORT",
            "R. B. SPELL",
            "EFFECTIVENESS OF:",
            "(Report on May 27 only)",
            "BOOKLET/ COUPON",
            "MAVERICK/ HARLEY B1 G1 F",
            "COMPETITIVE PROMOTIONAL ACTIVITY",
            "(Report on May 27 only)",
            "Average Coupon Buydown Value On Targeted Brands (Doral/ Basic/ Monarch/ Cambridge/ GPC",
            "PACKS \u2610",
            "CARTONS \u2610"
        ]
    },
    {
        "text": "BOOKLET/ COUPON",
        "box": [
            94,
            457,
            232,
            474
        ],
        "linking": [],
        "label": "question",
        "words": [
            {
                "text": "BOOKLET/",
                "box": [
                    94,
                    457,
                    168,
                    474
                ]
            },
            {
                "text": "COUPON",
                "box": [
                    168,
                    457,
                    232,
                    474
                ]
            }
        ],
        "id": 15,
        "neighbours": [
            "TO:",
            "FROM:",
            "SUBJECT:",
            "MAVERICK SPECIALS- PROGRESS REPORT",
            "R. B. SPELL",
            "EFFECTIVENESS OF:",
            "Pre- Sell Booklet /Coupon Maverick /Harley B1 G1 F",
            "(Report on May 27 only)",
            "PRE- SELL",
            "MAVERICK/ HARLEY B1 G1 F",
            "COMPETITIVE PROMOTIONAL ACTIVITY",
            "(Report on May 27 only)",
            "Average Coupon Buydown Value On Targeted Brands (Doral/ Basic/ Monarch/ Cambridge/ GPC",
            "PACKS \u2610",
            "CARTONS \u2610"
        ]
    },
    {
        "text": "MAVERICK/ HARLEY B1 G1 F",
        "box": [
            94,
            605,
            278,
            620
        ],
        "linking": [],
        "label": "question",
        "words": [
            {
                "text": "MAVERICK/",
                "box": [
                    94,
                    605,
                    174,
                    619
                ]
            },
            {
                "text": "HARLEY",
                "box": [
                    173,
                    605,
                    229,
                    619
                ]
            },
            {
                "text": "B1",
                "box": [
                    233,
                    605,
                    248,
                    620
                ]
            },
            {
                "text": "G1",
                "box": [
                    250,
                    606,
                    268,
                    619
                ]
            },
            {
                "text": "F",
                "box": [
                    270,
                    606,
                    278,
                    619
                ]
            }
        ],
        "id": 16,
        "neighbours": [
            "TO:",
            "FROM:",
            "SUBJECT:",
            "MAVERICK SPECIALS- PROGRESS REPORT",
            "R. B. SPELL",
            "EFFECTIVENESS OF:",
            "Pre- Sell Booklet /Coupon Maverick /Harley B1 G1 F",
            "(Report on May 27 only)",
            "PRE- SELL",
            "BOOKLET/ COUPON",
            "COMPETITIVE PROMOTIONAL ACTIVITY",
            "(Report on May 27 only)",
            "Average Coupon Buydown Value On Targeted Brands (Doral/ Basic/ Monarch/ Cambridge/ GPC",
            "PACKS \u2610",
            "CARTONS \u2610"
        ]
    },
    {
        "text": "COMPETITIVE PROMOTIONAL ACTIVITY",
        "box": [
            102,
            746,
            380,
            761
        ],
        "linking": [],
        "label": "question",
        "words": [
            {
                "text": "COMPETITIVE",
                "box": [
                    102,
                    746,
                    201,
                    759
                ]
            },
            {
                "text": "PROMOTIONAL",
                "box": [
                    205,
                    747,
                    310,
                    761
                ]
            },
            {
                "text": "ACTIVITY",
                "box": [
                    314,
                    747,
                    380,
                    761
                ]
            }
        ],
        "id": 17,
        "neighbours": [
            "TO:",
            "FROM:",
            "SUBJECT:",
            "92039708",
            "MAY 27 \u2610",
            "JUN 24 \u2610",
            "MAVERICK SPECIALS- PROGRESS REPORT",
            "R. B. SPELL",
            "EFFECTIVENESS OF:",
            "Pre- Sell Booklet /Coupon Maverick /Harley B1 G1 F",
            "(Report on May 27 only)",
            "PRE- SELL",
            "BOOKLET/ COUPON",
            "MAVERICK/ HARLEY B1 G1 F",
            "(Report on May 27 only)",
            "Average Coupon Buydown Value On Targeted Brands (Doral/ Basic/ Monarch/ Cambridge/ GPC",
            "PACKS \u2610",
            "CARTONS \u2610"
        ]
    },
    {
        "text": "(Report on May 27 only)",
        "box": [
            99,
            764,
            263,
            781
        ],
        "linking": [],
        "label": "other",
        "words": [
            {
                "text": "(Report",
                "box": [
                    99,
                    764,
                    151,
                    779
                ]
            },
            {
                "text": "on",
                "box": [
                    156,
                    765,
                    173,
                    779
                ]
            },
            {
                "text": "May",
                "box": [
                    175,
                    764,
                    203,
                    781
                ]
            },
            {
                "text": "27",
                "box": [
                    207,
                    765,
                    224,
                    779
                ]
            },
            {
                "text": "only)",
                "box": [
                    228,
                    764,
                    263,
                    781
                ]
            }
        ],
        "id": 18,
        "neighbours": [
            "TO:",
            "FROM:",
            "SUBJECT:",
            "92039708",
            "MAVERICK SPECIALS- PROGRESS REPORT",
            "R. B. SPELL",
            "EFFECTIVENESS OF:",
            "Pre- Sell Booklet /Coupon Maverick /Harley B1 G1 F",
            "(Report on May 27 only)",
            "PRE- SELL",
            "BOOKLET/ COUPON",
            "MAVERICK/ HARLEY B1 G1 F",
            "COMPETITIVE PROMOTIONAL ACTIVITY",
            "Average Coupon Buydown Value On Targeted Brands (Doral/ Basic/ Monarch/ Cambridge/ GPC",
            "PACKS \u2610",
            "CARTONS \u2610"
        ]
    },
    {
        "text": "Average Coupon Buydown Value On Targeted Brands (Doral/ Basic/ Monarch/ Cambridge/ GPC",
        "box": [
            94,
            786,
            661,
            806
        ],
        "linking": [
            [
                19,
                20
            ],
            [
                19,
                21
            ]
        ],
        "label": "header",
        "words": [
            {
                "text": "Average",
                "box": [
                    94,
                    786,
                    144,
                    801
                ]
            },
            {
                "text": "Coupon",
                "box": [
                    147,
                    786,
                    201,
                    801
                ]
            },
            {
                "text": "Buydown",
                "box": [
                    201,
                    786,
                    257,
                    801
                ]
            },
            {
                "text": "Value",
                "box": [
                    258,
                    786,
                    294,
                    801
                ]
            },
            {
                "text": "On",
                "box": [
                    297,
                    789,
                    315,
                    802
                ]
            },
            {
                "text": "Targeted",
                "box": [
                    318,
                    789,
                    372,
                    802
                ]
            },
            {
                "text": "Brands",
                "box": [
                    374,
                    789,
                    420,
                    802
                ]
            },
            {
                "text": "(Doral/",
                "box": [
                    423,
                    788,
                    464,
                    805
                ]
            },
            {
                "text": "Basic/",
                "box": [
                    464,
                    789,
                    500,
                    803
                ]
            },
            {
                "text": "Monarch/",
                "box": [
                    501,
                    789,
                    557,
                    803
                ]
            },
            {
                "text": "Cambridge/",
                "box": [
                    559,
                    789,
                    630,
                    806
                ]
            },
            {
                "text": "GPC",
                "box": [
                    630,
                    791,
                    661,
                    806
                ]
            }
        ],
        "id": 19,
        "neighbours": [
            "TO:",
            "FROM:",
            "SUBJECT:",
            "92039708",
            "SUBMISSION DATE",
            "MAY 27 \u2610",
            "JUN 24 \u2610",
            "AUG 26 \u2610",
            "OCT 07 \u2610",
            "MAVERICK SPECIALS- PROGRESS REPORT",
            "R. B. SPELL",
            "EFFECTIVENESS OF:",
            "Pre- Sell Booklet /Coupon Maverick /Harley B1 G1 F",
            "(Report on May 27 only)",
            "PRE- SELL",
            "BOOKLET/ COUPON",
            "MAVERICK/ HARLEY B1 G1 F",
            "COMPETITIVE PROMOTIONAL ACTIVITY",
            "(Report on May 27 only)",
            "PACKS \u2610",
            "CARTONS \u2610",
            "1 of 3"
        ]
    },
    {
        "text": "PACKS \u2610",
        "box": [
            216,
            820,
            376,
            840
        ],
        "linking": [
            [
                19,
                20
            ]
        ],
        "label": "question",
        "words": [
            {
                "text": "PACKS",
                "box": [
                    216,
                    820,
                    262,
                    837
                ]
            },
            {
                "text": "\u2610",
                "box": [
                    309,
                    820,
                    376,
                    840
                ]
            }
        ],
        "id": 20,
        "neighbours": [
            "FROM:",
            "SUBJECT:",
            "92039708",
            "MAY 27 \u2610",
            "JUN 24 \u2610",
            "MAVERICK SPECIALS- PROGRESS REPORT",
            "R. B. SPELL",
            "EFFECTIVENESS OF:",
            "Pre- Sell Booklet /Coupon Maverick /Harley B1 G1 F",
            "(Report on May 27 only)",
            "PRE- SELL",
            "BOOKLET/ COUPON",
            "MAVERICK/ HARLEY B1 G1 F",
            "COMPETITIVE PROMOTIONAL ACTIVITY",
            "(Report on May 27 only)",
            "CARTONS \u2610"
        ]
    },
    {
        "text": "CARTONS \u2610",
        "box": [
            218,
            852,
            377,
            871
        ],
        "linking": [
            [
                19,
                21
            ]
        ],
        "label": "question",
        "words": [
            {
                "text": "CARTONS",
                "box": [
                    218,
                    852,
                    281,
                    869
                ]
            },
            {
                "text": "\u2610",
                "box": [
                    309,
                    853,
                    377,
                    871
                ]
            }
        ],
        "id": 21,
        "neighbours": [
            "SUBJECT:",
            "MAY 27 \u2610",
            "JUN 24 \u2610",
            "MAVERICK SPECIALS- PROGRESS REPORT",
            "R. B. SPELL",
            "EFFECTIVENESS OF:",
            "Pre- Sell Booklet /Coupon Maverick /Harley B1 G1 F",
            "(Report on May 27 only)",
            "PRE- SELL",
            "BOOKLET/ COUPON",
            "MAVERICK/ HARLEY B1 G1 F",
            "COMPETITIVE PROMOTIONAL ACTIVITY",
            "(Report on May 27 only)",
            "PACKS \u2610"
        ]
    },
    {
        "text": "1 of 3",
        "box": [
            649,
            908,
            691,
            922
        ],
        "linking": [],
        "label": "other",
        "words": [
            {
                "text": "1",
                "box": [
                    649,
                    908,
                    659,
                    922
                ]
            },
            {
                "text": "of",
                "box": [
                    665,
                    908,
                    679,
                    921
                ]
            },
            {
                "text": "3",
                "box": [
                    680,
                    908,
                    691,
                    921
                ]
            }
        ],
        "id": 22,
        "neighbours": [
            "92039708",
            "SUBMISSION DATE",
            "AUG 26 \u2610",
            "OCT 07 \u2610",
            "Pre- Sell Booklet /Coupon Maverick /Harley B1 G1 F",
            "Average Coupon Buydown Value On Targeted Brands (Doral/ Basic/ Monarch/ Cambridge/ GPC"
        ]
    }
]