[
    {
        "box": [
            94,
            225,
            122,
            242
        ],
        "text": "TO:",
        "label": "question",
        "words": [
            {
                "box": [
                    94,
                    225,
                    122,
                    242
                ],
                "text": "TO:"
            }
        ],
        "linking": [
            [
                0,
                11
            ],
            [
                9,
                0
            ]
        ],
        "id": 0,
        "neighbours": [
            "FROM:",
            "DATE:",
            "RE:",
            "PAGES:",
            "JAN 19 96 05:27 PM AB RESEARCH ASSOC.",
            "AB Research Associates, Inc.",
            "MARY MAZZA",
            "Pam Churchill",
            "JAN 19. 1995",
            "CIGARETTE QUESTIONNAIRE",
            "Here is yet another version of the questionnaire. Please note that the last 2 pages are at the alternate versions that we discussed. Take a look at the alternate Q9 to try to get at the intensity issue, and maybe we can improve on it from here.",
            "By the way, we received 13 more signature cards today and sent the cigarettes out. We are now up to 74 respondents who have been sent cigarettes. Hopefully we will get a lot of callbacks this weekend.",
            "Talk you Monday. Thanks",
            "41 Kenosia Avenue, Danbury, CT 06810 Phone 203 794- 0323 Fax 203 748- 6304"
        ]
    },
    {
        "box": [
            95,
            256,
            142,
            273
        ],
        "text": "FROM:",
        "label": "question",
        "words": [
            {
                "box": [
                    95,
                    256,
                    142,
                    273
                ],
                "text": "FROM:"
            }
        ],
        "linking": [
            [
                1,
                12
            ],
            [
                9,
                1
            ]
        ],
        "id": 1,
        "neighbours": [
            "TO:",
            "DATE:",
            "RE:",
            "PAGES:",
            "JAN 19 96 05:27 PM AB RESEARCH ASSOC.",
            "AB Research Associates, Inc.",
            "TELECOPIER TRANSMITTAL COVER SHEET",
            "MARY MAZZA",
            "Pam Churchill",
            "JAN 19. 1995",
            "CIGARETTE QUESTIONNAIRE",
            "Here is yet another version of the questionnaire. Please note that the last 2 pages are at the alternate versions that we discussed. Take a look at the alternate Q9 to try to get at the intensity issue, and maybe we can improve on it from here.",
            "By the way, we received 13 more signature cards today and sent the cigarettes out. We are now up to 74 respondents who have been sent cigarettes. Hopefully we will get a lot of callbacks this weekend.",
            "Talk you Monday. Thanks",
            "41 Kenosia Avenue, Danbury, CT 06810 Phone 203 794- 0323 Fax 203 748- 6304"
        ]
    },
    {
        "box": [
            96,
            288,
            137,
            302
        ],
        "text": "DATE:",
        "label": "question",
        "words": [
            {
                "box": [
                    96,
                    288,
                    137,
                    302
                ],
                "text": "DATE:"
            }
        ],
        "linking": [
            [
                2,
                13
            ],
            [
                9,
                2
            ]
        ],
        "id": 2,
        "neighbours": [
            "TO:",
            "FROM:",
            "RE:",
            "PAGES:",
            "JAN 19 96 05:27 PM AB RESEARCH ASSOC.",
            "AB Research Associates, Inc.",
            "TELECOPIER TRANSMITTAL COVER SHEET",
            "Revisions",
            "MARY MAZZA",
            "Pam Churchill",
            "JAN 19. 1995",
            "(Including this cover sheet)",
            "CIGARETTE QUESTIONNAIRE",
            "Here is yet another version of the questionnaire. Please note that the last 2 pages are at the alternate versions that we discussed. Take a look at the alternate Q9 to try to get at the intensity issue, and maybe we can improve on it from here.",
            "By the way, we received 13 more signature cards today and sent the cigarettes out. We are now up to 74 respondents who have been sent cigarettes. Hopefully we will get a lot of callbacks this weekend.",
            "Talk you Monday. Thanks",
            "41 Kenosia Avenue, Danbury, CT 06810 Phone 203 794- 0323 Fax 203 748- 6304"
        ]
    },
    {
        "box": [
            96,
            353,
            121,
            367
        ],
        "text": "RE:",
        "label": "question",
        "words": [
            {
                "box": [
                    96,
                    353,
                    121,
                    367
                ],
                "text": "RE:"
            }
        ],
        "linking": [
            [
                3,
                15
            ],
            [
                9,
                3
            ]
        ],
        "id": 3,
        "neighbours": [
            "TO:",
            "FROM:",
            "DATE:",
            "PAGES:",
            "JAN 19 96 05:27 PM AB RESEARCH ASSOC.",
            "AB Research Associates, Inc.",
            "MARY MAZZA",
            "Pam Churchill",
            "JAN 19. 1995",
            "CIGARETTE QUESTIONNAIRE",
            "Here is yet another version of the questionnaire. Please note that the last 2 pages are at the alternate versions that we discussed. Take a look at the alternate Q9 to try to get at the intensity issue, and maybe we can improve on it from here.",
            "By the way, we received 13 more signature cards today and sent the cigarettes out. We are now up to 74 respondents who have been sent cigarettes. Hopefully we will get a lot of callbacks this weekend.",
            "Talk you Monday. Thanks",
            "41 Kenosia Avenue, Danbury, CT 06810 Phone 203 794- 0323 Fax 203 748- 6304"
        ]
    },
    {
        "box": [
            96,
            320,
            146,
            338
        ],
        "text": "PAGES:",
        "label": "question",
        "words": [
            {
                "box": [
                    96,
                    320,
                    146,
                    338
                ],
                "text": "PAGES:"
            }
        ],
        "linking": [
            [
                9,
                4
            ]
        ],
        "id": 4,
        "neighbours": [
            "TO:",
            "FROM:",
            "DATE:",
            "RE:",
            "JAN 19 96 05:27 PM AB RESEARCH ASSOC.",
            "AB Research Associates, Inc.",
            "TELECOPIER TRANSMITTAL COVER SHEET",
            "MARY MAZZA",
            "Pam Churchill",
            "JAN 19. 1995",
            "(Including this cover sheet)",
            "CIGARETTE QUESTIONNAIRE",
            "Here is yet another version of the questionnaire. Please note that the last 2 pages are at the alternate versions that we discussed. Take a look at the alternate Q9 to try to get at the intensity issue, and maybe we can improve on it from here.",
            "By the way, we received 13 more signature cards today and sent the cigarettes out. We are now up to 74 respondents who have been sent cigarettes. Hopefully we will get a lot of callbacks this weekend.",
            "Talk you Monday. Thanks",
            "41 Kenosia Avenue, Danbury, CT 06810 Phone 203 794- 0323 Fax 203 748- 6304"
        ]
    },
    {
        "box": [
            630,
            809,
            644,
            877
        ],
        "text": "92298125",
        "label": "other",
        "words": [
            {
                "box": [
                    630,
                    809,
                    644,
                    877
                ],
                "text": "92298125"
            }
        ],
        "linking": [],
        "id": 5,
        "neighbours": [
            "P 1/ 16",
            "Revisions",
            "Here is yet another version of the questionnaire. Please note that the last 2 pages are at the alternate versions that we discussed. Take a look at the alternate Q9 to try to get at the intensity issue, and maybe we can improve on it from here.",
            "By the way, we received 13 more signature cards today and sent the cigarettes out. We are now up to 74 respondents who have been sent cigarettes. Hopefully we will get a lot of callbacks this weekend.",
            "41 Kenosia Avenue, Danbury, CT 06810 Phone 203 794- 0323 Fax 203 748- 6304"
        ]
    },
    {
        "text": "JAN 19 96 05:27 PM AB RESEARCH ASSOC.",
        "box": [
            88,
            82,
            334,
            99
        ],
        "linking": [],
        "label": "other",
        "words": [
            {
                "text": "JAN",
                "box": [
                    88,
                    85,
                    110,
                    96
                ]
            },
            {
                "text": "19",
                "box": [
                    115,
                    84,
                    130,
                    99
                ]
            },
            {
                "text": "96",
                "box": [
                    135,
                    82,
                    153,
                    96
                ]
            },
            {
                "text": "05:27",
                "box": [
                    165,
                    84,
                    200,
                    97
                ]
            },
            {
                "text": "PM",
                "box": [
                    200,
                    82,
                    215,
                    96
                ]
            },
            {
                "text": "AB",
                "box": [
                    218,
                    84,
                    235,
                    97
                ]
            },
            {
                "text": "RESEARCH",
                "box": [
                    237,
                    82,
                    291,
                    96
                ]
            },
            {
                "text": "ASSOC.",
                "box": [
                    295,
                    84,
                    334,
                    97
                ]
            }
        ],
        "id": 6,
        "neighbours": [
            "TO:",
            "FROM:",
            "DATE:",
            "RE:",
            "PAGES:",
            "P 1/ 16",
            "AB Research Associates, Inc.",
            "TELECOPIER TRANSMITTAL COVER SHEET",
            "MARY MAZZA",
            "Pam Churchill",
            "JAN 19. 1995",
            "(Including this cover sheet)",
            "CIGARETTE QUESTIONNAIRE",
            "Here is yet another version of the questionnaire. Please note that the last 2 pages are at the alternate versions that we discussed. Take a look at the alternate Q9 to try to get at the intensity issue, and maybe we can improve on it from here.",
            "By the way, we received 13 more signature cards today and sent the cigarettes out. We are now up to 74 respondents who have been sent cigarettes. Hopefully we will get a lot of callbacks this weekend.",
            "Talk you Monday. Thanks",
            "41 Kenosia Avenue, Danbury, CT 06810 Phone 203 794- 0323 Fax 203 748- 6304"
        ]
    },
    {
        "text": "P 1/ 16",
        "box": [
            598,
            81,
            640,
            94
        ],
        "linking": [],
        "label": "other",
        "words": [
            {
                "text": "P",
                "box": [
                    598,
                    81,
                    613,
                    94
                ]
            },
            {
                "text": "1/",
                "box": [
                    615,
                    81,
                    628,
                    94
                ]
            },
            {
                "text": "16",
                "box": [
                    626,
                    81,
                    640,
                    92
                ]
            }
        ],
        "id": 7,
        "neighbours": [
            "92298125",
            "JAN 19 96 05:27 PM AB RESEARCH ASSOC.",
            "Revisions",
            "Here is yet another version of the questionnaire. Please note that the last 2 pages are at the alternate versions that we discussed. Take a look at the alternate Q9 to try to get at the intensity issue, and maybe we can improve on it from here.",
            "By the way, we received 13 more signature cards today and sent the cigarettes out. We are now up to 74 respondents who have been sent cigarettes. Hopefully we will get a lot of callbacks this weekend.",
            "41 Kenosia Avenue, Danbury, CT 06810 Phone 203 794- 0323 Fax 203 748- 6304"
        ]
    },
    {
        "text": "AB Research Associates, Inc.",
        "box": [
            74,
            115,
            349,
            146
        ],
        "linking": [],
        "label": "header",
        "words": [
            {
                "text": "AB",
                "box": [
                    74,
                    117,
                    109,
                    146
                ]
            },
            {
                "text": "Research",
                "box": [
                    115,
                    116,
                    204,
                    143
                ]
            },
            {
                "text": "Associates,",
                "box": [
                    208,
                    116,
                    313,
                    140
                ]
            },
            {
                "text": "Inc.",
                "box": [
                    314,
                    115,
                    349,
                    140
                ]
            }
        ],
        "id": 8,
        "neighbours": [
            "TO:",
            "FROM:",
            "DATE:",
            "RE:",
            "PAGES:",
            "JAN 19 96 05:27 PM AB RESEARCH ASSOC.",
            "TELECOPIER TRANSMITTAL COVER SHEET",
            "MARY MAZZA",
            "Pam Churchill",
            "JAN 19. 1995",
            "(Including this cover sheet)",
            "CIGARETTE QUESTIONNAIRE",
            "Here is yet another version of the questionnaire. Please note that the last 2 pages are at the alternate versions that we discussed. Take a look at the alternate Q9 to try to get at the intensity issue, and maybe we can improve on it from here.",
            "By the way, we received 13 more signature cards today and sent the cigarettes out. We are now up to 74 respondents who have been sent cigarettes. Hopefully we will get a lot of callbacks this weekend.",
            "Talk you Monday. Thanks",
            "41 Kenosia Avenue, Danbury, CT 06810 Phone 203 794- 0323 Fax 203 748- 6304"
        ]
    },
    {
        "text": "TELECOPIER TRANSMITTAL COVER SHEET",
        "box": [
            215,
            186,
            506,
            207
        ],
        "linking": [
            [
                9,
                0
            ],
            [
                9,
                1
            ],
            [
                9,
                2
            ],
            [
                9,
                4
            ],
            [
                9,
                3
            ]
        ],
        "label": "header",
        "words": [
            {
                "text": "TELECOPIER",
                "box": [
                    215,
                    190,
                    304,
                    207
                ]
            },
            {
                "text": "TRANSMITTAL",
                "box": [
                    309,
                    189,
                    407,
                    204
                ]
            },
            {
                "text": "COVER",
                "box": [
                    408,
                    187,
                    460,
                    204
                ]
            },
            {
                "text": "SHEET",
                "box": [
                    461,
                    186,
                    506,
                    203
                ]
            }
        ],
        "id": 9,
        "neighbours": [
            "FROM:",
            "DATE:",
            "PAGES:",
            "JAN 19 96 05:27 PM AB RESEARCH ASSOC.",
            "AB Research Associates, Inc.",
            "Revisions",
            "MARY MAZZA",
            "Pam Churchill",
            "JAN 19. 1995",
            "(Including this cover sheet)",
            "CIGARETTE QUESTIONNAIRE",
            "Talk you Monday. Thanks"
        ]
    },
    {
        "text": "Revisions",
        "box": [
            539,
            169,
            655,
            297
        ],
        "linking": [],
        "label": "other",
        "words": [
            {
                "text": "",
                "box": [
                    543,
                    169,
                    610,
                    240
                ]
            },
            {
                "text": "Revisions",
                "box": [
                    539,
                    226,
                    655,
                    297
                ]
            }
        ],
        "id": 10,
        "neighbours": [
            "TO:",
            "FROM:",
            "DATE:",
            "92298125",
            "P 1/ 16",
            "TELECOPIER TRANSMITTAL COVER SHEET",
            "MARY MAZZA",
            "Pam Churchill",
            "JAN 19. 1995",
            "(Including this cover sheet)",
            "Here is yet another version of the questionnaire. Please note that the last 2 pages are at the alternate versions that we discussed. Take a look at the alternate Q9 to try to get at the intensity issue, and maybe we can improve on it from here.",
            "By the way, we received 13 more signature cards today and sent the cigarettes out. We are now up to 74 respondents who have been sent cigarettes. Hopefully we will get a lot of callbacks this weekend.",
            "41 Kenosia Avenue, Danbury, CT 06810 Phone 203 794- 0323 Fax 203 748- 6304"
        ]
    },
    {
        "text": "MARY MAZZA",
        "box": [
            176,
            222,
            271,
            239
        ],
        "linking": [
            [
                0,
                11
            ]
        ],
        "label": "answer",
        "words": [
            {
                "text": "MARY",
                "box": [
                    176,
                    222,
                    219,
                    239
                ]
            },
            {
                "text": "MAZZA",
                "box": [
                    221,
                    222,
                    271,
                    236
                ]
            }
        ],
        "id": 11,
        "neighbours": [
            "TO:",
            "FROM:",
            "DATE:",
            "RE:",
            "PAGES:",
            "JAN 19 96 05:27 PM AB RESEARCH ASSOC.",
            "AB Research Associates, Inc.",
            "TELECOPIER TRANSMITTAL COVER SHEET",
            "Pam Churchill",
            "JAN 19. 1995",
            "(Including this cover sheet)",
            "CIGARETTE QUESTIONNAIRE",
            "Here is yet another version of the questionnaire. Please note that the last 2 pages are at the alternate versions that we discussed. Take a look at the alternate Q9 to try to get at the intensity issue, and maybe we can improve on it from here.",
            "By the way, we received 13 more signature cards today and sent the cigarettes out. We are now up to 74 respondents who have been sent cigarettes. Hopefully we will get a lot of callbacks this weekend.",
            "Talk you Monday. Thanks",
            "41 Kenosia Avenue, Danbury, CT 06810 Phone 203 794- 0323 Fax 203 748- 6304"
        ]
    },
    {
        "text": "Pam Churchill",
        "box": [
            177,
            253,
            265,
            271
        ],
        "linking": [
            [
                1,
                12
            ]
        ],
        "label": "answer",
        "words": [
            {
                "text": "Pam",
                "box": [
                    177,
                    257,
                    209,
                    271
                ]
            },
            {
                "text": "Churchill",
                "box": [
                    211,
                    253,
                    265,
                    270
                ]
            }
        ],
        "id": 12,
        "neighbours": [
            "TO:",
            "FROM:",
            "DATE:",
            "RE:",
            "PAGES:",
            "JAN 19 96 05:27 PM AB RESEARCH ASSOC.",
            "AB Research Associates, Inc.",
            "TELECOPIER TRANSMITTAL COVER SHEET",
            "MARY MAZZA",
            "JAN 19. 1995",
            "(Including this cover sheet)",
            "CIGARETTE QUESTIONNAIRE",
            "Here is yet another version of the questionnaire. Please note that the last 2 pages are at the alternate versions that we discussed. Take a look at the alternate Q9 to try to get at the intensity issue, and maybe we can improve on it from here.",
            "By the way, we received 13 more signature cards today and sent the cigarettes out. We are now up to 74 respondents who have been sent cigarettes. Hopefully we will get a lot of callbacks this weekend.",
            "Talk you Monday. Thanks",
            "41 Kenosia Avenue, Danbury, CT 06810 Phone 203 794- 0323 Fax 203 748- 6304"
        ]
    },
    {
        "text": "JAN 19. 1995",
        "box": [
            179,
            285,
            266,
            303
        ],
        "linking": [
            [
                2,
                13
            ]
        ],
        "label": "answer",
        "words": [
            {
                "text": "JAN",
                "box": [
                    179,
                    288,
                    207,
                    303
                ]
            },
            {
                "text": "19.",
                "box": [
                    208,
                    285,
                    232,
                    302
                ]
            },
            {
                "text": "1995",
                "box": [
                    235,
                    286,
                    266,
                    301
                ]
            }
        ],
        "id": 13,
        "neighbours": [
            "TO:",
            "FROM:",
            "DATE:",
            "RE:",
            "PAGES:",
            "JAN 19 96 05:27 PM AB RESEARCH ASSOC.",
            "AB Research Associates, Inc.",
            "TELECOPIER TRANSMITTAL COVER SHEET",
            "Revisions",
            "MARY MAZZA",
            "Pam Churchill",
            "(Including this cover sheet)",
            "CIGARETTE QUESTIONNAIRE",
            "Here is yet another version of the questionnaire. Please note that the last 2 pages are at the alternate versions that we discussed. Take a look at the alternate Q9 to try to get at the intensity issue, and maybe we can improve on it from here.",
            "By the way, we received 13 more signature cards today and sent the cigarettes out. We are now up to 74 respondents who have been sent cigarettes. Hopefully we will get a lot of callbacks this weekend.",
            "Talk you Monday. Thanks",
            "41 Kenosia Avenue, Danbury, CT 06810 Phone 203 794- 0323 Fax 203 748- 6304"
        ]
    },
    {
        "text": "(Including this cover sheet)",
        "box": [
            303,
            314,
            469,
            333
        ],
        "linking": [],
        "label": "question",
        "words": [
            {
                "text": "(Including",
                "box": [
                    303,
                    316,
                    364,
                    333
                ]
            },
            {
                "text": "this",
                "box": [
                    365,
                    316,
                    387,
                    330
                ]
            },
            {
                "text": "cover",
                "box": [
                    392,
                    316,
                    426,
                    330
                ]
            },
            {
                "text": "sheet)",
                "box": [
                    430,
                    314,
                    469,
                    331
                ]
            }
        ],
        "id": 14,
        "neighbours": [
            "DATE:",
            "PAGES:",
            "JAN 19 96 05:27 PM AB RESEARCH ASSOC.",
            "AB Research Associates, Inc.",
            "TELECOPIER TRANSMITTAL COVER SHEET",
            "Revisions",
            "MARY MAZZA",
            "Pam Churchill",
            "JAN 19. 1995",
            "CIGARETTE QUESTIONNAIRE",
            "Talk you Monday. Thanks"
        ]
    },
    {
        "text": "CIGARETTE QUESTIONNAIRE",
        "box": [
            189,
            348,
            384,
            366
        ],
        "linking": [
            [
                3,
                15
            ]
        ],
        "label": "answer",
        "words": [
            {
                "text": "CIGARETTE",
                "box": [
                    189,
                    348,
                    267,
                    366
                ]
            },
            {
                "text": "QUESTIONNAIRE",
                "box": [
                    271,
                    348,
                    384,
                    363
                ]
            }
        ],
        "id": 15,
        "neighbours": [
            "TO:",
            "FROM:",
            "DATE:",
            "RE:",
            "PAGES:",
            "JAN 19 96 05:27 PM AB RESEARCH ASSOC.",
            "AB Research Associates, Inc.",
            "TELECOPIER TRANSMITTAL COVER SHEET",
            "MARY MAZZA",
            "Pam Churchill",
            "JAN 19. 1995",
            "(Including this cover sheet)",
            "By the way, we received 13 more signature cards today and sent the cigarettes out. We are now up to 74 respondents who have been sent cigarettes. Hopefully we will get a lot of callbacks this weekend.",
            "Talk you Monday. Thanks",
            "41 Kenosia Avenue, Danbury, CT 06810 Phone 203 794- 0323 Fax 203 748- 6304"
        ]
    },
    {
        "text": "Here is yet another version of the questionnaire. Please note that the last 2 pages are at the alternate versions that we discussed. Take a look at the alternate Q9 to try to get at the intensity issue, and maybe we can improve on it from here.",
        "box": [
            98,
            425,
            634,
            479
        ],
        "linking": [],
        "label": "other",
        "words": [
            {
                "text": "Here",
                "box": [
                    99,
                    433,
                    130,
                    448
                ]
            },
            {
                "text": "is",
                "box": [
                    131,
                    433,
                    145,
                    448
                ]
            },
            {
                "text": "yet",
                "box": [
                    148,
                    433,
                    169,
                    448
                ]
            },
            {
                "text": "another",
                "box": [
                    172,
                    430,
                    219,
                    447
                ]
            },
            {
                "text": "version",
                "box": [
                    222,
                    432,
                    268,
                    445
                ]
            },
            {
                "text": "of",
                "box": [
                    271,
                    430,
                    285,
                    443
                ]
            },
            {
                "text": "the",
                "box": [
                    286,
                    430,
                    308,
                    443
                ]
            },
            {
                "text": "questionnaire.",
                "box": [
                    310,
                    429,
                    397,
                    446
                ]
            },
            {
                "text": "Please",
                "box": [
                    404,
                    426,
                    447,
                    441
                ]
            },
            {
                "text": "note",
                "box": [
                    450,
                    427,
                    478,
                    440
                ]
            },
            {
                "text": "that",
                "box": [
                    480,
                    426,
                    507,
                    440
                ]
            },
            {
                "text": "the",
                "box": [
                    508,
                    426,
                    529,
                    440
                ]
            },
            {
                "text": "last",
                "box": [
                    531,
                    425,
                    553,
                    439
                ]
            },
            {
                "text": "2",
                "box": [
                    554,
                    425,
                    567,
                    439
                ]
            },
            {
                "text": "pages",
                "box": [
                    568,
                    426,
                    610,
                    440
                ]
            },
            {
                "text": "are",
                "box": [
                    613,
                    426,
                    634,
                    439
                ]
            },
            {
                "text": "at",
                "box": [
                    620,
                    441,
                    634,
                    452
                ]
            },
            {
                "text": "the",
                "box": [
                    99,
                    450,
                    120,
                    463
                ]
            },
            {
                "text": "alternate",
                "box": [
                    120,
                    450,
                    177,
                    463
                ]
            },
            {
                "text": "versions",
                "box": [
                    180,
                    447,
                    230,
                    460
                ]
            },
            {
                "text": "that",
                "box": [
                    233,
                    446,
                    258,
                    461
                ]
            },
            {
                "text": "we",
                "box": [
                    261,
                    447,
                    279,
                    461
                ]
            },
            {
                "text": "discussed.",
                "box": [
                    284,
                    446,
                    351,
                    460
                ]
            },
            {
                "text": "Take",
                "box": [
                    356,
                    443,
                    385,
                    457
                ]
            },
            {
                "text": "a",
                "box": [
                    387,
                    446,
                    397,
                    459
                ]
            },
            {
                "text": "look",
                "box": [
                    398,
                    443,
                    425,
                    457
                ]
            },
            {
                "text": "at",
                "box": [
                    429,
                    443,
                    442,
                    457
                ]
            },
            {
                "text": "the",
                "box": [
                    444,
                    443,
                    462,
                    457
                ]
            },
            {
                "text": "alternate",
                "box": [
                    466,
                    441,
                    520,
                    455
                ]
            },
            {
                "text": "Q9",
                "box": [
                    524,
                    440,
                    544,
                    455
                ]
            },
            {
                "text": "to",
                "box": [
                    545,
                    440,
                    559,
                    455
                ]
            },
            {
                "text": "try",
                "box": [
                    561,
                    441,
                    579,
                    456
                ]
            },
            {
                "text": "to",
                "box": [
                    580,
                    440,
                    597,
                    455
                ]
            },
            {
                "text": "get",
                "box": [
                    598,
                    440,
                    619,
                    457
                ]
            },
            {
                "text": "here.",
                "box": [
                    454,
                    458,
                    486,
                    471
                ]
            },
            {
                "text": "the",
                "box": [
                    98,
                    464,
                    123,
                    479
                ]
            },
            {
                "text": "intensity",
                "box": [
                    123,
                    464,
                    175,
                    478
                ]
            },
            {
                "text": "issue,",
                "box": [
                    177,
                    464,
                    216,
                    477
                ]
            },
            {
                "text": "and",
                "box": [
                    218,
                    462,
                    243,
                    476
                ]
            },
            {
                "text": "maybe",
                "box": [
                    246,
                    462,
                    288,
                    476
                ]
            },
            {
                "text": "we",
                "box": [
                    291,
                    462,
                    311,
                    473
                ]
            },
            {
                "text": "can",
                "box": [
                    313,
                    462,
                    337,
                    473
                ]
            },
            {
                "text": "improve",
                "box": [
                    338,
                    459,
                    391,
                    474
                ]
            },
            {
                "text": "on",
                "box": [
                    392,
                    462,
                    409,
                    473
                ]
            },
            {
                "text": "at",
                "box": [
                    411,
                    458,
                    422,
                    473
                ]
            },
            {
                "text": "from",
                "box": [
                    422,
                    458,
                    451,
                    473
                ]
            }
        ],
        "id": 16,
        "neighbours": [
            "TO:",
            "FROM:",
            "DATE:",
            "RE:",
            "PAGES:",
            "92298125",
            "JAN 19 96 05:27 PM AB RESEARCH ASSOC.",
            "P 1/ 16",
            "AB Research Associates, Inc.",
            "TELECOPIER TRANSMITTAL COVER SHEET",
            "Revisions",
            "MARY MAZZA",
            "Pam Churchill",
            "JAN 19. 1995",
            "(Including this cover sheet)",
            "CIGARETTE QUESTIONNAIRE",
            "By the way, we received 13 more signature cards today and sent the cigarettes out. We are now up to 74 respondents who have been sent cigarettes. Hopefully we will get a lot of callbacks this weekend.",
            "Talk you Monday. Thanks",
            "41 Kenosia Avenue, Danbury, CT 06810 Phone 203 794- 0323 Fax 203 748- 6304"
        ]
    },
    {
        "text": "By the way, we received 13 more signature cards today and sent the cigarettes out. We are now up to 74 respondents who have been sent cigarettes. Hopefully we will get a lot of callbacks this weekend.",
        "box": [
            101,
            486,
            635,
            542
        ],
        "linking": [],
        "label": "other",
        "words": [
            {
                "text": "By",
                "box": [
                    101,
                    496,
                    119,
                    513
                ]
            },
            {
                "text": "the",
                "box": [
                    120,
                    496,
                    140,
                    510
                ]
            },
            {
                "text": "way,",
                "box": [
                    145,
                    496,
                    173,
                    511
                ]
            },
            {
                "text": "we",
                "box": [
                    175,
                    497,
                    196,
                    508
                ]
            },
            {
                "text": "received",
                "box": [
                    197,
                    494,
                    251,
                    508
                ]
            },
            {
                "text": "13",
                "box": [
                    253,
                    494,
                    270,
                    507
                ]
            },
            {
                "text": "more",
                "box": [
                    271,
                    494,
                    303,
                    507
                ]
            },
            {
                "text": "signature",
                "box": [
                    306,
                    492,
                    362,
                    509
                ]
            },
            {
                "text": "cards",
                "box": [
                    365,
                    490,
                    400,
                    504
                ]
            },
            {
                "text": "today",
                "box": [
                    402,
                    490,
                    437,
                    507
                ]
            },
            {
                "text": "and",
                "box": [
                    439,
                    489,
                    464,
                    504
                ]
            },
            {
                "text": "sent",
                "box": [
                    465,
                    490,
                    493,
                    504
                ]
            },
            {
                "text": "the",
                "box": [
                    494,
                    489,
                    515,
                    503
                ]
            },
            {
                "text": "cigarettes",
                "box": [
                    517,
                    489,
                    581,
                    503
                ]
            },
            {
                "text": "out.",
                "box": [
                    582,
                    487,
                    606,
                    501
                ]
            },
            {
                "text": "We",
                "box": [
                    610,
                    486,
                    635,
                    501
                ]
            },
            {
                "text": "74",
                "box": [
                    189,
                    511,
                    207,
                    522
                ]
            },
            {
                "text": "respondents",
                "box": [
                    208,
                    508,
                    285,
                    525
                ]
            },
            {
                "text": "who",
                "box": [
                    288,
                    510,
                    316,
                    523
                ]
            },
            {
                "text": "been",
                "box": [
                    348,
                    508,
                    379,
                    522
                ]
            },
            {
                "text": "sent",
                "box": [
                    383,
                    507,
                    410,
                    522
                ]
            },
            {
                "text": "cigarettes.",
                "box": [
                    411,
                    507,
                    475,
                    522
                ]
            },
            {
                "text": "we",
                "box": [
                    541,
                    507,
                    561,
                    518
                ]
            },
            {
                "text": "will",
                "box": [
                    563,
                    504,
                    583,
                    518
                ]
            },
            {
                "text": "a",
                "box": [
                    608,
                    503,
                    616,
                    518
                ]
            },
            {
                "text": "are",
                "box": [
                    101,
                    515,
                    123,
                    526
                ]
            },
            {
                "text": "get",
                "box": [
                    585,
                    504,
                    606,
                    521
                ]
            },
            {
                "text": "now",
                "box": [
                    123,
                    514,
                    151,
                    528
                ]
            },
            {
                "text": "up",
                "box": [
                    152,
                    514,
                    170,
                    527
                ]
            },
            {
                "text": "to",
                "box": [
                    172,
                    513,
                    187,
                    526
                ]
            },
            {
                "text": "have",
                "box": [
                    317,
                    508,
                    346,
                    522
                ]
            },
            {
                "text": "Hopefully",
                "box": [
                    480,
                    504,
                    539,
                    521
                ]
            },
            {
                "text": "lot",
                "box": [
                    617,
                    501,
                    635,
                    518
                ]
            },
            {
                "text": "of",
                "box": [
                    102,
                    528,
                    116,
                    542
                ]
            },
            {
                "text": "callbacks",
                "box": [
                    117,
                    527,
                    177,
                    542
                ]
            },
            {
                "text": "this",
                "box": [
                    179,
                    525,
                    203,
                    540
                ]
            },
            {
                "text": "weekend.",
                "box": [
                    205,
                    525,
                    265,
                    540
                ]
            }
        ],
        "id": 17,
        "neighbours": [
            "TO:",
            "FROM:",
            "DATE:",
            "RE:",
            "PAGES:",
            "92298125",
            "JAN 19 96 05:27 PM AB RESEARCH ASSOC.",
            "P 1/ 16",
            "AB Research Associates, Inc.",
            "TELECOPIER TRANSMITTAL COVER SHEET",
            "Revisions",
            "MARY MAZZA",
            "Pam Churchill",
            "JAN 19. 1995",
            "(Including this cover sheet)",
            "CIGARETTE QUESTIONNAIRE",
            "Here is yet another version of the questionnaire. Please note that the last 2 pages are at the alternate versions that we discussed. Take a look at the alternate Q9 to try to get at the intensity issue, and maybe we can improve on it from here.",
            "Talk you Monday. Thanks",
            "41 Kenosia Avenue, Danbury, CT 06810 Phone 203 794- 0323 Fax 203 748- 6304"
        ]
    },
    {
        "text": "Talk you Monday. Thanks",
        "box": [
            102,
            556,
            284,
            574
        ],
        "linking": [],
        "label": "other",
        "words": [
            {
                "text": "Talk",
                "box": [
                    102,
                    560,
                    129,
                    574
                ]
            },
            {
                "text": "",
                "box": [
                    130,
                    561,
                    145,
                    574
                ]
            },
            {
                "text": "you",
                "box": [
                    148,
                    560,
                    173,
                    574
                ]
            },
            {
                "text": "Monday.",
                "box": [
                    175,
                    557,
                    229,
                    574
                ]
            },
            {
                "text": "Thanks",
                "box": [
                    237,
                    556,
                    284,
                    571
                ]
            }
        ],
        "id": 18,
        "neighbours": [
            "TO:",
            "FROM:",
            "DATE:",
            "RE:",
            "PAGES:",
            "JAN 19 96 05:27 PM AB RESEARCH ASSOC.",
            "AB Research Associates, Inc.",
            "TELECOPIER TRANSMITTAL COVER SHEET",
            "MARY MAZZA",
            "Pam Churchill",
            "JAN 19. 1995",
            "(Including this cover sheet)",
            "CIGARETTE QUESTIONNAIRE",
            "Here is yet another version of the questionnaire. Please note that the last 2 pages are at the alternate versions that we discussed. Take a look at the alternate Q9 to try to get at the intensity issue, and maybe we can improve on it from here.",
            "By the way, we received 13 more signature cards today and sent the cigarettes out. We are now up to 74 respondents who have been sent cigarettes. Hopefully we will get a lot of callbacks this weekend.",
            "41 Kenosia Avenue, Danbury, CT 06810 Phone 203 794- 0323 Fax 203 748- 6304"
        ]
    },
    {
        "text": "41 Kenosia Avenue, Danbury, CT 06810 Phone 203 794- 0323 Fax 203 748- 6304",
        "box": [
            117,
            934,
            621,
            954
        ],
        "linking": [],
        "label": "other",
        "words": [
            {
                "text": "41",
                "box": [
                    117,
                    940,
                    134,
                    954
                ]
            },
            {
                "text": "Kenosia",
                "box": [
                    137,
                    940,
                    187,
                    954
                ]
            },
            {
                "text": "Avenue,",
                "box": [
                    190,
                    940,
                    240,
                    953
                ]
            },
            {
                "text": "Danbury,",
                "box": [
                    244,
                    939,
                    297,
                    950
                ]
            },
            {
                "text": "CT",
                "box": [
                    300,
                    939,
                    321,
                    952
                ]
            },
            {
                "text": "06810",
                "box": [
                    324,
                    939,
                    363,
                    952
                ]
            },
            {
                "text": "Phone",
                "box": [
                    374,
                    937,
                    410,
                    951
                ]
            },
            {
                "text": "203",
                "box": [
                    413,
                    937,
                    438,
                    950
                ]
            },
            {
                "text": "794-",
                "box": [
                    441,
                    936,
                    469,
                    950
                ]
            },
            {
                "text": "0323",
                "box": [
                    468,
                    936,
                    499,
                    950
                ]
            },
            {
                "text": "Fax",
                "box": [
                    510,
                    934,
                    534,
                    948
                ]
            },
            {
                "text": "203",
                "box": [
                    538,
                    936,
                    562,
                    947
                ]
            },
            {
                "text": "748-",
                "box": [
                    564,
                    934,
                    592,
                    948
                ]
            },
            {
                "text": "6304",
                "box": [
                    592,
                    934,
                    621,
                    948
                ]
            }
        ],
        "id": 19,
        "neighbours": [
            "TO:",
            "FROM:",
            "DATE:",
            "RE:",
            "PAGES:",
            "92298125",
            "JAN 19 96 05:27 PM AB RESEARCH ASSOC.",
            "P 1/ 16",
            "AB Research Associates, Inc.",
            "TELECOPIER TRANSMITTAL COVER SHEET",
            "Revisions",
            "MARY MAZZA",
            "Pam Churchill",
            "JAN 19. 1995",
            "(Including this cover sheet)",
            "CIGARETTE QUESTIONNAIRE",
            "Here is yet another version of the questionnaire. Please note that the last 2 pages are at the alternate versions that we discussed. Take a look at the alternate Q9 to try to get at the intensity issue, and maybe we can improve on it from here.",
            "By the way, we received 13 more signature cards today and sent the cigarettes out. We are now up to 74 respondents who have been sent cigarettes. Hopefully we will get a lot of callbacks this weekend.",
            "Talk you Monday. Thanks"
        ]
    }
]