[
    {
        "box": [
            67,
            178,
            104,
            202
        ],
        "text": "DATE:",
        "label": "question",
        "words": [
            {
                "box": [
                    67,
                    178,
                    104,
                    202
                ],
                "text": "DATE:"
            }
        ],
        "linking": [
            [
                0,
                2
            ]
        ],
        "id": 0,
        "neighbours": [
            "MANUFACTURERS:",
            "4/7/88",
            "cc:",
            "REPORTED BY:",
            "SOURCE OF INFORMATION:",
            "TYPE OF PROMOTION:",
            "HOW WIDESPREAD?",
            "OTHER COMMENTS:",
            "Mr. J. R. Ave",
            "Mr. N. P. Ruffalo",
            "Mr. C. Toti",
            "Dr. S. T. Jones",
            "Mr. G. R. Telford",
            "Mr. L. Gordon",
            "Mr. J. P. Mastandrea",
            "Ms. S. Ridgway",
            "Mr. M. A. Peterson Mr. T. H. Mau",
            "Mr. R. H. Orcutt"
        ]
    },
    {
        "box": [
            63,
            271,
            174,
            287
        ],
        "text": "MANUFACTURERS:",
        "label": "question",
        "words": [
            {
                "box": [
                    63,
                    271,
                    174,
                    287
                ],
                "text": "MANUFACTURERS:"
            }
        ],
        "linking": [
            [
                1,
                10
            ]
        ],
        "id": 1,
        "neighbours": [
            "DATE:",
            "4/7/88",
            "cc:",
            "COMPETITIVE ACTIVITIES AND PROMOTIONS",
            "REPORTED BY:",
            "R. E. Klein, Regional Sales Manager, Cleveland, OH",
            "SOURCE OF INFORMATION:",
            "Best Cigarette Co., Mentor, OH",
            "R. J. REYNOLDS AND PHILIP MORRIS",
            "TYPE OF PROMOTION:",
            "SEE ATTACHED CORRESPONDENCE REGARDING:",
            "- R. J. REYNOLDS SPRING DIRECT ACCOUNT INCENTIVE PROGRAM",
            "- Philip Morris- SPECIAL PROMOTIONS ON MAKLBORO AND CAMBRIDGE CIGARETTES",
            "HOW WIDESPREAD?",
            "OTHER COMMENTS:",
            "Mr. J. R. Ave",
            "Mr. N. P. Ruffalo",
            "Mr. C. Toti",
            "Dr. S. T. Jones",
            "Mr. G. R. Telford",
            "Mr. L. Gordon",
            "Mr. J. P. Mastandrea",
            "Ms. S. Ridgway",
            "Mr. M. A. Peterson Mr. T. H. Mau",
            "Mr. R. H. Orcutt"
        ]
    },
    {
        "box": [
            118,
            184,
            173,
            200
        ],
        "text": "4/7/88",
        "label": "answer",
        "words": [
            {
                "box": [
                    118,
                    184,
                    173,
                    200
                ],
                "text": "4/7/88"
            }
        ],
        "linking": [
            [
                0,
                2
            ]
        ],
        "id": 2,
        "neighbours": [
            "DATE:",
            "MANUFACTURERS:",
            "cc:",
            "COMPETITIVE ACTIVITIES AND PROMOTIONS",
            "REPORTED BY:",
            "R. E. Klein, Regional Sales Manager, Cleveland, OH",
            "SOURCE OF INFORMATION:",
            "Best Cigarette Co., Mentor, OH",
            "R. J. REYNOLDS AND PHILIP MORRIS",
            "TYPE OF PROMOTION:",
            "SEE ATTACHED CORRESPONDENCE REGARDING:",
            "- R. J. REYNOLDS SPRING DIRECT ACCOUNT INCENTIVE PROGRAM",
            "- Philip Morris- SPECIAL PROMOTIONS ON MAKLBORO AND CAMBRIDGE CIGARETTES",
            "HOW WIDESPREAD?",
            "OTHER COMMENTS:",
            "Mr. J. R. Ave",
            "Mr. N. P. Ruffalo",
            "Mr. C. Toti",
            "Dr. S. T. Jones",
            "Mr. G. R. Telford",
            "Mr. L. Gordon",
            "Mr. J. P. Mastandrea",
            "Ms. S. Ridgway",
            "Mr. M. A. Peterson Mr. T. H. Mau",
            "Mr. R. H. Orcutt"
        ]
    },
    {
        "box": [
            681,
            810,
            699,
            903
        ],
        "text": "93455715",
        "label": "other",
        "words": [
            {
                "box": [
                    681,
                    810,
                    699,
                    903
                ],
                "text": "93455715"
            }
        ],
        "linking": [],
        "id": 3,
        "neighbours": [
            "R. E. Klein, Regional Sales Manager, Cleveland, OH",
            "- R. J. REYNOLDS SPRING DIRECT ACCOUNT INCENTIVE PROGRAM",
            "- Philip Morris- SPECIAL PROMOTIONS ON MAKLBORO AND CAMBRIDGE CIGARETTES",
            "Mr. P. A. Lawless",
            "Mr. J. E. Daghlian",
            "Mr. R. S. Goldbrenner",
            "Ms. E. R. Harrow",
            "Ms. S. F. Smith",
            "Mr. N. P. Ruffalo",
            "Mr. C. Toti",
            "Dr. S. T. Jones",
            "Mr. G. R. Telford",
            "Mr. L. Gordon",
            "Mr. J. P. Mastandrea"
        ]
    },
    {
        "box": [
            58,
            720,
            85,
            733
        ],
        "text": "cc:",
        "label": "question",
        "words": [
            {
                "box": [
                    58,
                    720,
                    85,
                    733
                ],
                "text": "cc:"
            }
        ],
        "linking": [
            [
                4,
                17
            ],
            [
                4,
                36
            ],
            [
                4,
                35
            ],
            [
                4,
                34
            ],
            [
                4,
                33
            ],
            [
                4,
                32
            ],
            [
                4,
                31
            ],
            [
                4,
                30
            ],
            [
                4,
                29
            ],
            [
                4,
                28
            ],
            [
                4,
                18
            ],
            [
                4,
                19
            ],
            [
                4,
                20
            ],
            [
                4,
                21
            ],
            [
                4,
                22
            ],
            [
                4,
                23
            ],
            [
                4,
                24
            ],
            [
                4,
                25
            ],
            [
                4,
                26
            ],
            [
                4,
                27
            ]
        ],
        "id": 4,
        "neighbours": [
            "DATE:",
            "MANUFACTURERS:",
            "4/7/88",
            "REPORTED BY:",
            "SOURCE OF INFORMATION:",
            "TYPE OF PROMOTION:",
            "HOW WIDESPREAD?",
            "OTHER COMMENTS:",
            "Mr. J. R. Ave",
            "Mr. T. L. Achey",
            "P. J. McCann",
            "Mr. N. P. Ruffalo",
            "Mr. C. Toti",
            "Dr. S. T. Jones",
            "Mr. G. R. Telford",
            "Mr. L. Gordon",
            "Mr. J. P. Mastandrea",
            "Ms. S. Ridgway",
            "Mr. M. A. Peterson Mr. T. H. Mau",
            "Mr. R. H. Orcutt"
        ]
    },
    {
        "text": "COMPETITIVE ACTIVITIES AND PROMOTIONS",
        "box": [
            247,
            64,
            523,
            88
        ],
        "linking": [],
        "label": "header",
        "words": [
            {
                "text": "COMPETITIVE",
                "box": [
                    247,
                    64,
                    331,
                    85
                ]
            },
            {
                "text": "ACTIVITIES",
                "box": [
                    332,
                    64,
                    414,
                    85
                ]
            },
            {
                "text": "AND",
                "box": [
                    415,
                    67,
                    445,
                    85
                ]
            },
            {
                "text": "PROMOTIONS",
                "box": [
                    445,
                    72,
                    523,
                    88
                ]
            }
        ],
        "id": 5,
        "neighbours": [
            "MANUFACTURERS:",
            "4/7/88",
            "R. E. Klein, Regional Sales Manager, Cleveland, OH",
            "SOURCE OF INFORMATION:",
            "Best Cigarette Co., Mentor, OH",
            "R. J. REYNOLDS AND PHILIP MORRIS",
            "TYPE OF PROMOTION:",
            "SEE ATTACHED CORRESPONDENCE REGARDING:",
            "- R. J. REYNOLDS SPRING DIRECT ACCOUNT INCENTIVE PROGRAM",
            "- Philip Morris- SPECIAL PROMOTIONS ON MAKLBORO AND CAMBRIDGE CIGARETTES",
            "HOW WIDESPREAD?",
            "OTHER COMMENTS:",
            "Mr. J. R. Ave",
            "Mr. T. L. Achey",
            "P. J. McCann",
            "Mr. A. J. Giacoio",
            "Mr. L. H. Kersh",
            "Mr. R. G. Ryan",
            "Mr. P. A. Lawless",
            "Mr. J. E. Daghlian",
            "Mr. R. S. Goldbrenner",
            "Ms. E. R. Harrow",
            "Ms. S. F. Smith",
            "Mr. N. P. Ruffalo",
            "Mr. C. Toti",
            "Dr. S. T. Jones",
            "Mr. G. R. Telford",
            "Mr. L. Gordon",
            "Mr. J. P. Mastandrea",
            "Ms. S. Ridgway",
            "Mr. M. A. Peterson Mr. T. H. Mau",
            "Mr. R. H. Orcutt"
        ]
    },
    {
        "text": "REPORTED BY:",
        "box": [
            66,
            136,
            154,
            160
        ],
        "linking": [
            [
                6,
                7
            ]
        ],
        "label": "question",
        "words": [
            {
                "text": "REPORTED",
                "box": [
                    66,
                    136,
                    127,
                    160
                ]
            },
            {
                "text": "BY:",
                "box": [
                    129,
                    139,
                    154,
                    157
                ]
            }
        ],
        "id": 6,
        "neighbours": [
            "DATE:",
            "MANUFACTURERS:",
            "4/7/88",
            "cc:",
            "R. E. Klein, Regional Sales Manager, Cleveland, OH",
            "SOURCE OF INFORMATION:",
            "R. J. REYNOLDS AND PHILIP MORRIS",
            "TYPE OF PROMOTION:",
            "SEE ATTACHED CORRESPONDENCE REGARDING:",
            "- R. J. REYNOLDS SPRING DIRECT ACCOUNT INCENTIVE PROGRAM",
            "- Philip Morris- SPECIAL PROMOTIONS ON MAKLBORO AND CAMBRIDGE CIGARETTES",
            "HOW WIDESPREAD?",
            "OTHER COMMENTS:",
            "Mr. J. R. Ave",
            "Mr. N. P. Ruffalo",
            "Mr. C. Toti",
            "Dr. S. T. Jones",
            "Mr. G. R. Telford",
            "Mr. L. Gordon",
            "Mr. J. P. Mastandrea",
            "Ms. S. Ridgway",
            "Mr. M. A. Peterson Mr. T. H. Mau",
            "Mr. R. H. Orcutt"
        ]
    },
    {
        "text": "R. E. Klein, Regional Sales Manager, Cleveland, OH",
        "box": [
            184,
            136,
            627,
            158
        ],
        "linking": [
            [
                6,
                7
            ]
        ],
        "label": "answer",
        "words": [
            {
                "text": "R.",
                "box": [
                    184,
                    139,
                    205,
                    157
                ]
            },
            {
                "text": "E.",
                "box": [
                    214,
                    139,
                    232,
                    158
                ]
            },
            {
                "text": "Klein,",
                "box": [
                    240,
                    138,
                    288,
                    156
                ]
            },
            {
                "text": "Regional",
                "box": [
                    299,
                    141,
                    369,
                    154
                ]
            },
            {
                "text": "Sales",
                "box": [
                    376,
                    136,
                    425,
                    154
                ]
            },
            {
                "text": "Manager,",
                "box": [
                    430,
                    139,
                    503,
                    157
                ]
            },
            {
                "text": "Cleveland,",
                "box": [
                    509,
                    139,
                    596,
                    158
                ]
            },
            {
                "text": "OH",
                "box": [
                    600,
                    139,
                    627,
                    154
                ]
            }
        ],
        "id": 7,
        "neighbours": [
            "MANUFACTURERS:",
            "4/7/88",
            "93455715",
            "COMPETITIVE ACTIVITIES AND PROMOTIONS",
            "REPORTED BY:",
            "SOURCE OF INFORMATION:",
            "Best Cigarette Co., Mentor, OH",
            "R. J. REYNOLDS AND PHILIP MORRIS",
            "TYPE OF PROMOTION:",
            "SEE ATTACHED CORRESPONDENCE REGARDING:",
            "- R. J. REYNOLDS SPRING DIRECT ACCOUNT INCENTIVE PROGRAM",
            "- Philip Morris- SPECIAL PROMOTIONS ON MAKLBORO AND CAMBRIDGE CIGARETTES",
            "HOW WIDESPREAD?",
            "OTHER COMMENTS:",
            "Mr. J. R. Ave",
            "Mr. T. L. Achey",
            "P. J. McCann",
            "Mr. A. J. Giacoio",
            "Mr. L. H. Kersh",
            "Mr. R. G. Ryan",
            "Mr. P. A. Lawless",
            "Mr. J. E. Daghlian",
            "Mr. R. S. Goldbrenner",
            "Ms. E. R. Harrow",
            "Ms. S. F. Smith",
            "Mr. N. P. Ruffalo",
            "Mr. C. Toti",
            "Dr. S. T. Jones",
            "Mr. G. R. Telford",
            "Mr. L. Gordon",
            "Mr. J. P. Mastandrea",
            "Ms. S. Ridgway",
            "Mr. M. A. Peterson Mr. T. H. Mau",
            "Mr. R. H. Orcutt"
        ]
    },
    {
        "text": "SOURCE OF INFORMATION:",
        "box": [
            67,
            223,
            229,
            245
        ],
        "linking": [
            [
                8,
                9
            ]
        ],
        "label": "question",
        "words": [
            {
                "text": "SOURCE",
                "box": [
                    67,
                    223,
                    115,
                    245
                ]
            },
            {
                "text": "OF",
                "box": [
                    114,
                    226,
                    139,
                    245
                ]
            },
            {
                "text": "INFORMATION:",
                "box": [
                    139,
                    229,
                    229,
                    244
                ]
            }
        ],
        "id": 8,
        "neighbours": [
            "DATE:",
            "MANUFACTURERS:",
            "4/7/88",
            "cc:",
            "COMPETITIVE ACTIVITIES AND PROMOTIONS",
            "REPORTED BY:",
            "R. E. Klein, Regional Sales Manager, Cleveland, OH",
            "Best Cigarette Co., Mentor, OH",
            "R. J. REYNOLDS AND PHILIP MORRIS",
            "TYPE OF PROMOTION:",
            "SEE ATTACHED CORRESPONDENCE REGARDING:",
            "- R. J. REYNOLDS SPRING DIRECT ACCOUNT INCENTIVE PROGRAM",
            "- Philip Morris- SPECIAL PROMOTIONS ON MAKLBORO AND CAMBRIDGE CIGARETTES",
            "HOW WIDESPREAD?",
            "OTHER COMMENTS:",
            "Mr. J. R. Ave",
            "Mr. T. L. Achey",
            "P. J. McCann",
            "Mr. A. J. Giacoio",
            "Mr. L. H. Kersh",
            "Mr. R. G. Ryan",
            "Mr. P. A. Lawless",
            "Mr. J. E. Daghlian",
            "Mr. R. S. Goldbrenner",
            "Ms. E. R. Harrow",
            "Ms. S. F. Smith",
            "Mr. N. P. Ruffalo",
            "Mr. C. Toti",
            "Dr. S. T. Jones",
            "Mr. G. R. Telford",
            "Mr. L. Gordon",
            "Mr. J. P. Mastandrea",
            "Ms. S. Ridgway",
            "Mr. M. A. Peterson Mr. T. H. Mau",
            "Mr. R. H. Orcutt"
        ]
    },
    {
        "text": "Best Cigarette Co., Mentor, OH",
        "box": [
            247,
            225,
            517,
            246
        ],
        "linking": [
            [
                8,
                9
            ]
        ],
        "label": "answer",
        "words": [
            {
                "text": "Best",
                "box": [
                    247,
                    225,
                    284,
                    244
                ]
            },
            {
                "text": "Cigarette",
                "box": [
                    289,
                    229,
                    374,
                    242
                ]
            },
            {
                "text": "Co.,",
                "box": [
                    376,
                    228,
                    415,
                    246
                ]
            },
            {
                "text": "Mentor,",
                "box": [
                    422,
                    229,
                    486,
                    244
                ]
            },
            {
                "text": "OH",
                "box": [
                    487,
                    229,
                    517,
                    244
                ]
            }
        ],
        "id": 9,
        "neighbours": [
            "MANUFACTURERS:",
            "4/7/88",
            "COMPETITIVE ACTIVITIES AND PROMOTIONS",
            "R. E. Klein, Regional Sales Manager, Cleveland, OH",
            "SOURCE OF INFORMATION:",
            "R. J. REYNOLDS AND PHILIP MORRIS",
            "TYPE OF PROMOTION:",
            "SEE ATTACHED CORRESPONDENCE REGARDING:",
            "- R. J. REYNOLDS SPRING DIRECT ACCOUNT INCENTIVE PROGRAM",
            "- Philip Morris- SPECIAL PROMOTIONS ON MAKLBORO AND CAMBRIDGE CIGARETTES",
            "HOW WIDESPREAD?",
            "OTHER COMMENTS:",
            "Mr. J. R. Ave",
            "Mr. T. L. Achey",
            "P. J. McCann",
            "Mr. A. J. Giacoio",
            "Mr. L. H. Kersh",
            "Mr. R. G. Ryan",
            "Mr. P. A. Lawless",
            "Mr. J. E. Daghlian",
            "Mr. R. S. Goldbrenner",
            "Ms. E. R. Harrow",
            "Ms. S. F. Smith",
            "Mr. N. P. Ruffalo",
            "Mr. C. Toti",
            "Dr. S. T. Jones",
            "Mr. G. R. Telford",
            "Mr. L. Gordon",
            "Mr. J. P. Mastandrea",
            "Ms. S. Ridgway",
            "Mr. M. A. Peterson Mr. T. H. Mau",
            "Mr. R. H. Orcutt"
        ]
    },
    {
        "text": "R. J. REYNOLDS AND PHILIP MORRIS",
        "box": [
            193,
            271,
            476,
            289
        ],
        "linking": [
            [
                1,
                10
            ]
        ],
        "label": "answer",
        "words": [
            {
                "text": "R.",
                "box": [
                    193,
                    274,
                    211,
                    289
                ]
            },
            {
                "text": "J.",
                "box": [
                    223,
                    271,
                    238,
                    287
                ]
            },
            {
                "text": "REYNOLDS",
                "box": [
                    244,
                    272,
                    319,
                    288
                ]
            },
            {
                "text": "AND",
                "box": [
                    322,
                    271,
                    358,
                    286
                ]
            },
            {
                "text": "PHILIP",
                "box": [
                    358,
                    271,
                    415,
                    289
                ]
            },
            {
                "text": "MORRIS",
                "box": [
                    419,
                    274,
                    476,
                    289
                ]
            }
        ],
        "id": 10,
        "neighbours": [
            "MANUFACTURERS:",
            "4/7/88",
            "COMPETITIVE ACTIVITIES AND PROMOTIONS",
            "REPORTED BY:",
            "R. E. Klein, Regional Sales Manager, Cleveland, OH",
            "SOURCE OF INFORMATION:",
            "Best Cigarette Co., Mentor, OH",
            "TYPE OF PROMOTION:",
            "SEE ATTACHED CORRESPONDENCE REGARDING:",
            "- R. J. REYNOLDS SPRING DIRECT ACCOUNT INCENTIVE PROGRAM",
            "- Philip Morris- SPECIAL PROMOTIONS ON MAKLBORO AND CAMBRIDGE CIGARETTES",
            "HOW WIDESPREAD?",
            "OTHER COMMENTS:",
            "Mr. J. R. Ave",
            "Mr. T. L. Achey",
            "P. J. McCann",
            "Mr. A. J. Giacoio",
            "Mr. L. H. Kersh",
            "Mr. R. G. Ryan",
            "Mr. P. A. Lawless",
            "Mr. J. E. Daghlian",
            "Mr. R. S. Goldbrenner",
            "Ms. E. R. Harrow",
            "Ms. S. F. Smith",
            "Mr. N. P. Ruffalo",
            "Mr. C. Toti",
            "Dr. S. T. Jones",
            "Mr. G. R. Telford",
            "Mr. L. Gordon",
            "Mr. J. P. Mastandrea",
            "Ms. S. Ridgway",
            "Mr. M. A. Peterson Mr. T. H. Mau",
            "Mr. R. H. Orcutt"
        ]
    },
    {
        "text": "TYPE OF PROMOTION:",
        "box": [
            58,
            358,
            196,
            376
        ],
        "linking": [
            [
                11,
                12
            ],
            [
                11,
                13
            ],
            [
                11,
                14
            ]
        ],
        "label": "question",
        "words": [
            {
                "text": "TYPE",
                "box": [
                    58,
                    358,
                    100,
                    373
                ]
            },
            {
                "text": "OF",
                "box": [
                    103,
                    358,
                    118,
                    376
                ]
            },
            {
                "text": "PROMOTION:",
                "box": [
                    121,
                    358,
                    196,
                    376
                ]
            }
        ],
        "id": 11,
        "neighbours": [
            "DATE:",
            "MANUFACTURERS:",
            "4/7/88",
            "cc:",
            "COMPETITIVE ACTIVITIES AND PROMOTIONS",
            "REPORTED BY:",
            "R. E. Klein, Regional Sales Manager, Cleveland, OH",
            "SOURCE OF INFORMATION:",
            "Best Cigarette Co., Mentor, OH",
            "R. J. REYNOLDS AND PHILIP MORRIS",
            "SEE ATTACHED CORRESPONDENCE REGARDING:",
            "- R. J. REYNOLDS SPRING DIRECT ACCOUNT INCENTIVE PROGRAM",
            "- Philip Morris- SPECIAL PROMOTIONS ON MAKLBORO AND CAMBRIDGE CIGARETTES",
            "HOW WIDESPREAD?",
            "OTHER COMMENTS:",
            "Mr. J. R. Ave",
            "Mr. N. P. Ruffalo",
            "Mr. C. Toti",
            "Dr. S. T. Jones",
            "Mr. G. R. Telford",
            "Mr. L. Gordon",
            "Mr. J. P. Mastandrea",
            "Ms. S. Ridgway",
            "Mr. M. A. Peterson Mr. T. H. Mau",
            "Mr. R. H. Orcutt"
        ]
    },
    {
        "text": "SEE ATTACHED CORRESPONDENCE REGARDING:",
        "box": [
            207,
            364,
            547,
            380
        ],
        "linking": [
            [
                11,
                12
            ]
        ],
        "label": "answer",
        "words": [
            {
                "text": "SEE",
                "box": [
                    207,
                    365,
                    243,
                    377
                ]
            },
            {
                "text": "ATTACHED",
                "box": [
                    249,
                    364,
                    322,
                    377
                ]
            },
            {
                "text": "CORRESPONDENCE",
                "box": [
                    325,
                    365,
                    454,
                    380
                ]
            },
            {
                "text": "REGARDING:",
                "box": [
                    457,
                    368,
                    547,
                    380
                ]
            }
        ],
        "id": 12,
        "neighbours": [
            "MANUFACTURERS:",
            "4/7/88",
            "COMPETITIVE ACTIVITIES AND PROMOTIONS",
            "REPORTED BY:",
            "R. E. Klein, Regional Sales Manager, Cleveland, OH",
            "SOURCE OF INFORMATION:",
            "Best Cigarette Co., Mentor, OH",
            "R. J. REYNOLDS AND PHILIP MORRIS",
            "TYPE OF PROMOTION:",
            "- R. J. REYNOLDS SPRING DIRECT ACCOUNT INCENTIVE PROGRAM",
            "- Philip Morris- SPECIAL PROMOTIONS ON MAKLBORO AND CAMBRIDGE CIGARETTES",
            "HOW WIDESPREAD?",
            "OTHER COMMENTS:",
            "Mr. J. R. Ave",
            "Mr. T. L. Achey",
            "P. J. McCann",
            "Mr. A. J. Giacoio",
            "Mr. L. H. Kersh",
            "Mr. R. G. Ryan",
            "Mr. P. A. Lawless",
            "Mr. J. E. Daghlian",
            "Mr. R. S. Goldbrenner",
            "Ms. E. R. Harrow",
            "Ms. S. F. Smith",
            "Mr. N. P. Ruffalo",
            "Mr. C. Toti",
            "Dr. S. T. Jones",
            "Mr. G. R. Telford",
            "Mr. L. Gordon",
            "Mr. J. P. Mastandrea",
            "Ms. S. Ridgway",
            "Mr. M. A. Peterson Mr. T. H. Mau",
            "Mr. R. H. Orcutt"
        ]
    },
    {
        "text": "- R. J. REYNOLDS SPRING DIRECT ACCOUNT INCENTIVE PROGRAM",
        "box": [
            187,
            391,
            687,
            409
        ],
        "linking": [
            [
                11,
                13
            ]
        ],
        "label": "answer",
        "words": [
            {
                "text": "-",
                "box": [
                    187,
                    391,
                    202,
                    406
                ]
            },
            {
                "text": "R.",
                "box": [
                    211,
                    392,
                    232,
                    408
                ]
            },
            {
                "text": "J.",
                "box": [
                    235,
                    391,
                    257,
                    406
                ]
            },
            {
                "text": "REYNOLDS",
                "box": [
                    262,
                    392,
                    337,
                    404
                ]
            },
            {
                "text": "SPRING",
                "box": [
                    340,
                    394,
                    400,
                    409
                ]
            },
            {
                "text": "DIRECT",
                "box": [
                    403,
                    391,
                    464,
                    407
                ]
            },
            {
                "text": "ACCOUNT",
                "box": [
                    466,
                    394,
                    532,
                    406
                ]
            },
            {
                "text": "INCENTIVE",
                "box": [
                    537,
                    392,
                    618,
                    408
                ]
            },
            {
                "text": "PROGRAM",
                "box": [
                    618,
                    394,
                    687,
                    409
                ]
            }
        ],
        "id": 13,
        "neighbours": [
            "MANUFACTURERS:",
            "4/7/88",
            "93455715",
            "COMPETITIVE ACTIVITIES AND PROMOTIONS",
            "REPORTED BY:",
            "R. E. Klein, Regional Sales Manager, Cleveland, OH",
            "SOURCE OF INFORMATION:",
            "Best Cigarette Co., Mentor, OH",
            "R. J. REYNOLDS AND PHILIP MORRIS",
            "TYPE OF PROMOTION:",
            "SEE ATTACHED CORRESPONDENCE REGARDING:",
            "- Philip Morris- SPECIAL PROMOTIONS ON MAKLBORO AND CAMBRIDGE CIGARETTES",
            "HOW WIDESPREAD?",
            "OTHER COMMENTS:",
            "Mr. J. R. Ave",
            "Mr. T. L. Achey",
            "P. J. McCann",
            "Mr. A. J. Giacoio",
            "Mr. L. H. Kersh",
            "Mr. R. G. Ryan",
            "Mr. P. A. Lawless",
            "Mr. J. E. Daghlian",
            "Mr. R. S. Goldbrenner",
            "Ms. E. R. Harrow",
            "Ms. S. F. Smith",
            "Mr. N. P. Ruffalo",
            "Mr. C. Toti",
            "Dr. S. T. Jones",
            "Mr. G. R. Telford",
            "Mr. L. Gordon",
            "Mr. J. P. Mastandrea",
            "Ms. S. Ridgway",
            "Mr. M. A. Peterson Mr. T. H. Mau",
            "Mr. R. H. Orcutt"
        ]
    },
    {
        "text": "- Philip Morris- SPECIAL PROMOTIONS ON MAKLBORO AND CAMBRIDGE CIGARETTES",
        "box": [
            187,
            418,
            654,
            466
        ],
        "linking": [
            [
                11,
                14
            ]
        ],
        "label": "answer",
        "words": [
            {
                "text": "-",
                "box": [
                    187,
                    421,
                    200,
                    436
                ]
            },
            {
                "text": "Philip",
                "box": [
                    214,
                    418,
                    268,
                    434
                ]
            },
            {
                "text": "Morris-",
                "box": [
                    271,
                    421,
                    347,
                    439
                ]
            },
            {
                "text": "SPECIAL",
                "box": [
                    355,
                    421,
                    418,
                    436
                ]
            },
            {
                "text": "PROMOTIONS",
                "box": [
                    421,
                    418,
                    514,
                    437
                ]
            },
            {
                "text": "ON",
                "box": [
                    516,
                    421,
                    540,
                    440
                ]
            },
            {
                "text": "MAKLBORO",
                "box": [
                    543,
                    424,
                    616,
                    442
                ]
            },
            {
                "text": "AND",
                "box": [
                    621,
                    424,
                    654,
                    439
                ]
            },
            {
                "text": "CAMBRIDGE",
                "box": [
                    352,
                    451,
                    431,
                    463
                ]
            },
            {
                "text": "CIGARETTES",
                "box": [
                    436,
                    451,
                    529,
                    466
                ]
            }
        ],
        "id": 14,
        "neighbours": [
            "MANUFACTURERS:",
            "4/7/88",
            "93455715",
            "COMPETITIVE ACTIVITIES AND PROMOTIONS",
            "REPORTED BY:",
            "R. E. Klein, Regional Sales Manager, Cleveland, OH",
            "SOURCE OF INFORMATION:",
            "Best Cigarette Co., Mentor, OH",
            "R. J. REYNOLDS AND PHILIP MORRIS",
            "TYPE OF PROMOTION:",
            "SEE ATTACHED CORRESPONDENCE REGARDING:",
            "- R. J. REYNOLDS SPRING DIRECT ACCOUNT INCENTIVE PROGRAM",
            "HOW WIDESPREAD?",
            "OTHER COMMENTS:",
            "Mr. J. R. Ave",
            "Mr. T. L. Achey",
            "P. J. McCann",
            "Mr. A. J. Giacoio",
            "Mr. L. H. Kersh",
            "Mr. R. G. Ryan",
            "Mr. P. A. Lawless",
            "Mr. J. E. Daghlian",
            "Mr. R. S. Goldbrenner",
            "Ms. E. R. Harrow",
            "Ms. S. F. Smith",
            "Mr. N. P. Ruffalo",
            "Mr. C. Toti",
            "Dr. S. T. Jones",
            "Mr. G. R. Telford",
            "Mr. L. Gordon",
            "Mr. J. P. Mastandrea",
            "Ms. S. Ridgway",
            "Mr. M. A. Peterson Mr. T. H. Mau",
            "Mr. R. H. Orcutt"
        ]
    },
    {
        "text": "HOW WIDESPREAD?",
        "box": [
            61,
            485,
            172,
            507
        ],
        "linking": [],
        "label": "question",
        "words": [
            {
                "text": "HOW",
                "box": [
                    61,
                    485,
                    91,
                    504
                ]
            },
            {
                "text": "WIDESPREAD?",
                "box": [
                    90,
                    488,
                    172,
                    507
                ]
            }
        ],
        "id": 15,
        "neighbours": [
            "DATE:",
            "MANUFACTURERS:",
            "4/7/88",
            "cc:",
            "COMPETITIVE ACTIVITIES AND PROMOTIONS",
            "REPORTED BY:",
            "R. E. Klein, Regional Sales Manager, Cleveland, OH",
            "SOURCE OF INFORMATION:",
            "Best Cigarette Co., Mentor, OH",
            "R. J. REYNOLDS AND PHILIP MORRIS",
            "TYPE OF PROMOTION:",
            "SEE ATTACHED CORRESPONDENCE REGARDING:",
            "- R. J. REYNOLDS SPRING DIRECT ACCOUNT INCENTIVE PROGRAM",
            "- Philip Morris- SPECIAL PROMOTIONS ON MAKLBORO AND CAMBRIDGE CIGARETTES",
            "OTHER COMMENTS:",
            "Mr. J. R. Ave",
            "Mr. N. P. Ruffalo",
            "Mr. C. Toti",
            "Dr. S. T. Jones",
            "Mr. G. R. Telford",
            "Mr. L. Gordon",
            "Mr. J. P. Mastandrea",
            "Ms. S. Ridgway",
            "Mr. M. A. Peterson Mr. T. H. Mau",
            "Mr. R. H. Orcutt"
        ]
    },
    {
        "text": "OTHER COMMENTS:",
        "box": [
            60,
            533,
            173,
            552
        ],
        "linking": [],
        "label": "question",
        "words": [
            {
                "text": "OTHER",
                "box": [
                    60,
                    533,
                    106,
                    551
                ]
            },
            {
                "text": "COMMENTS:",
                "box": [
                    106,
                    534,
                    173,
                    552
                ]
            }
        ],
        "id": 16,
        "neighbours": [
            "DATE:",
            "MANUFACTURERS:",
            "4/7/88",
            "cc:",
            "COMPETITIVE ACTIVITIES AND PROMOTIONS",
            "REPORTED BY:",
            "R. E. Klein, Regional Sales Manager, Cleveland, OH",
            "SOURCE OF INFORMATION:",
            "Best Cigarette Co., Mentor, OH",
            "R. J. REYNOLDS AND PHILIP MORRIS",
            "TYPE OF PROMOTION:",
            "SEE ATTACHED CORRESPONDENCE REGARDING:",
            "- R. J. REYNOLDS SPRING DIRECT ACCOUNT INCENTIVE PROGRAM",
            "- Philip Morris- SPECIAL PROMOTIONS ON MAKLBORO AND CAMBRIDGE CIGARETTES",
            "HOW WIDESPREAD?",
            "Mr. J. R. Ave",
            "Mr. N. P. Ruffalo",
            "Mr. C. Toti",
            "Dr. S. T. Jones",
            "Mr. G. R. Telford",
            "Mr. L. Gordon",
            "Mr. J. P. Mastandrea",
            "Ms. S. Ridgway",
            "Mr. M. A. Peterson Mr. T. H. Mau",
            "Mr. R. H. Orcutt"
        ]
    },
    {
        "text": "Mr. J. R. Ave",
        "box": [
            102,
            720,
            202,
            737
        ],
        "linking": [
            [
                4,
                17
            ]
        ],
        "label": "answer",
        "words": [
            {
                "text": "Mr.",
                "box": [
                    102,
                    720,
                    127,
                    736
                ]
            },
            {
                "text": "J.",
                "box": [
                    133,
                    722,
                    148,
                    735
                ]
            },
            {
                "text": "R.",
                "box": [
                    153,
                    723,
                    172,
                    736
                ]
            },
            {
                "text": "Ave",
                "box": [
                    175,
                    722,
                    202,
                    737
                ]
            }
        ],
        "id": 17,
        "neighbours": [
            "DATE:",
            "MANUFACTURERS:",
            "4/7/88",
            "cc:",
            "COMPETITIVE ACTIVITIES AND PROMOTIONS",
            "REPORTED BY:",
            "R. E. Klein, Regional Sales Manager, Cleveland, OH",
            "SOURCE OF INFORMATION:",
            "Best Cigarette Co., Mentor, OH",
            "R. J. REYNOLDS AND PHILIP MORRIS",
            "TYPE OF PROMOTION:",
            "SEE ATTACHED CORRESPONDENCE REGARDING:",
            "- R. J. REYNOLDS SPRING DIRECT ACCOUNT INCENTIVE PROGRAM",
            "- Philip Morris- SPECIAL PROMOTIONS ON MAKLBORO AND CAMBRIDGE CIGARETTES",
            "HOW WIDESPREAD?",
            "OTHER COMMENTS:",
            "Mr. T. L. Achey",
            "P. J. McCann",
            "Mr. A. J. Giacoio",
            "Mr. P. A. Lawless",
            "Mr. R. S. Goldbrenner",
            "Ms. E. R. Harrow",
            "Ms. S. F. Smith",
            "Mr. N. P. Ruffalo",
            "Mr. C. Toti",
            "Dr. S. T. Jones",
            "Mr. G. R. Telford",
            "Mr. L. Gordon",
            "Mr. J. P. Mastandrea",
            "Ms. S. Ridgway",
            "Mr. M. A. Peterson Mr. T. H. Mau",
            "Mr. R. H. Orcutt"
        ]
    },
    {
        "text": "Mr. T. L. Achey",
        "box": [
            283,
            722,
            398,
            740
        ],
        "linking": [
            [
                4,
                18
            ]
        ],
        "label": "answer",
        "words": [
            {
                "text": "Mr.",
                "box": [
                    283,
                    722,
                    307,
                    737
                ]
            },
            {
                "text": "T.",
                "box": [
                    313,
                    725,
                    331,
                    740
                ]
            },
            {
                "text": "L.",
                "box": [
                    334,
                    723,
                    349,
                    738
                ]
            },
            {
                "text": "Achey",
                "box": [
                    353,
                    723,
                    398,
                    738
                ]
            }
        ],
        "id": 18,
        "neighbours": [
            "cc:",
            "COMPETITIVE ACTIVITIES AND PROMOTIONS",
            "SOURCE OF INFORMATION:",
            "Best Cigarette Co., Mentor, OH",
            "R. J. REYNOLDS AND PHILIP MORRIS",
            "SEE ATTACHED CORRESPONDENCE REGARDING:",
            "Mr. J. R. Ave",
            "P. J. McCann",
            "Mr. A. J. Giacoio",
            "Mr. L. H. Kersh",
            "Mr. R. G. Ryan",
            "Mr. P. A. Lawless",
            "Mr. J. E. Daghlian",
            "Mr. R. S. Goldbrenner",
            "Ms. E. R. Harrow",
            "Ms. S. F. Smith",
            "Mr. N. P. Ruffalo",
            "Dr. S. T. Jones",
            "Mr. G. R. Telford",
            "Mr. J. P. Mastandrea",
            "Ms. S. Ridgway",
            "Mr. M. A. Peterson Mr. T. H. Mau",
            "Mr. R. H. Orcutt"
        ]
    },
    {
        "text": "P. J. McCann",
        "box": [
            283,
            737,
            407,
            754
        ],
        "linking": [
            [
                4,
                19
            ]
        ],
        "label": "answer",
        "words": [
            {
                "text": "",
                "box": [
                    283,
                    741,
                    308,
                    753
                ]
            },
            {
                "text": "P.",
                "box": [
                    313,
                    741,
                    328,
                    751
                ]
            },
            {
                "text": "J.",
                "box": [
                    334,
                    737,
                    353,
                    753
                ]
            },
            {
                "text": "McCann",
                "box": [
                    359,
                    741,
                    407,
                    754
                ]
            }
        ],
        "id": 19,
        "neighbours": [
            "cc:",
            "COMPETITIVE ACTIVITIES AND PROMOTIONS",
            "SOURCE OF INFORMATION:",
            "Best Cigarette Co., Mentor, OH",
            "R. J. REYNOLDS AND PHILIP MORRIS",
            "SEE ATTACHED CORRESPONDENCE REGARDING:",
            "Mr. J. R. Ave",
            "Mr. T. L. Achey",
            "Mr. A. J. Giacoio",
            "Mr. L. H. Kersh",
            "Mr. R. G. Ryan",
            "Mr. P. A. Lawless",
            "Mr. J. E. Daghlian",
            "Mr. R. S. Goldbrenner",
            "Ms. E. R. Harrow",
            "Ms. S. F. Smith",
            "Mr. N. P. Ruffalo",
            "Dr. S. T. Jones",
            "Mr. G. R. Telford",
            "Mr. J. P. Mastandrea",
            "Ms. S. Ridgway",
            "Mr. M. A. Peterson Mr. T. H. Mau",
            "Mr. R. H. Orcutt"
        ]
    },
    {
        "text": "Mr. A. J. Giacoio",
        "box": [
            281,
            751,
            413,
            769
        ],
        "linking": [
            [
                4,
                20
            ]
        ],
        "label": "answer",
        "words": [
            {
                "text": "Mr.",
                "box": [
                    281,
                    754,
                    306,
                    767
                ]
            },
            {
                "text": "A.",
                "box": [
                    311,
                    751,
                    329,
                    764
                ]
            },
            {
                "text": "J.",
                "box": [
                    334,
                    753,
                    350,
                    766
                ]
            },
            {
                "text": "Giacoio",
                "box": [
                    356,
                    753,
                    413,
                    769
                ]
            }
        ],
        "id": 20,
        "neighbours": [
            "COMPETITIVE ACTIVITIES AND PROMOTIONS",
            "SOURCE OF INFORMATION:",
            "Best Cigarette Co., Mentor, OH",
            "R. J. REYNOLDS AND PHILIP MORRIS",
            "SEE ATTACHED CORRESPONDENCE REGARDING:",
            "Mr. J. R. Ave",
            "Mr. T. L. Achey",
            "P. J. McCann",
            "Mr. L. H. Kersh",
            "Mr. R. G. Ryan",
            "Mr. P. A. Lawless",
            "Mr. J. E. Daghlian",
            "Mr. R. S. Goldbrenner",
            "Ms. E. R. Harrow",
            "Ms. S. F. Smith",
            "Mr. N. P. Ruffalo",
            "Dr. S. T. Jones",
            "Mr. G. R. Telford",
            "Mr. J. P. Mastandrea",
            "Ms. S. Ridgway",
            "Mr. M. A. Peterson Mr. T. H. Mau",
            "Mr. R. H. Orcutt"
        ]
    },
    {
        "text": "Mr. L. H. Kersh",
        "box": [
            283,
            766,
            395,
            782
        ],
        "linking": [
            [
                4,
                21
            ]
        ],
        "label": "answer",
        "words": [
            {
                "text": "Mr.",
                "box": [
                    283,
                    766,
                    308,
                    782
                ]
            },
            {
                "text": "L.",
                "box": [
                    313,
                    769,
                    331,
                    779
                ]
            },
            {
                "text": "H.",
                "box": [
                    334,
                    768,
                    350,
                    780
                ]
            },
            {
                "text": "Kersh",
                "box": [
                    359,
                    766,
                    395,
                    781
                ]
            }
        ],
        "id": 21,
        "neighbours": [
            "COMPETITIVE ACTIVITIES AND PROMOTIONS",
            "SOURCE OF INFORMATION:",
            "Best Cigarette Co., Mentor, OH",
            "SEE ATTACHED CORRESPONDENCE REGARDING:",
            "Mr. T. L. Achey",
            "P. J. McCann",
            "Mr. A. J. Giacoio",
            "Mr. R. G. Ryan",
            "Mr. P. A. Lawless",
            "Mr. J. E. Daghlian",
            "Mr. R. S. Goldbrenner",
            "Ms. E. R. Harrow",
            "Ms. S. F. Smith",
            "Mr. N. P. Ruffalo",
            "Dr. S. T. Jones",
            "Mr. G. R. Telford",
            "Mr. J. P. Mastandrea",
            "Ms. S. Ridgway",
            "Mr. M. A. Peterson Mr. T. H. Mau",
            "Mr. R. H. Orcutt"
        ]
    },
    {
        "text": "Mr. R. G. Ryan",
        "box": [
            284,
            781,
            389,
            796
        ],
        "linking": [
            [
                4,
                22
            ]
        ],
        "label": "answer",
        "words": [
            {
                "text": "Mr.",
                "box": [
                    284,
                    781,
                    306,
                    794
                ]
            },
            {
                "text": "R.",
                "box": [
                    311,
                    781,
                    329,
                    793
                ]
            },
            {
                "text": "G.",
                "box": [
                    335,
                    784,
                    350,
                    796
                ]
            },
            {
                "text": "Ryan",
                "box": [
                    353,
                    784,
                    389,
                    794
                ]
            }
        ],
        "id": 22,
        "neighbours": [
            "COMPETITIVE ACTIVITIES AND PROMOTIONS",
            "SOURCE OF INFORMATION:",
            "Best Cigarette Co., Mentor, OH",
            "SEE ATTACHED CORRESPONDENCE REGARDING:",
            "Mr. T. L. Achey",
            "P. J. McCann",
            "Mr. A. J. Giacoio",
            "Mr. L. H. Kersh",
            "Mr. P. A. Lawless",
            "Mr. J. E. Daghlian",
            "Mr. R. S. Goldbrenner",
            "Ms. E. R. Harrow",
            "Ms. S. F. Smith",
            "Mr. N. P. Ruffalo",
            "Dr. S. T. Jones",
            "Mr. G. R. Telford",
            "Mr. L. Gordon",
            "Mr. J. P. Mastandrea",
            "Ms. S. Ridgway",
            "Mr. M. A. Peterson Mr. T. H. Mau",
            "Mr. R. H. Orcutt"
        ]
    },
    {
        "text": "Mr. P. A. Lawless",
        "box": [
            281,
            793,
            409,
            811
        ],
        "linking": [
            [
                4,
                23
            ]
        ],
        "label": "answer",
        "words": [
            {
                "text": "Mr.",
                "box": [
                    281,
                    796,
                    305,
                    809
                ]
            },
            {
                "text": "P.",
                "box": [
                    310,
                    793,
                    329,
                    808
                ]
            },
            {
                "text": "A.",
                "box": [
                    334,
                    795,
                    349,
                    808
                ]
            },
            {
                "text": "Lawless",
                "box": [
                    358,
                    796,
                    409,
                    811
                ]
            }
        ],
        "id": 23,
        "neighbours": [
            "93455715",
            "COMPETITIVE ACTIVITIES AND PROMOTIONS",
            "SOURCE OF INFORMATION:",
            "Best Cigarette Co., Mentor, OH",
            "R. J. REYNOLDS AND PHILIP MORRIS",
            "SEE ATTACHED CORRESPONDENCE REGARDING:",
            "Mr. J. R. Ave",
            "Mr. T. L. Achey",
            "P. J. McCann",
            "Mr. A. J. Giacoio",
            "Mr. L. H. Kersh",
            "Mr. R. G. Ryan",
            "Mr. J. E. Daghlian",
            "Mr. R. S. Goldbrenner",
            "Ms. E. R. Harrow",
            "Ms. S. F. Smith",
            "Mr. N. P. Ruffalo",
            "Dr. S. T. Jones",
            "Mr. G. R. Telford",
            "Mr. L. Gordon",
            "Mr. J. P. Mastandrea",
            "Ms. S. Ridgway",
            "Mr. M. A. Peterson Mr. T. H. Mau",
            "Mr. R. H. Orcutt"
        ]
    },
    {
        "text": "Mr. J. E. Daghlian",
        "box": [
            284,
            810,
            418,
            824
        ],
        "linking": [
            [
                4,
                24
            ]
        ],
        "label": "answer",
        "words": [
            {
                "text": "Mr.",
                "box": [
                    284,
                    810,
                    305,
                    823
                ]
            },
            {
                "text": "J.",
                "box": [
                    313,
                    810,
                    328,
                    823
                ]
            },
            {
                "text": "E.",
                "box": [
                    335,
                    811,
                    351,
                    824
                ]
            },
            {
                "text": "Daghlian",
                "box": [
                    364,
                    811,
                    418,
                    824
                ]
            }
        ],
        "id": 24,
        "neighbours": [
            "93455715",
            "COMPETITIVE ACTIVITIES AND PROMOTIONS",
            "SOURCE OF INFORMATION:",
            "Best Cigarette Co., Mentor, OH",
            "R. J. REYNOLDS AND PHILIP MORRIS",
            "SEE ATTACHED CORRESPONDENCE REGARDING:",
            "Mr. T. L. Achey",
            "P. J. McCann",
            "Mr. A. J. Giacoio",
            "Mr. L. H. Kersh",
            "Mr. R. G. Ryan",
            "Mr. P. A. Lawless",
            "Mr. R. S. Goldbrenner",
            "Ms. E. R. Harrow",
            "Ms. S. F. Smith",
            "Mr. N. P. Ruffalo",
            "Dr. S. T. Jones",
            "Mr. G. R. Telford",
            "Mr. L. Gordon",
            "Mr. J. P. Mastandrea",
            "Ms. S. Ridgway",
            "Mr. M. A. Peterson Mr. T. H. Mau",
            "Mr. R. H. Orcutt"
        ]
    },
    {
        "text": "Mr. R. S. Goldbrenner",
        "box": [
            281,
            823,
            436,
            839
        ],
        "linking": [
            [
                4,
                25
            ]
        ],
        "label": "answer",
        "words": [
            {
                "text": "Mr.",
                "box": [
                    281,
                    825,
                    302,
                    837
                ]
            },
            {
                "text": "R.",
                "box": [
                    307,
                    823,
                    328,
                    838
                ]
            },
            {
                "text": "S.",
                "box": [
                    334,
                    823,
                    350,
                    838
                ]
            },
            {
                "text": "Goldbrenner",
                "box": [
                    358,
                    826,
                    436,
                    839
                ]
            }
        ],
        "id": 25,
        "neighbours": [
            "COMPETITIVE ACTIVITIES AND PROMOTIONS",
            "SOURCE OF INFORMATION:",
            "Best Cigarette Co., Mentor, OH",
            "R. J. REYNOLDS AND PHILIP MORRIS",
            "SEE ATTACHED CORRESPONDENCE REGARDING:",
            "Mr. J. R. Ave",
            "Mr. T. L. Achey",
            "P. J. McCann",
            "Mr. A. J. Giacoio",
            "Mr. L. H. Kersh",
            "Mr. R. G. Ryan",
            "Mr. P. A. Lawless",
            "Mr. J. E. Daghlian",
            "Ms. E. R. Harrow",
            "Ms. S. F. Smith",
            "Mr. N. P. Ruffalo",
            "Mr. C. Toti",
            "Dr. S. T. Jones",
            "Mr. G. R. Telford",
            "Mr. L. Gordon",
            "Mr. J. P. Mastandrea",
            "Ms. S. Ridgway",
            "Mr. M. A. Peterson Mr. T. H. Mau",
            "Mr. R. H. Orcutt"
        ]
    },
    {
        "text": "Ms. E. R. Harrow",
        "box": [
            281,
            837,
            404,
            853
        ],
        "linking": [
            [
                4,
                26
            ]
        ],
        "label": "answer",
        "words": [
            {
                "text": "Ms.",
                "box": [
                    281,
                    840,
                    306,
                    853
                ]
            },
            {
                "text": "E.",
                "box": [
                    311,
                    838,
                    329,
                    851
                ]
            },
            {
                "text": "R.",
                "box": [
                    334,
                    837,
                    347,
                    853
                ]
            },
            {
                "text": "Harrow",
                "box": [
                    355,
                    840,
                    404,
                    853
                ]
            }
        ],
        "id": 26,
        "neighbours": [
            "COMPETITIVE ACTIVITIES AND PROMOTIONS",
            "SOURCE OF INFORMATION:",
            "Best Cigarette Co., Mentor, OH",
            "R. J. REYNOLDS AND PHILIP MORRIS",
            "SEE ATTACHED CORRESPONDENCE REGARDING:",
            "Mr. J. R. Ave",
            "Mr. T. L. Achey",
            "P. J. McCann",
            "Mr. A. J. Giacoio",
            "Mr. L. H. Kersh",
            "Mr. R. G. Ryan",
            "Mr. P. A. Lawless",
            "Mr. J. E. Daghlian",
            "Mr. R. S. Goldbrenner",
            "Ms. S. F. Smith",
            "Mr. N. P. Ruffalo",
            "Mr. C. Toti",
            "Dr. S. T. Jones",
            "Mr. G. R. Telford",
            "Mr. J. P. Mastandrea",
            "Ms. S. Ridgway",
            "Mr. M. A. Peterson Mr. T. H. Mau",
            "Mr. R. H. Orcutt"
        ]
    },
    {
        "text": "Ms. S. F. Smith",
        "box": [
            278,
            850,
            396,
            866
        ],
        "linking": [
            [
                4,
                27
            ]
        ],
        "label": "answer",
        "words": [
            {
                "text": "Ms.",
                "box": [
                    278,
                    853,
                    305,
                    866
                ]
            },
            {
                "text": "S.",
                "box": [
                    311,
                    853,
                    326,
                    866
                ]
            },
            {
                "text": "F.",
                "box": [
                    332,
                    850,
                    350,
                    866
                ]
            },
            {
                "text": "Smith",
                "box": [
                    356,
                    853,
                    396,
                    866
                ]
            }
        ],
        "id": 27,
        "neighbours": [
            "COMPETITIVE ACTIVITIES AND PROMOTIONS",
            "SOURCE OF INFORMATION:",
            "Best Cigarette Co., Mentor, OH",
            "SEE ATTACHED CORRESPONDENCE REGARDING:",
            "Mr. J. R. Ave",
            "Mr. T. L. Achey",
            "P. J. McCann",
            "Mr. A. J. Giacoio",
            "Mr. L. H. Kersh",
            "Mr. R. G. Ryan",
            "Mr. P. A. Lawless",
            "Mr. J. E. Daghlian",
            "Mr. R. S. Goldbrenner",
            "Ms. E. R. Harrow",
            "Mr. N. P. Ruffalo",
            "Mr. C. Toti",
            "Dr. S. T. Jones",
            "Mr. G. R. Telford",
            "Mr. L. Gordon",
            "Mr. J. P. Mastandrea",
            "Ms. S. Ridgway",
            "Mr. M. A. Peterson Mr. T. H. Mau",
            "Mr. R. H. Orcutt"
        ]
    },
    {
        "text": "Mr. N. P. Ruffalo",
        "box": [
            100,
            862,
            228,
            878
        ],
        "linking": [
            [
                4,
                28
            ]
        ],
        "label": "answer",
        "words": [
            {
                "text": "Mr.",
                "box": [
                    100,
                    862,
                    125,
                    877
                ]
            },
            {
                "text": "N.",
                "box": [
                    129,
                    865,
                    145,
                    877
                ]
            },
            {
                "text": "P.",
                "box": [
                    148,
                    862,
                    169,
                    878
                ]
            },
            {
                "text": "Ruffalo",
                "box": [
                    174,
                    865,
                    228,
                    878
                ]
            }
        ],
        "id": 28,
        "neighbours": [
            "DATE:",
            "MANUFACTURERS:",
            "4/7/88",
            "cc:",
            "COMPETITIVE ACTIVITIES AND PROMOTIONS",
            "REPORTED BY:",
            "R. E. Klein, Regional Sales Manager, Cleveland, OH",
            "SOURCE OF INFORMATION:",
            "Best Cigarette Co., Mentor, OH",
            "R. J. REYNOLDS AND PHILIP MORRIS",
            "TYPE OF PROMOTION:",
            "SEE ATTACHED CORRESPONDENCE REGARDING:",
            "- R. J. REYNOLDS SPRING DIRECT ACCOUNT INCENTIVE PROGRAM",
            "- Philip Morris- SPECIAL PROMOTIONS ON MAKLBORO AND CAMBRIDGE CIGARETTES",
            "HOW WIDESPREAD?",
            "OTHER COMMENTS:",
            "Mr. J. R. Ave",
            "Mr. T. L. Achey",
            "P. J. McCann",
            "Mr. A. J. Giacoio",
            "Mr. L. H. Kersh",
            "Mr. R. G. Ryan",
            "Mr. P. A. Lawless",
            "Mr. J. E. Daghlian",
            "Mr. R. S. Goldbrenner",
            "Ms. E. R. Harrow",
            "Ms. S. F. Smith",
            "Mr. C. Toti",
            "Dr. S. T. Jones",
            "Mr. G. R. Telford",
            "Mr. L. Gordon",
            "Mr. J. P. Mastandrea",
            "Ms. S. Ridgway",
            "Mr. M. A. Peterson Mr. T. H. Mau",
            "Mr. R. H. Orcutt"
        ]
    },
    {
        "text": "Mr. C. Toti",
        "box": [
            102,
            847,
            183,
            867
        ],
        "linking": [
            [
                4,
                29
            ]
        ],
        "label": "answer",
        "words": [
            {
                "text": "Mr.",
                "box": [
                    102,
                    847,
                    124,
                    862
                ]
            },
            {
                "text": "C.",
                "box": [
                    127,
                    849,
                    145,
                    861
                ]
            },
            {
                "text": "Toti",
                "box": [
                    150,
                    849,
                    183,
                    867
                ]
            }
        ],
        "id": 29,
        "neighbours": [
            "DATE:",
            "MANUFACTURERS:",
            "4/7/88",
            "cc:",
            "COMPETITIVE ACTIVITIES AND PROMOTIONS",
            "REPORTED BY:",
            "R. E. Klein, Regional Sales Manager, Cleveland, OH",
            "SOURCE OF INFORMATION:",
            "Best Cigarette Co., Mentor, OH",
            "R. J. REYNOLDS AND PHILIP MORRIS",
            "TYPE OF PROMOTION:",
            "SEE ATTACHED CORRESPONDENCE REGARDING:",
            "- R. J. REYNOLDS SPRING DIRECT ACCOUNT INCENTIVE PROGRAM",
            "- Philip Morris- SPECIAL PROMOTIONS ON MAKLBORO AND CAMBRIDGE CIGARETTES",
            "HOW WIDESPREAD?",
            "OTHER COMMENTS:",
            "Mr. J. R. Ave",
            "Mr. R. S. Goldbrenner",
            "Ms. E. R. Harrow",
            "Ms. S. F. Smith",
            "Mr. N. P. Ruffalo",
            "Dr. S. T. Jones",
            "Mr. G. R. Telford",
            "Mr. L. Gordon",
            "Mr. J. P. Mastandrea",
            "Ms. S. Ridgway",
            "Mr. M. A. Peterson Mr. T. H. Mau",
            "Mr. R. H. Orcutt"
        ]
    },
    {
        "text": "Dr. S. T. Jones",
        "box": [
            100,
            835,
            213,
            850
        ],
        "linking": [
            [
                4,
                30
            ]
        ],
        "label": "answer",
        "words": [
            {
                "text": "Dr.",
                "box": [
                    100,
                    835,
                    124,
                    845
                ]
            },
            {
                "text": "S.",
                "box": [
                    127,
                    837,
                    145,
                    850
                ]
            },
            {
                "text": "T.",
                "box": [
                    151,
                    837,
                    169,
                    850
                ]
            },
            {
                "text": "Jones",
                "box": [
                    174,
                    838,
                    213,
                    848
                ]
            }
        ],
        "id": 30,
        "neighbours": [
            "DATE:",
            "MANUFACTURERS:",
            "4/7/88",
            "cc:",
            "COMPETITIVE ACTIVITIES AND PROMOTIONS",
            "REPORTED BY:",
            "R. E. Klein, Regional Sales Manager, Cleveland, OH",
            "SOURCE OF INFORMATION:",
            "Best Cigarette Co., Mentor, OH",
            "R. J. REYNOLDS AND PHILIP MORRIS",
            "TYPE OF PROMOTION:",
            "SEE ATTACHED CORRESPONDENCE REGARDING:",
            "- R. J. REYNOLDS SPRING DIRECT ACCOUNT INCENTIVE PROGRAM",
            "- Philip Morris- SPECIAL PROMOTIONS ON MAKLBORO AND CAMBRIDGE CIGARETTES",
            "HOW WIDESPREAD?",
            "OTHER COMMENTS:",
            "Mr. J. R. Ave",
            "Mr. T. L. Achey",
            "P. J. McCann",
            "Mr. A. J. Giacoio",
            "Mr. L. H. Kersh",
            "Mr. R. G. Ryan",
            "Mr. P. A. Lawless",
            "Mr. J. E. Daghlian",
            "Mr. R. S. Goldbrenner",
            "Ms. E. R. Harrow",
            "Ms. S. F. Smith",
            "Mr. N. P. Ruffalo",
            "Mr. C. Toti",
            "Mr. G. R. Telford",
            "Mr. L. Gordon",
            "Mr. J. P. Mastandrea",
            "Ms. S. Ridgway",
            "Mr. M. A. Peterson Mr. T. H. Mau",
            "Mr. R. H. Orcutt"
        ]
    },
    {
        "text": "Mr. G. R. Telford",
        "box": [
            100,
            820,
            230,
            837
        ],
        "linking": [
            [
                4,
                31
            ]
        ],
        "label": "answer",
        "words": [
            {
                "text": "Mr.",
                "box": [
                    100,
                    820,
                    124,
                    832
                ]
            },
            {
                "text": "G.",
                "box": [
                    129,
                    820,
                    145,
                    833
                ]
            },
            {
                "text": "R.",
                "box": [
                    151,
                    822,
                    169,
                    834
                ]
            },
            {
                "text": "Telford",
                "box": [
                    175,
                    822,
                    230,
                    837
                ]
            }
        ],
        "id": 31,
        "neighbours": [
            "DATE:",
            "MANUFACTURERS:",
            "4/7/88",
            "93455715",
            "cc:",
            "COMPETITIVE ACTIVITIES AND PROMOTIONS",
            "REPORTED BY:",
            "R. E. Klein, Regional Sales Manager, Cleveland, OH",
            "SOURCE OF INFORMATION:",
            "Best Cigarette Co., Mentor, OH",
            "R. J. REYNOLDS AND PHILIP MORRIS",
            "TYPE OF PROMOTION:",
            "SEE ATTACHED CORRESPONDENCE REGARDING:",
            "- R. J. REYNOLDS SPRING DIRECT ACCOUNT INCENTIVE PROGRAM",
            "- Philip Morris- SPECIAL PROMOTIONS ON MAKLBORO AND CAMBRIDGE CIGARETTES",
            "HOW WIDESPREAD?",
            "OTHER COMMENTS:",
            "Mr. J. R. Ave",
            "Mr. T. L. Achey",
            "P. J. McCann",
            "Mr. A. J. Giacoio",
            "Mr. L. H. Kersh",
            "Mr. R. G. Ryan",
            "Mr. P. A. Lawless",
            "Mr. J. E. Daghlian",
            "Mr. R. S. Goldbrenner",
            "Ms. E. R. Harrow",
            "Ms. S. F. Smith",
            "Mr. N. P. Ruffalo",
            "Mr. C. Toti",
            "Dr. S. T. Jones",
            "Mr. L. Gordon",
            "Mr. J. P. Mastandrea",
            "Ms. S. Ridgway",
            "Mr. M. A. Peterson Mr. T. H. Mau",
            "Mr. R. H. Orcutt"
        ]
    },
    {
        "text": "Mr. L. Gordon",
        "box": [
            102,
            805,
            201,
            823
        ],
        "linking": [
            [
                4,
                32
            ]
        ],
        "label": "answer",
        "words": [
            {
                "text": "Mr.",
                "box": [
                    102,
                    805,
                    124,
                    818
                ]
            },
            {
                "text": "L.",
                "box": [
                    129,
                    807,
                    150,
                    823
                ]
            },
            {
                "text": "Gordon",
                "box": [
                    153,
                    807,
                    201,
                    820
                ]
            }
        ],
        "id": 32,
        "neighbours": [
            "DATE:",
            "MANUFACTURERS:",
            "4/7/88",
            "93455715",
            "cc:",
            "COMPETITIVE ACTIVITIES AND PROMOTIONS",
            "REPORTED BY:",
            "R. E. Klein, Regional Sales Manager, Cleveland, OH",
            "SOURCE OF INFORMATION:",
            "Best Cigarette Co., Mentor, OH",
            "R. J. REYNOLDS AND PHILIP MORRIS",
            "TYPE OF PROMOTION:",
            "SEE ATTACHED CORRESPONDENCE REGARDING:",
            "- R. J. REYNOLDS SPRING DIRECT ACCOUNT INCENTIVE PROGRAM",
            "- Philip Morris- SPECIAL PROMOTIONS ON MAKLBORO AND CAMBRIDGE CIGARETTES",
            "HOW WIDESPREAD?",
            "OTHER COMMENTS:",
            "Mr. J. R. Ave",
            "Mr. R. G. Ryan",
            "Mr. P. A. Lawless",
            "Mr. J. E. Daghlian",
            "Mr. R. S. Goldbrenner",
            "Ms. S. F. Smith",
            "Mr. N. P. Ruffalo",
            "Mr. C. Toti",
            "Dr. S. T. Jones",
            "Mr. G. R. Telford",
            "Mr. J. P. Mastandrea",
            "Ms. S. Ridgway",
            "Mr. M. A. Peterson Mr. T. H. Mau",
            "Mr. R. H. Orcutt"
        ]
    },
    {
        "text": "Mr. J. P. Mastandrea",
        "box": [
            103,
            793,
            253,
            808
        ],
        "linking": [
            [
                4,
                33
            ]
        ],
        "label": "answer",
        "words": [
            {
                "text": "Mr.",
                "box": [
                    103,
                    793,
                    124,
                    805
                ]
            },
            {
                "text": "J.",
                "box": [
                    130,
                    795,
                    149,
                    807
                ]
            },
            {
                "text": "P.",
                "box": [
                    153,
                    795,
                    169,
                    808
                ]
            },
            {
                "text": "Mastandrea",
                "box": [
                    174,
                    795,
                    253,
                    808
                ]
            }
        ],
        "id": 33,
        "neighbours": [
            "DATE:",
            "MANUFACTURERS:",
            "4/7/88",
            "93455715",
            "cc:",
            "COMPETITIVE ACTIVITIES AND PROMOTIONS",
            "REPORTED BY:",
            "R. E. Klein, Regional Sales Manager, Cleveland, OH",
            "SOURCE OF INFORMATION:",
            "Best Cigarette Co., Mentor, OH",
            "R. J. REYNOLDS AND PHILIP MORRIS",
            "TYPE OF PROMOTION:",
            "SEE ATTACHED CORRESPONDENCE REGARDING:",
            "- R. J. REYNOLDS SPRING DIRECT ACCOUNT INCENTIVE PROGRAM",
            "- Philip Morris- SPECIAL PROMOTIONS ON MAKLBORO AND CAMBRIDGE CIGARETTES",
            "HOW WIDESPREAD?",
            "OTHER COMMENTS:",
            "Mr. J. R. Ave",
            "Mr. T. L. Achey",
            "P. J. McCann",
            "Mr. A. J. Giacoio",
            "Mr. L. H. Kersh",
            "Mr. R. G. Ryan",
            "Mr. P. A. Lawless",
            "Mr. J. E. Daghlian",
            "Mr. R. S. Goldbrenner",
            "Ms. E. R. Harrow",
            "Ms. S. F. Smith",
            "Mr. N. P. Ruffalo",
            "Mr. C. Toti",
            "Dr. S. T. Jones",
            "Mr. G. R. Telford",
            "Mr. L. Gordon",
            "Ms. S. Ridgway",
            "Mr. M. A. Peterson Mr. T. H. Mau",
            "Mr. R. H. Orcutt"
        ]
    },
    {
        "text": "Ms. S. Ridgway",
        "box": [
            102,
            778,
            208,
            792
        ],
        "linking": [
            [
                4,
                34
            ]
        ],
        "label": "answer",
        "words": [
            {
                "text": "Ms.",
                "box": [
                    102,
                    778,
                    127,
                    791
                ]
            },
            {
                "text": "S.",
                "box": [
                    130,
                    780,
                    148,
                    792
                ]
            },
            {
                "text": "Ridgway",
                "box": [
                    154,
                    781,
                    208,
                    791
                ]
            }
        ],
        "id": 34,
        "neighbours": [
            "DATE:",
            "MANUFACTURERS:",
            "4/7/88",
            "cc:",
            "COMPETITIVE ACTIVITIES AND PROMOTIONS",
            "REPORTED BY:",
            "R. E. Klein, Regional Sales Manager, Cleveland, OH",
            "SOURCE OF INFORMATION:",
            "Best Cigarette Co., Mentor, OH",
            "R. J. REYNOLDS AND PHILIP MORRIS",
            "TYPE OF PROMOTION:",
            "SEE ATTACHED CORRESPONDENCE REGARDING:",
            "- R. J. REYNOLDS SPRING DIRECT ACCOUNT INCENTIVE PROGRAM",
            "- Philip Morris- SPECIAL PROMOTIONS ON MAKLBORO AND CAMBRIDGE CIGARETTES",
            "HOW WIDESPREAD?",
            "OTHER COMMENTS:",
            "Mr. J. R. Ave",
            "Mr. T. L. Achey",
            "P. J. McCann",
            "Mr. A. J. Giacoio",
            "Mr. L. H. Kersh",
            "Mr. R. G. Ryan",
            "Mr. P. A. Lawless",
            "Mr. J. E. Daghlian",
            "Mr. R. S. Goldbrenner",
            "Ms. E. R. Harrow",
            "Ms. S. F. Smith",
            "Mr. N. P. Ruffalo",
            "Mr. C. Toti",
            "Dr. S. T. Jones",
            "Mr. G. R. Telford",
            "Mr. L. Gordon",
            "Mr. J. P. Mastandrea",
            "Mr. M. A. Peterson Mr. T. H. Mau",
            "Mr. R. H. Orcutt"
        ]
    },
    {
        "text": "Mr. M. A. Peterson Mr. T. H. Mau",
        "box": [
            100,
            750,
            237,
            779
        ],
        "linking": [
            [
                4,
                35
            ]
        ],
        "label": "answer",
        "words": [
            {
                "text": "Mr.",
                "box": [
                    100,
                    750,
                    127,
                    763
                ]
            },
            {
                "text": "M.",
                "box": [
                    132,
                    751,
                    147,
                    763
                ]
            },
            {
                "text": "A.",
                "box": [
                    151,
                    750,
                    170,
                    765
                ]
            },
            {
                "text": "Peterson",
                "box": [
                    177,
                    753,
                    237,
                    766
                ]
            },
            {
                "text": "Mr.",
                "box": [
                    103,
                    763,
                    127,
                    776
                ]
            },
            {
                "text": "T.",
                "box": [
                    132,
                    763,
                    148,
                    778
                ]
            },
            {
                "text": "H.",
                "box": [
                    153,
                    763,
                    171,
                    779
                ]
            },
            {
                "text": "Mau",
                "box": [
                    174,
                    763,
                    204,
                    778
                ]
            }
        ],
        "id": 35,
        "neighbours": [
            "DATE:",
            "MANUFACTURERS:",
            "4/7/88",
            "cc:",
            "COMPETITIVE ACTIVITIES AND PROMOTIONS",
            "REPORTED BY:",
            "R. E. Klein, Regional Sales Manager, Cleveland, OH",
            "SOURCE OF INFORMATION:",
            "Best Cigarette Co., Mentor, OH",
            "R. J. REYNOLDS AND PHILIP MORRIS",
            "TYPE OF PROMOTION:",
            "SEE ATTACHED CORRESPONDENCE REGARDING:",
            "- R. J. REYNOLDS SPRING DIRECT ACCOUNT INCENTIVE PROGRAM",
            "- Philip Morris- SPECIAL PROMOTIONS ON MAKLBORO AND CAMBRIDGE CIGARETTES",
            "HOW WIDESPREAD?",
            "OTHER COMMENTS:",
            "Mr. J. R. Ave",
            "Mr. T. L. Achey",
            "P. J. McCann",
            "Mr. A. J. Giacoio",
            "Mr. L. H. Kersh",
            "Mr. R. G. Ryan",
            "Mr. P. A. Lawless",
            "Mr. J. E. Daghlian",
            "Mr. R. S. Goldbrenner",
            "Ms. E. R. Harrow",
            "Ms. S. F. Smith",
            "Mr. N. P. Ruffalo",
            "Mr. C. Toti",
            "Dr. S. T. Jones",
            "Mr. G. R. Telford",
            "Mr. L. Gordon",
            "Mr. J. P. Mastandrea",
            "Ms. S. Ridgway",
            "Mr. R. H. Orcutt"
        ]
    },
    {
        "text": "Mr. R. H. Orcutt",
        "box": [
            100,
            737,
            223,
            750
        ],
        "linking": [
            [
                4,
                36
            ]
        ],
        "label": "answer",
        "words": [
            {
                "text": "Mr.",
                "box": [
                    100,
                    737,
                    125,
                    750
                ]
            },
            {
                "text": "R.",
                "box": [
                    130,
                    737,
                    149,
                    750
                ]
            },
            {
                "text": "H.",
                "box": [
                    153,
                    737,
                    171,
                    750
                ]
            },
            {
                "text": "Orcutt",
                "box": [
                    177,
                    737,
                    223,
                    750
                ]
            }
        ],
        "id": 36,
        "neighbours": [
            "DATE:",
            "MANUFACTURERS:",
            "4/7/88",
            "cc:",
            "COMPETITIVE ACTIVITIES AND PROMOTIONS",
            "REPORTED BY:",
            "R. E. Klein, Regional Sales Manager, Cleveland, OH",
            "SOURCE OF INFORMATION:",
            "Best Cigarette Co., Mentor, OH",
            "R. J. REYNOLDS AND PHILIP MORRIS",
            "TYPE OF PROMOTION:",
            "SEE ATTACHED CORRESPONDENCE REGARDING:",
            "- R. J. REYNOLDS SPRING DIRECT ACCOUNT INCENTIVE PROGRAM",
            "- Philip Morris- SPECIAL PROMOTIONS ON MAKLBORO AND CAMBRIDGE CIGARETTES",
            "HOW WIDESPREAD?",
            "OTHER COMMENTS:",
            "Mr. J. R. Ave",
            "Mr. T. L. Achey",
            "P. J. McCann",
            "Mr. A. J. Giacoio",
            "Mr. L. H. Kersh",
            "Mr. R. G. Ryan",
            "Mr. P. A. Lawless",
            "Mr. J. E. Daghlian",
            "Mr. R. S. Goldbrenner",
            "Ms. E. R. Harrow",
            "Ms. S. F. Smith",
            "Mr. N. P. Ruffalo",
            "Mr. C. Toti",
            "Dr. S. T. Jones",
            "Mr. G. R. Telford",
            "Mr. L. Gordon",
            "Mr. J. P. Mastandrea",
            "Ms. S. Ridgway",
            "Mr. M. A. Peterson Mr. T. H. Mau"
        ]
    }
]